metric,node,pod,namespace,container,timestamp,value
cpu_rate,minikube,kube-proxy-fshvh,kube-system,/kubepods/besteffort/pod2f4efb93-ee48-4c37-b1e1-6f2e54a917c7,1780923146,0.000446788547107741
cpu_rate,minikube,monitoring-kube-state-metrics-868694bc4b-689cm,monitoring,/kubepods/besteffort/pod59c52cc8-67e3-4946-aac6-7ff0ef74285f,1780923146,0.0009939132593484732
cpu_rate,minikube,prometheus-monitoring-kube-prometheus-prometheus-0,monitoring,/kubepods/besteffort/pod6bff50b8-f988-4ff2-a8c1-8f95f2c25189,1780923146,0.012033830845771405
cpu_rate,minikube,storage-provisioner,kube-system,/kubepods/besteffort/pod9bffcac8-a0cd-49a4-ad59-cdbf60a579cb,1780923146,0.0016364674277668586
cpu_rate,minikube,monitoring-grafana-6f66955c48-hlrcn,monitoring,/kubepods/besteffort/pod9d3fe3f0-8989-47b4-8478-0ae7be66df8d,1780923146,0.010611245350721943
cpu_rate,minikube,chaos-daemon-n6ghj,chaos-testing,/kubepods/besteffort/poda051be83-a7cd-43e4-83d3-76f3c90e8474,1780923146,4.831891251033679e-05
cpu_rate,minikube,monitoring-kube-prometheus-operator-556b56cc6d-n6dg9,monitoring,/kubepods/besteffort/podc8122519-a592-495f-9353-00a2f23fdf80,1780923146,0.002687834594794171
cpu_rate,minikube,monitoring-prometheus-node-exporter-pdw8p,monitoring,/kubepods/besteffort/podd35abb3b-34f0-40fa-af55-3ab246fc64c8,1780923146,0.0011158031063592832
cpu_rate,minikube,kube-scheduler-minikube,kube-system,/kubepods/burstable/pod1c7123a121598343200ffd5b015ca580,1780923146,0.004536635521872021
cpu_rate,minikube,shippingservice-55656785c7-lk4mx,boutique,/kubepods/burstable/pod1df51271-c9ea-47fa-8fb2-cf15bbc7c216,1780923146,0.0008299980998669842
cpu_rate,minikube,chaos-controller-manager-659785674d-29q42,chaos-testing,/kubepods/burstable/pod21ab858c-cee8-438c-8682-c786dc3dc044,1780923146,0.0008139333852704703
cpu_rate,minikube,chaos-controller-manager-659785674d-fjb2r,chaos-testing,/kubepods/burstable/pod2569141a-4d05-422e-bcf2-2f01e2f5056d,1780923146,0.0052002463604769525
cpu_rate,minikube,coredns-7d764666f9-hxxb8,kube-system,/kubepods/burstable/pod596c18fb-891c-4e87-9b11-83d99dd6d264,1780923146,0.0020183561896811404
cpu_rate,minikube,recommendationservice-6f8f67d69-fhrns,boutique,/kubepods/burstable/pod5ded7b1a-44d9-4178-8596-57a9e25f6171,1780923146,0.005234210071031205
cpu_rate,minikube,etcd-minikube,kube-system,/kubepods/burstable/pod5ff8e3b06bbaa8cb7ebc2bf531e48a2f,1780923146,0.02729027157924203
cpu_rate,minikube,emailservice-7466dc585-sv4wh,boutique,/kubepods/burstable/pod6116940a-da83-4761-97dc-892a207b789e,1780923146,0.0015615913685729731
cpu_rate,minikube,cartservice-546c548494-cb4lb,boutique,/kubepods/burstable/pod6ec732c5-cf34-4e25-a3ce-ff4b44ce8d19,1780923146,0.0035728029133881515
cpu_rate,minikube,kube-controller-manager-minikube,kube-system,/kubepods/burstable/pod740363cf4388c2d0df59fc97f96b889c,1780923146,0.013759171653247446
cpu_rate,minikube,chaos-dashboard-5b77585c6c-zm7f4,chaos-testing,/kubepods/burstable/pod7d3e8284-7c72-4577-a8fb-79d957f69104,1780923146,0.0024453587353060764
cpu_rate,minikube,chaos-dns-server-6bccb5bb76-gscmn,chaos-testing,/kubepods/burstable/pod8a82a436-ef3f-4750-8f39-dbfde680d0b8,1780923146,0.002160418107292888
cpu_rate,minikube,coredns-7d764666f9-gmlgd,kube-system,/kubepods/burstable/pod9289fad3-6e91-4617-b97d-6da4631c2f35,1780923146,0.0019849428022594828
cpu_rate,minikube,adservice-8576649cff-5bvst,boutique,/kubepods/burstable/pod9d685cd3-17df-43af-a26e-7743c006902d,1780923146,0.0013012659922489464
cpu_rate,minikube,kube-apiserver-minikube,kube-system,/kubepods/burstable/poda6dc00f40d27725f15407f95751ce5f7,1780923146,0.05730711908042376
cpu_rate,minikube,alertmanager-monitoring-kube-prometheus-alertmanager-0,monitoring,/kubepods/burstable/podb5fde93f-2f9a-427f-aa16-8a257f179975,1780923146,0.0006445691215633215
cpu_rate,minikube,currencyservice-fd8f5dfb7-js8gr,boutique,/kubepods/burstable/podc827ec2d-8a9d-4e1c-8017-62c3901eccb4,1780923146,0.007283577300982199
cpu_rate,minikube,redis-cart-6899b65948-ms767,boutique,/kubepods/burstable/podd425db0f-53f9-4bec-9ee1-49e4ced03bb6,1780923146,0.0020099302925108385
cpu_rate,minikube,chaos-controller-manager-659785674d-wbwg8,chaos-testing,/kubepods/burstable/podd7abbfc2-2af5-4b28-b438-3ebef4bafcce,1780923146,0.000769693665521433
cpu_rate,minikube,paymentservice-6b76dfb449-n8mm2,boutique,/kubepods/burstable/podd9986049-5066-4a99-a156-0bc7b2391961,1780923146,0.0006246045255643483
cpu_rate,minikube,checkoutservice-75b9cd684f-vzdsz,boutique,/kubepods/burstable/pod5827d8c7-6a98-4352-9825-164648474ddc,1780923146,0.0005768724271301058
cpu_rate,minikube,frontend-694b9f76cd-z2pk6,boutique,/kubepods/burstable/podcf6049c2-3667-4622-87ba-b06efa553d48,1780923146,0.011615145326998935
cpu_rate,minikube,productcatalogservice-fb49fc9cc-wptz6,boutique,/kubepods/burstable/pode9d4586d-6739-497d-ae8d-4fd70972eea8,1780923146,0.0053531951795164085
cpu_rate,minikube,loadgenerator-7694cd65db-bdz8c,boutique,/kubepods/burstable/pod38d6ef8e-d456-4bd4-95a0-ea6760631a9d,1780923146,0.003042587838614489
memory_working_set,minikube,kube-proxy-fshvh,kube-system,/kubepods/besteffort/pod2f4efb93-ee48-4c37-b1e1-6f2e54a917c7,1780923146,38039552.0
memory_working_set,minikube,monitoring-kube-state-metrics-868694bc4b-689cm,monitoring,/kubepods/besteffort/pod59c52cc8-67e3-4946-aac6-7ff0ef74285f,1780923146,38400000.0
memory_working_set,minikube,prometheus-monitoring-kube-prometheus-prometheus-0,monitoring,/kubepods/besteffort/pod6bff50b8-f988-4ff2-a8c1-8f95f2c25189,1780923146,317263872.0
memory_working_set,minikube,storage-provisioner,kube-system,/kubepods/besteffort/pod9bffcac8-a0cd-49a4-ad59-cdbf60a579cb,1780923146,20447232.0
memory_working_set,minikube,monitoring-grafana-6f66955c48-hlrcn,monitoring,/kubepods/besteffort/pod9d3fe3f0-8989-47b4-8478-0ae7be66df8d,1780923146,402227200.0
memory_working_set,minikube,chaos-daemon-n6ghj,chaos-testing,/kubepods/besteffort/poda051be83-a7cd-43e4-83d3-76f3c90e8474,1780923146,18931712.0
memory_working_set,minikube,monitoring-kube-prometheus-operator-556b56cc6d-n6dg9,monitoring,/kubepods/besteffort/podc8122519-a592-495f-9353-00a2f23fdf80,1780923146,40411136.0
memory_working_set,minikube,monitoring-prometheus-node-exporter-pdw8p,monitoring,/kubepods/besteffort/podd35abb3b-34f0-40fa-af55-3ab246fc64c8,1780923146,18313216.0
memory_working_set,minikube,kube-scheduler-minikube,kube-system,/kubepods/burstable/pod1c7123a121598343200ffd5b015ca580,1780923146,40361984.0
memory_working_set,minikube,shippingservice-55656785c7-lk4mx,boutique,/kubepods/burstable/pod1df51271-c9ea-47fa-8fb2-cf15bbc7c216,1780923146,15220736.0
memory_working_set,minikube,chaos-controller-manager-659785674d-29q42,chaos-testing,/kubepods/burstable/pod21ab858c-cee8-438c-8682-c786dc3dc044,1780923146,29446144.0
memory_working_set,minikube,chaos-controller-manager-659785674d-fjb2r,chaos-testing,/kubepods/burstable/pod2569141a-4d05-422e-bcf2-2f01e2f5056d,1780923146,36433920.0
memory_working_set,minikube,coredns-7d764666f9-hxxb8,kube-system,/kubepods/burstable/pod596c18fb-891c-4e87-9b11-83d99dd6d264,1780923146,39895040.0
memory_working_set,minikube,recommendationservice-6f8f67d69-fhrns,boutique,/kubepods/burstable/pod5ded7b1a-44d9-4178-8596-57a9e25f6171,1780923146,57749504.0
memory_working_set,minikube,etcd-minikube,kube-system,/kubepods/burstable/pod5ff8e3b06bbaa8cb7ebc2bf531e48a2f,1780923146,88391680.0
memory_working_set,minikube,emailservice-7466dc585-sv4wh,boutique,/kubepods/burstable/pod6116940a-da83-4761-97dc-892a207b789e,1780923146,53563392.0
memory_working_set,minikube,cartservice-546c548494-cb4lb,boutique,/kubepods/burstable/pod6ec732c5-cf34-4e25-a3ce-ff4b44ce8d19,1780923146,71237632.0
memory_working_set,minikube,kube-controller-manager-minikube,kube-system,/kubepods/burstable/pod740363cf4388c2d0df59fc97f96b889c,1780923146,95723520.0
memory_working_set,minikube,chaos-dashboard-5b77585c6c-zm7f4,chaos-testing,/kubepods/burstable/pod7d3e8284-7c72-4577-a8fb-79d957f69104,1780923146,47878144.0
memory_working_set,minikube,chaos-dns-server-6bccb5bb76-gscmn,chaos-testing,/kubepods/burstable/pod8a82a436-ef3f-4750-8f39-dbfde680d0b8,1780923146,28528640.0
memory_working_set,minikube,coredns-7d764666f9-gmlgd,kube-system,/kubepods/burstable/pod9289fad3-6e91-4617-b97d-6da4631c2f35,1780923146,29655040.0
memory_working_set,minikube,adservice-8576649cff-5bvst,boutique,/kubepods/burstable/pod9d685cd3-17df-43af-a26e-7743c006902d,1780923146,112459776.0
memory_working_set,minikube,kube-apiserver-minikube,kube-system,/kubepods/burstable/poda6dc00f40d27725f15407f95751ce5f7,1780923146,571805696.0
memory_working_set,minikube,alertmanager-monitoring-kube-prometheus-alertmanager-0,monitoring,/kubepods/burstable/podb5fde93f-2f9a-427f-aa16-8a257f179975,1780923146,55574528.0
memory_working_set,minikube,currencyservice-fd8f5dfb7-js8gr,boutique,/kubepods/burstable/podc827ec2d-8a9d-4e1c-8017-62c3901eccb4,1780923146,120819712.0
memory_working_set,minikube,redis-cart-6899b65948-ms767,boutique,/kubepods/burstable/podd425db0f-53f9-4bec-9ee1-49e4ced03bb6,1780923146,13643776.0
memory_working_set,minikube,chaos-controller-manager-659785674d-wbwg8,chaos-testing,/kubepods/burstable/podd7abbfc2-2af5-4b28-b438-3ebef4bafcce,1780923146,27959296.0
memory_working_set,minikube,paymentservice-6b76dfb449-n8mm2,boutique,/kubepods/burstable/podd9986049-5066-4a99-a156-0bc7b2391961,1780923146,97869824.0
memory_working_set,minikube,checkoutservice-75b9cd684f-vzdsz,boutique,/kubepods/burstable/pod5827d8c7-6a98-4352-9825-164648474ddc,1780923146,17788928.0
memory_working_set,minikube,frontend-694b9f76cd-z2pk6,boutique,/kubepods/burstable/podcf6049c2-3667-4622-87ba-b06efa553d48,1780923146,23650304.0
memory_working_set,minikube,productcatalogservice-fb49fc9cc-wptz6,boutique,/kubepods/burstable/pode9d4586d-6739-497d-ae8d-4fd70972eea8,1780923146,18153472.0
memory_working_set,minikube,loadgenerator-7694cd65db-bdz8c,boutique,/kubepods/burstable/pod38d6ef8e-d456-4bd4-95a0-ea6760631a9d,1780923146,78528512.0
cpu_rate,minikube,kube-proxy-fshvh,kube-system,/kubepods/besteffort/pod2f4efb93-ee48-4c37-b1e1-6f2e54a917c7,1780923175,0.00044963791389124346
cpu_rate,minikube,monitoring-kube-state-metrics-868694bc4b-689cm,monitoring,/kubepods/besteffort/pod59c52cc8-67e3-4946-aac6-7ff0ef74285f,1780923175,0.0009676527643065123
cpu_rate,minikube,prometheus-monitoring-kube-prometheus-prometheus-0,monitoring,/kubepods/besteffort/pod6bff50b8-f988-4ff2-a8c1-8f95f2c25189,1780923175,0.011651723288553394
cpu_rate,minikube,storage-provisioner,kube-system,/kubepods/besteffort/pod9bffcac8-a0cd-49a4-ad59-cdbf60a579cb,1780923175,0.001470141235007719
cpu_rate,minikube,monitoring-grafana-6f66955c48-hlrcn,monitoring,/kubepods/besteffort/pod9d3fe3f0-8989-47b4-8478-0ae7be66df8d,1780923175,0.01024195238095228
cpu_rate,minikube,chaos-daemon-n6ghj,chaos-testing,/kubepods/besteffort/poda051be83-a7cd-43e4-83d3-76f3c90e8474,1780923175,7.513662679009169e-05
cpu_rate,minikube,monitoring-kube-prometheus-operator-556b56cc6d-n6dg9,monitoring,/kubepods/besteffort/podc8122519-a592-495f-9353-00a2f23fdf80,1780923175,0.0026235786724031042
cpu_rate,minikube,monitoring-prometheus-node-exporter-pdw8p,monitoring,/kubepods/besteffort/podd35abb3b-34f0-40fa-af55-3ab246fc64c8,1780923175,0.0012352161181605286
cpu_rate,minikube,kube-scheduler-minikube,kube-system,/kubepods/burstable/pod1c7123a121598343200ffd5b015ca580,1780923175,0.004713279132791197
cpu_rate,minikube,shippingservice-55656785c7-lk4mx,boutique,/kubepods/burstable/pod1df51271-c9ea-47fa-8fb2-cf15bbc7c216,1780923175,0.0008076875768758317
cpu_rate,minikube,chaos-controller-manager-659785674d-29q42,chaos-testing,/kubepods/burstable/pod21ab858c-cee8-438c-8682-c786dc3dc044,1780923175,0.0006999015127504077
cpu_rate,minikube,chaos-controller-manager-659785674d-fjb2r,chaos-testing,/kubepods/burstable/pod2569141a-4d05-422e-bcf2-2f01e2f5056d,1780923175,0.005409544319906128
cpu_rate,minikube,coredns-7d764666f9-hxxb8,kube-system,/kubepods/burstable/pod596c18fb-891c-4e87-9b11-83d99dd6d264,1780923175,0.0021913067443600173
cpu_rate,minikube,recommendationservice-6f8f67d69-fhrns,boutique,/kubepods/burstable/pod5ded7b1a-44d9-4178-8596-57a9e25f6171,1780923175,0.005517702312138555
cpu_rate,minikube,etcd-minikube,kube-system,/kubepods/burstable/pod5ff8e3b06bbaa8cb7ebc2bf531e48a2f,1780923175,0.024347155117503506
cpu_rate,minikube,emailservice-7466dc585-sv4wh,boutique,/kubepods/burstable/pod6116940a-da83-4761-97dc-892a207b789e,1780923175,0.0015102031180653094
cpu_rate,minikube,cartservice-546c548494-cb4lb,boutique,/kubepods/burstable/pod6ec732c5-cf34-4e25-a3ce-ff4b44ce8d19,1780923175,0.003770256692955379
cpu_rate,minikube,kube-controller-manager-minikube,kube-system,/kubepods/burstable/pod740363cf4388c2d0df59fc97f96b889c,1780923175,0.013081479401333373
cpu_rate,minikube,chaos-dashboard-5b77585c6c-zm7f4,chaos-testing,/kubepods/burstable/pod7d3e8284-7c72-4577-a8fb-79d957f69104,1780923175,0.002339196333824781
cpu_rate,minikube,chaos-dns-server-6bccb5bb76-gscmn,chaos-testing,/kubepods/burstable/pod8a82a436-ef3f-4750-8f39-dbfde680d0b8,1780923175,0.0021996593950207276
cpu_rate,minikube,coredns-7d764666f9-gmlgd,kube-system,/kubepods/burstable/pod9289fad3-6e91-4617-b97d-6da4631c2f35,1780923175,0.0021325705958058746
cpu_rate,minikube,adservice-8576649cff-5bvst,boutique,/kubepods/burstable/pod9d685cd3-17df-43af-a26e-7743c006902d,1780923175,0.001264589985369973
cpu_rate,minikube,kube-apiserver-minikube,kube-system,/kubepods/burstable/poda6dc00f40d27725f15407f95751ce5f7,1780923175,0.05239001883239144
cpu_rate,minikube,alertmanager-monitoring-kube-prometheus-alertmanager-0,monitoring,/kubepods/burstable/podb5fde93f-2f9a-427f-aa16-8a257f179975,1780923175,0.0005609448940203283
cpu_rate,minikube,currencyservice-fd8f5dfb7-js8gr,boutique,/kubepods/burstable/podc827ec2d-8a9d-4e1c-8017-62c3901eccb4,1780923175,0.006795190958467117
cpu_rate,minikube,redis-cart-6899b65948-ms767,boutique,/kubepods/burstable/podd425db0f-53f9-4bec-9ee1-49e4ced03bb6,1780923175,0.0018995096678692872
cpu_rate,minikube,chaos-controller-manager-659785674d-wbwg8,chaos-testing,/kubepods/burstable/podd7abbfc2-2af5-4b28-b438-3ebef4bafcce,1780923175,0.0007227221875711271
cpu_rate,minikube,paymentservice-6b76dfb449-n8mm2,boutique,/kubepods/burstable/podd9986049-5066-4a99-a156-0bc7b2391961,1780923175,0.0005882547142305428
cpu_rate,minikube,checkoutservice-75b9cd684f-vzdsz,boutique,/kubepods/burstable/pod5827d8c7-6a98-4352-9825-164648474ddc,1780923175,0.0005566814836364308
cpu_rate,minikube,frontend-694b9f76cd-z2pk6,boutique,/kubepods/burstable/podcf6049c2-3667-4622-87ba-b06efa553d48,1780923175,0.010809715690766017
cpu_rate,minikube,productcatalogservice-fb49fc9cc-wptz6,boutique,/kubepods/burstable/pode9d4586d-6739-497d-ae8d-4fd70972eea8,1780923175,0.005065936171028039
cpu_rate,minikube,loadgenerator-7694cd65db-bdz8c,boutique,/kubepods/burstable/pod38d6ef8e-d456-4bd4-95a0-ea6760631a9d,1780923175,0.0026543361224711836
memory_working_set,minikube,kube-proxy-fshvh,kube-system,/kubepods/besteffort/pod2f4efb93-ee48-4c37-b1e1-6f2e54a917c7,1780923175,38707200.0
memory_working_set,minikube,monitoring-kube-state-metrics-868694bc4b-689cm,monitoring,/kubepods/besteffort/pod59c52cc8-67e3-4946-aac6-7ff0ef74285f,1780923175,38404096.0
memory_working_set,minikube,prometheus-monitoring-kube-prometheus-prometheus-0,monitoring,/kubepods/besteffort/pod6bff50b8-f988-4ff2-a8c1-8f95f2c25189,1780923175,324997120.0
memory_working_set,minikube,storage-provisioner,kube-system,/kubepods/besteffort/pod9bffcac8-a0cd-49a4-ad59-cdbf60a579cb,1780923175,20463616.0
memory_working_set,minikube,monitoring-grafana-6f66955c48-hlrcn,monitoring,/kubepods/besteffort/pod9d3fe3f0-8989-47b4-8478-0ae7be66df8d,1780923175,402157568.0
memory_working_set,minikube,chaos-daemon-n6ghj,chaos-testing,/kubepods/besteffort/poda051be83-a7cd-43e4-83d3-76f3c90e8474,1780923175,18931712.0
memory_working_set,minikube,monitoring-kube-prometheus-operator-556b56cc6d-n6dg9,monitoring,/kubepods/besteffort/podc8122519-a592-495f-9353-00a2f23fdf80,1780923175,40148992.0
memory_working_set,minikube,monitoring-prometheus-node-exporter-pdw8p,monitoring,/kubepods/besteffort/podd35abb3b-34f0-40fa-af55-3ab246fc64c8,1780923175,19398656.0
memory_working_set,minikube,kube-scheduler-minikube,kube-system,/kubepods/burstable/pod1c7123a121598343200ffd5b015ca580,1780923175,40361984.0
memory_working_set,minikube,shippingservice-55656785c7-lk4mx,boutique,/kubepods/burstable/pod1df51271-c9ea-47fa-8fb2-cf15bbc7c216,1780923175,15478784.0
memory_working_set,minikube,chaos-controller-manager-659785674d-29q42,chaos-testing,/kubepods/burstable/pod21ab858c-cee8-438c-8682-c786dc3dc044,1780923175,29446144.0
memory_working_set,minikube,chaos-controller-manager-659785674d-fjb2r,chaos-testing,/kubepods/burstable/pod2569141a-4d05-422e-bcf2-2f01e2f5056d,1780923175,36433920.0
memory_working_set,minikube,coredns-7d764666f9-hxxb8,kube-system,/kubepods/burstable/pod596c18fb-891c-4e87-9b11-83d99dd6d264,1780923175,39890944.0
memory_working_set,minikube,recommendationservice-6f8f67d69-fhrns,boutique,/kubepods/burstable/pod5ded7b1a-44d9-4178-8596-57a9e25f6171,1780923175,57479168.0
memory_working_set,minikube,etcd-minikube,kube-system,/kubepods/burstable/pod5ff8e3b06bbaa8cb7ebc2bf531e48a2f,1780923175,88653824.0
memory_working_set,minikube,emailservice-7466dc585-sv4wh,boutique,/kubepods/burstable/pod6116940a-da83-4761-97dc-892a207b789e,1780923175,53305344.0
memory_working_set,minikube,cartservice-546c548494-cb4lb,boutique,/kubepods/burstable/pod6ec732c5-cf34-4e25-a3ce-ff4b44ce8d19,1780923175,71266304.0
memory_working_set,minikube,kube-controller-manager-minikube,kube-system,/kubepods/burstable/pod740363cf4388c2d0df59fc97f96b889c,1780923175,95727616.0
memory_working_set,minikube,chaos-dashboard-5b77585c6c-zm7f4,chaos-testing,/kubepods/burstable/pod7d3e8284-7c72-4577-a8fb-79d957f69104,1780923175,47882240.0
memory_working_set,minikube,chaos-dns-server-6bccb5bb76-gscmn,chaos-testing,/kubepods/burstable/pod8a82a436-ef3f-4750-8f39-dbfde680d0b8,1780923175,27746304.0
memory_working_set,minikube,coredns-7d764666f9-gmlgd,kube-system,/kubepods/burstable/pod9289fad3-6e91-4617-b97d-6da4631c2f35,1780923175,31297536.0
memory_working_set,minikube,adservice-8576649cff-5bvst,boutique,/kubepods/burstable/pod9d685cd3-17df-43af-a26e-7743c006902d,1780923175,112463872.0
memory_working_set,minikube,kube-apiserver-minikube,kube-system,/kubepods/burstable/poda6dc00f40d27725f15407f95751ce5f7,1780923175,572084224.0
memory_working_set,minikube,alertmanager-monitoring-kube-prometheus-alertmanager-0,monitoring,/kubepods/burstable/podb5fde93f-2f9a-427f-aa16-8a257f179975,1780923175,55574528.0
memory_working_set,minikube,currencyservice-fd8f5dfb7-js8gr,boutique,/kubepods/burstable/podc827ec2d-8a9d-4e1c-8017-62c3901eccb4,1780923175,121094144.0
memory_working_set,minikube,redis-cart-6899b65948-ms767,boutique,/kubepods/burstable/podd425db0f-53f9-4bec-9ee1-49e4ced03bb6,1780923175,13381632.0
memory_working_set,minikube,chaos-controller-manager-659785674d-wbwg8,chaos-testing,/kubepods/burstable/podd7abbfc2-2af5-4b28-b438-3ebef4bafcce,1780923175,27955200.0
memory_working_set,minikube,paymentservice-6b76dfb449-n8mm2,boutique,/kubepods/burstable/podd9986049-5066-4a99-a156-0bc7b2391961,1780923175,98324480.0
memory_working_set,minikube,checkoutservice-75b9cd684f-vzdsz,boutique,/kubepods/burstable/pod5827d8c7-6a98-4352-9825-164648474ddc,1780923175,17522688.0
memory_working_set,minikube,frontend-694b9f76cd-z2pk6,boutique,/kubepods/burstable/podcf6049c2-3667-4622-87ba-b06efa553d48,1780923175,24457216.0
memory_working_set,minikube,productcatalogservice-fb49fc9cc-wptz6,boutique,/kubepods/burstable/pode9d4586d-6739-497d-ae8d-4fd70972eea8,1780923175,18210816.0
memory_working_set,minikube,loadgenerator-7694cd65db-bdz8c,boutique,/kubepods/burstable/pod38d6ef8e-d456-4bd4-95a0-ea6760631a9d,1780923175,78536704.0
cpu_rate,minikube,kube-proxy-fshvh,kube-system,/kubepods/besteffort/pod2f4efb93-ee48-4c37-b1e1-6f2e54a917c7,1780923204,0.00037013079764114685
cpu_rate,minikube,monitoring-kube-state-metrics-868694bc4b-689cm,monitoring,/kubepods/besteffort/pod59c52cc8-67e3-4946-aac6-7ff0ef74285f,1780923204,0.0009157174977099594
cpu_rate,minikube,prometheus-monitoring-kube-prometheus-prometheus-0,monitoring,/kubepods/besteffort/pod6bff50b8-f988-4ff2-a8c1-8f95f2c25189,1780923204,0.011441005783049414
cpu_rate,minikube,storage-provisioner,kube-system,/kubepods/besteffort/pod9bffcac8-a0cd-49a4-ad59-cdbf60a579cb,1780923204,0.0015638057444799557
cpu_rate,minikube,monitoring-grafana-6f66955c48-hlrcn,monitoring,/kubepods/besteffort/pod9d3fe3f0-8989-47b4-8478-0ae7be66df8d,1780923204,0.011328155488388399
cpu_rate,minikube,chaos-daemon-n6ghj,chaos-testing,/kubepods/besteffort/poda051be83-a7cd-43e4-83d3-76f3c90e8474,1780923204,7.483472786760112e-05
cpu_rate,minikube,monitoring-kube-prometheus-operator-556b56cc6d-n6dg9,monitoring,/kubepods/besteffort/podc8122519-a592-495f-9353-00a2f23fdf80,1780923204,0.00223577348127296
cpu_rate,minikube,monitoring-prometheus-node-exporter-pdw8p,monitoring,/kubepods/besteffort/podd35abb3b-34f0-40fa-af55-3ab246fc64c8,1780923204,0.0009062087086126662
cpu_rate,minikube,kube-scheduler-minikube,kube-system,/kubepods/burstable/pod1c7123a121598343200ffd5b015ca580,1780923204,0.004512512328608263
cpu_rate,minikube,shippingservice-55656785c7-lk4mx,boutique,/kubepods/burstable/pod1df51271-c9ea-47fa-8fb2-cf15bbc7c216,1780923204,0.0007185348164445469
cpu_rate,minikube,chaos-controller-manager-659785674d-29q42,chaos-testing,/kubepods/burstable/pod21ab858c-cee8-438c-8682-c786dc3dc044,1780923204,0.0007132215303510787
cpu_rate,minikube,chaos-controller-manager-659785674d-fjb2r,chaos-testing,/kubepods/burstable/pod2569141a-4d05-422e-bcf2-2f01e2f5056d,1780923204,0.004685043039763242
cpu_rate,minikube,coredns-7d764666f9-hxxb8,kube-system,/kubepods/burstable/pod596c18fb-891c-4e87-9b11-83d99dd6d264,1780923204,0.0021228447707970113
cpu_rate,minikube,recommendationservice-6f8f67d69-fhrns,boutique,/kubepods/burstable/pod5ded7b1a-44d9-4178-8596-57a9e25f6171,1780923204,0.005125771243560288
cpu_rate,minikube,etcd-minikube,kube-system,/kubepods/burstable/pod5ff8e3b06bbaa8cb7ebc2bf531e48a2f,1780923204,0.02415949955424697
cpu_rate,minikube,emailservice-7466dc585-sv4wh,boutique,/kubepods/burstable/pod6116940a-da83-4761-97dc-892a207b789e,1780923204,0.001395537817459884
cpu_rate,minikube,cartservice-546c548494-cb4lb,boutique,/kubepods/burstable/pod6ec732c5-cf34-4e25-a3ce-ff4b44ce8d19,1780923204,0.003617613001118163
cpu_rate,minikube,kube-controller-manager-minikube,kube-system,/kubepods/burstable/pod740363cf4388c2d0df59fc97f96b889c,1780923204,0.012284038457662603
cpu_rate,minikube,chaos-dashboard-5b77585c6c-zm7f4,chaos-testing,/kubepods/burstable/pod7d3e8284-7c72-4577-a8fb-79d957f69104,1780923204,0.002071309099622938
cpu_rate,minikube,chaos-dns-server-6bccb5bb76-gscmn,chaos-testing,/kubepods/burstable/pod8a82a436-ef3f-4750-8f39-dbfde680d0b8,1780923204,0.002095601578477435
cpu_rate,minikube,coredns-7d764666f9-gmlgd,kube-system,/kubepods/burstable/pod9289fad3-6e91-4617-b97d-6da4631c2f35,1780923204,0.002104689051908946
cpu_rate,minikube,adservice-8576649cff-5bvst,boutique,/kubepods/burstable/pod9d685cd3-17df-43af-a26e-7743c006902d,1780923204,0.0012577847159998311
cpu_rate,minikube,kube-apiserver-minikube,kube-system,/kubepods/burstable/poda6dc00f40d27725f15407f95751ce5f7,1780923204,0.052078149829198395
cpu_rate,minikube,alertmanager-monitoring-kube-prometheus-alertmanager-0,monitoring,/kubepods/burstable/podb5fde93f-2f9a-427f-aa16-8a257f179975,1780923204,0.0006429568191198944
cpu_rate,minikube,currencyservice-fd8f5dfb7-js8gr,boutique,/kubepods/burstable/podc827ec2d-8a9d-4e1c-8017-62c3901eccb4,1780923204,0.006310351951995422
cpu_rate,minikube,redis-cart-6899b65948-ms767,boutique,/kubepods/burstable/podd425db0f-53f9-4bec-9ee1-49e4ced03bb6,1780923204,0.0017828993078459765
cpu_rate,minikube,chaos-controller-manager-659785674d-wbwg8,chaos-testing,/kubepods/burstable/podd7abbfc2-2af5-4b28-b438-3ebef4bafcce,1780923204,0.0006926414988918617
cpu_rate,minikube,paymentservice-6b76dfb449-n8mm2,boutique,/kubepods/burstable/podd9986049-5066-4a99-a156-0bc7b2391961,1780923204,0.000704938150839019
cpu_rate,minikube,checkoutservice-75b9cd684f-vzdsz,boutique,/kubepods/burstable/pod5827d8c7-6a98-4352-9825-164648474ddc,1780923204,0.000527619824886683
cpu_rate,minikube,frontend-694b9f76cd-z2pk6,boutique,/kubepods/burstable/podcf6049c2-3667-4622-87ba-b06efa553d48,1780923204,0.010237019936256073
cpu_rate,minikube,productcatalogservice-fb49fc9cc-wptz6,boutique,/kubepods/burstable/pode9d4586d-6739-497d-ae8d-4fd70972eea8,1780923204,0.0046143972761911985
cpu_rate,minikube,loadgenerator-7694cd65db-bdz8c,boutique,/kubepods/burstable/pod38d6ef8e-d456-4bd4-95a0-ea6760631a9d,1780923204,0.0027361753169433778
memory_working_set,minikube,kube-proxy-fshvh,kube-system,/kubepods/besteffort/pod2f4efb93-ee48-4c37-b1e1-6f2e54a917c7,1780923204,38707200.0
memory_working_set,minikube,monitoring-kube-state-metrics-868694bc4b-689cm,monitoring,/kubepods/besteffort/pod59c52cc8-67e3-4946-aac6-7ff0ef74285f,1780923204,38404096.0
memory_working_set,minikube,prometheus-monitoring-kube-prometheus-prometheus-0,monitoring,/kubepods/besteffort/pod6bff50b8-f988-4ff2-a8c1-8f95f2c25189,1780923204,325992448.0
memory_working_set,minikube,storage-provisioner,kube-system,/kubepods/besteffort/pod9bffcac8-a0cd-49a4-ad59-cdbf60a579cb,1780923204,20459520.0
memory_working_set,minikube,monitoring-grafana-6f66955c48-hlrcn,monitoring,/kubepods/besteffort/pod9d3fe3f0-8989-47b4-8478-0ae7be66df8d,1780923204,402694144.0
memory_working_set,minikube,chaos-daemon-n6ghj,chaos-testing,/kubepods/besteffort/poda051be83-a7cd-43e4-83d3-76f3c90e8474,1780923204,18931712.0
memory_working_set,minikube,monitoring-kube-prometheus-operator-556b56cc6d-n6dg9,monitoring,/kubepods/besteffort/podc8122519-a592-495f-9353-00a2f23fdf80,1780923204,39825408.0
memory_working_set,minikube,monitoring-prometheus-node-exporter-pdw8p,monitoring,/kubepods/besteffort/podd35abb3b-34f0-40fa-af55-3ab246fc64c8,1780923204,19398656.0
memory_working_set,minikube,kube-scheduler-minikube,kube-system,/kubepods/burstable/pod1c7123a121598343200ffd5b015ca580,1780923204,40361984.0
memory_working_set,minikube,shippingservice-55656785c7-lk4mx,boutique,/kubepods/burstable/pod1df51271-c9ea-47fa-8fb2-cf15bbc7c216,1780923204,15245312.0
memory_working_set,minikube,chaos-controller-manager-659785674d-29q42,chaos-testing,/kubepods/burstable/pod21ab858c-cee8-438c-8682-c786dc3dc044,1780923204,29450240.0
memory_working_set,minikube,chaos-controller-manager-659785674d-fjb2r,chaos-testing,/kubepods/burstable/pod2569141a-4d05-422e-bcf2-2f01e2f5056d,1780923204,36438016.0
memory_working_set,minikube,coredns-7d764666f9-hxxb8,kube-system,/kubepods/burstable/pod596c18fb-891c-4e87-9b11-83d99dd6d264,1780923204,39899136.0
memory_working_set,minikube,recommendationservice-6f8f67d69-fhrns,boutique,/kubepods/burstable/pod5ded7b1a-44d9-4178-8596-57a9e25f6171,1780923204,57479168.0
memory_working_set,minikube,etcd-minikube,kube-system,/kubepods/burstable/pod5ff8e3b06bbaa8cb7ebc2bf531e48a2f,1780923204,89169920.0
memory_working_set,minikube,emailservice-7466dc585-sv4wh,boutique,/kubepods/burstable/pod6116940a-da83-4761-97dc-892a207b789e,1780923204,53305344.0
memory_working_set,minikube,cartservice-546c548494-cb4lb,boutique,/kubepods/burstable/pod6ec732c5-cf34-4e25-a3ce-ff4b44ce8d19,1780923204,71262208.0
memory_working_set,minikube,kube-controller-manager-minikube,kube-system,/kubepods/burstable/pod740363cf4388c2d0df59fc97f96b889c,1780923204,95735808.0
memory_working_set,minikube,chaos-dashboard-5b77585c6c-zm7f4,chaos-testing,/kubepods/burstable/pod7d3e8284-7c72-4577-a8fb-79d957f69104,1780923204,47878144.0
memory_working_set,minikube,chaos-dns-server-6bccb5bb76-gscmn,chaos-testing,/kubepods/burstable/pod8a82a436-ef3f-4750-8f39-dbfde680d0b8,1780923204,27746304.0
memory_working_set,minikube,coredns-7d764666f9-gmlgd,kube-system,/kubepods/burstable/pod9289fad3-6e91-4617-b97d-6da4631c2f35,1780923204,31416320.0
memory_working_set,minikube,adservice-8576649cff-5bvst,boutique,/kubepods/burstable/pod9d685cd3-17df-43af-a26e-7743c006902d,1780923204,112197632.0
memory_working_set,minikube,kube-apiserver-minikube,kube-system,/kubepods/burstable/poda6dc00f40d27725f15407f95751ce5f7,1780923204,571510784.0
memory_working_set,minikube,alertmanager-monitoring-kube-prometheus-alertmanager-0,monitoring,/kubepods/burstable/podb5fde93f-2f9a-427f-aa16-8a257f179975,1780923204,56299520.0
memory_working_set,minikube,currencyservice-fd8f5dfb7-js8gr,boutique,/kubepods/burstable/podc827ec2d-8a9d-4e1c-8017-62c3901eccb4,1780923204,121212928.0
memory_working_set,minikube,redis-cart-6899b65948-ms767,boutique,/kubepods/burstable/podd425db0f-53f9-4bec-9ee1-49e4ced03bb6,1780923204,13381632.0
memory_working_set,minikube,chaos-controller-manager-659785674d-wbwg8,chaos-testing,/kubepods/burstable/podd7abbfc2-2af5-4b28-b438-3ebef4bafcce,1780923204,27955200.0
memory_working_set,minikube,paymentservice-6b76dfb449-n8mm2,boutique,/kubepods/burstable/podd9986049-5066-4a99-a156-0bc7b2391961,1780923204,98803712.0
memory_working_set,minikube,checkoutservice-75b9cd684f-vzdsz,boutique,/kubepods/burstable/pod5827d8c7-6a98-4352-9825-164648474ddc,1780923204,17743872.0
memory_working_set,minikube,frontend-694b9f76cd-z2pk6,boutique,/kubepods/burstable/podcf6049c2-3667-4622-87ba-b06efa553d48,1780923204,23728128.0
memory_working_set,minikube,productcatalogservice-fb49fc9cc-wptz6,boutique,/kubepods/burstable/pode9d4586d-6739-497d-ae8d-4fd70972eea8,1780923204,18366464.0
memory_working_set,minikube,loadgenerator-7694cd65db-bdz8c,boutique,/kubepods/burstable/pod38d6ef8e-d456-4bd4-95a0-ea6760631a9d,1780923204,78282752.0
cpu_rate,minikube,kube-proxy-fshvh,kube-system,/kubepods/besteffort/pod2f4efb93-ee48-4c37-b1e1-6f2e54a917c7,1780923233,0.0004912722142676534
cpu_rate,minikube,monitoring-kube-state-metrics-868694bc4b-689cm,monitoring,/kubepods/besteffort/pod59c52cc8-67e3-4946-aac6-7ff0ef74285f,1780923233,0.0009562455270046384
cpu_rate,minikube,prometheus-monitoring-kube-prometheus-prometheus-0,monitoring,/kubepods/besteffort/pod6bff50b8-f988-4ff2-a8c1-8f95f2c25189,1780923233,0.011223532240226966
cpu_rate,minikube,storage-provisioner,kube-system,/kubepods/besteffort/pod9bffcac8-a0cd-49a4-ad59-cdbf60a579cb,1780923233,0.0013695061241458181
cpu_rate,minikube,monitoring-grafana-6f66955c48-hlrcn,monitoring,/kubepods/besteffort/pod9d3fe3f0-8989-47b4-8478-0ae7be66df8d,1780923233,0.010212835273864782
cpu_rate,minikube,chaos-daemon-n6ghj,chaos-testing,/kubepods/besteffort/poda051be83-a7cd-43e4-83d3-76f3c90e8474,1780923233,6.226538649548483e-05
cpu_rate,minikube,monitoring-kube-prometheus-operator-556b56cc6d-n6dg9,monitoring,/kubepods/besteffort/podc8122519-a592-495f-9353-00a2f23fdf80,1780923233,0.0024072145848001284
cpu_rate,minikube,monitoring-prometheus-node-exporter-pdw8p,monitoring,/kubepods/besteffort/podd35abb3b-34f0-40fa-af55-3ab246fc64c8,1780923233,0.0008907470055272966
cpu_rate,minikube,kube-scheduler-minikube,kube-system,/kubepods/burstable/pod1c7123a121598343200ffd5b015ca580,1780923233,0.004551570466663989
cpu_rate,minikube,shippingservice-55656785c7-lk4mx,boutique,/kubepods/burstable/pod1df51271-c9ea-47fa-8fb2-cf15bbc7c216,1780923233,0.0007513697664073967
cpu_rate,minikube,chaos-controller-manager-659785674d-29q42,chaos-testing,/kubepods/burstable/pod21ab858c-cee8-438c-8682-c786dc3dc044,1780923233,0.0003701834224280051
cpu_rate,minikube,chaos-controller-manager-659785674d-fjb2r,chaos-testing,/kubepods/burstable/pod2569141a-4d05-422e-bcf2-2f01e2f5056d,1780923233,0.00510069586176043
cpu_rate,minikube,coredns-7d764666f9-hxxb8,kube-system,/kubepods/burstable/pod596c18fb-891c-4e87-9b11-83d99dd6d264,1780923233,0.0021803200921648447
cpu_rate,minikube,recommendationservice-6f8f67d69-fhrns,boutique,/kubepods/burstable/pod5ded7b1a-44d9-4178-8596-57a9e25f6171,1780923233,0.005121043362368432
cpu_rate,minikube,etcd-minikube,kube-system,/kubepods/burstable/pod5ff8e3b06bbaa8cb7ebc2bf531e48a2f,1780923233,0.024005504569279728
cpu_rate,minikube,emailservice-7466dc585-sv4wh,boutique,/kubepods/burstable/pod6116940a-da83-4761-97dc-892a207b789e,1780923233,0.0014003680120970358
cpu_rate,minikube,cartservice-546c548494-cb4lb,boutique,/kubepods/burstable/pod6ec732c5-cf34-4e25-a3ce-ff4b44ce8d19,1780923233,0.0038062728133027145
cpu_rate,minikube,kube-controller-manager-minikube,kube-system,/kubepods/burstable/pod740363cf4388c2d0df59fc97f96b889c,1780923233,0.012260977942373415
cpu_rate,minikube,chaos-dashboard-5b77585c6c-zm7f4,chaos-testing,/kubepods/burstable/pod7d3e8284-7c72-4577-a8fb-79d957f69104,1780923233,0.001985116705604347
cpu_rate,minikube,chaos-dns-server-6bccb5bb76-gscmn,chaos-testing,/kubepods/burstable/pod8a82a436-ef3f-4750-8f39-dbfde680d0b8,1780923233,0.0020582357089862944
cpu_rate,minikube,coredns-7d764666f9-gmlgd,kube-system,/kubepods/burstable/pod9289fad3-6e91-4617-b97d-6da4631c2f35,1780923233,0.0020936370746581973
cpu_rate,minikube,adservice-8576649cff-5bvst,boutique,/kubepods/burstable/pod9d685cd3-17df-43af-a26e-7743c006902d,1780923233,0.0011326968288365125
cpu_rate,minikube,kube-apiserver-minikube,kube-system,/kubepods/burstable/poda6dc00f40d27725f15407f95751ce5f7,1780923233,0.04047918217574957
cpu_rate,minikube,alertmanager-monitoring-kube-prometheus-alertmanager-0,monitoring,/kubepods/burstable/podb5fde93f-2f9a-427f-aa16-8a257f179975,1780923233,0.0008099000765621648
cpu_rate,minikube,currencyservice-fd8f5dfb7-js8gr,boutique,/kubepods/burstable/podc827ec2d-8a9d-4e1c-8017-62c3901eccb4,1780923233,0.006325492959205581
cpu_rate,minikube,redis-cart-6899b65948-ms767,boutique,/kubepods/burstable/podd425db0f-53f9-4bec-9ee1-49e4ced03bb6,1780923233,0.0017492512831853773
cpu_rate,minikube,chaos-controller-manager-659785674d-wbwg8,chaos-testing,/kubepods/burstable/podd7abbfc2-2af5-4b28-b438-3ebef4bafcce,1780923233,0.0007289616036833231
cpu_rate,minikube,paymentservice-6b76dfb449-n8mm2,boutique,/kubepods/burstable/podd9986049-5066-4a99-a156-0bc7b2391961,1780923233,0.0005996062498071453
cpu_rate,minikube,checkoutservice-75b9cd684f-vzdsz,boutique,/kubepods/burstable/pod5827d8c7-6a98-4352-9825-164648474ddc,1780923233,0.0004662271233058174
cpu_rate,minikube,frontend-694b9f76cd-z2pk6,boutique,/kubepods/burstable/podcf6049c2-3667-4622-87ba-b06efa553d48,1780923233,0.010380388207288323
cpu_rate,minikube,productcatalogservice-fb49fc9cc-wptz6,boutique,/kubepods/burstable/pode9d4586d-6739-497d-ae8d-4fd70972eea8,1780923233,0.004835344063720292
cpu_rate,minikube,loadgenerator-7694cd65db-bdz8c,boutique,/kubepods/burstable/pod38d6ef8e-d456-4bd4-95a0-ea6760631a9d,1780923233,0.002771255024404171
memory_working_set,minikube,kube-proxy-fshvh,kube-system,/kubepods/besteffort/pod2f4efb93-ee48-4c37-b1e1-6f2e54a917c7,1780923233,38318080.0
memory_working_set,minikube,monitoring-kube-state-metrics-868694bc4b-689cm,monitoring,/kubepods/besteffort/pod59c52cc8-67e3-4946-aac6-7ff0ef74285f,1780923233,38404096.0
memory_working_set,minikube,prometheus-monitoring-kube-prometheus-prometheus-0,monitoring,/kubepods/besteffort/pod6bff50b8-f988-4ff2-a8c1-8f95f2c25189,1780923233,313151488.0
memory_working_set,minikube,storage-provisioner,kube-system,/kubepods/besteffort/pod9bffcac8-a0cd-49a4-ad59-cdbf60a579cb,1780923233,20496384.0
memory_working_set,minikube,monitoring-grafana-6f66955c48-hlrcn,monitoring,/kubepods/besteffort/pod9d3fe3f0-8989-47b4-8478-0ae7be66df8d,1780923233,402120704.0
memory_working_set,minikube,chaos-daemon-n6ghj,chaos-testing,/kubepods/besteffort/poda051be83-a7cd-43e4-83d3-76f3c90e8474,1780923233,18931712.0
memory_working_set,minikube,monitoring-kube-prometheus-operator-556b56cc6d-n6dg9,monitoring,/kubepods/besteffort/podc8122519-a592-495f-9353-00a2f23fdf80,1780923233,39907328.0
memory_working_set,minikube,monitoring-prometheus-node-exporter-pdw8p,monitoring,/kubepods/besteffort/podd35abb3b-34f0-40fa-af55-3ab246fc64c8,1780923233,18960384.0
memory_working_set,minikube,kube-scheduler-minikube,kube-system,/kubepods/burstable/pod1c7123a121598343200ffd5b015ca580,1780923233,40361984.0
memory_working_set,minikube,shippingservice-55656785c7-lk4mx,boutique,/kubepods/burstable/pod1df51271-c9ea-47fa-8fb2-cf15bbc7c216,1780923233,15249408.0
memory_working_set,minikube,chaos-controller-manager-659785674d-29q42,chaos-testing,/kubepods/burstable/pod21ab858c-cee8-438c-8682-c786dc3dc044,1780923233,29450240.0
memory_working_set,minikube,chaos-controller-manager-659785674d-fjb2r,chaos-testing,/kubepods/burstable/pod2569141a-4d05-422e-bcf2-2f01e2f5056d,1780923233,36433920.0
memory_working_set,minikube,coredns-7d764666f9-hxxb8,kube-system,/kubepods/burstable/pod596c18fb-891c-4e87-9b11-83d99dd6d264,1780923233,37191680.0
memory_working_set,minikube,recommendationservice-6f8f67d69-fhrns,boutique,/kubepods/burstable/pod5ded7b1a-44d9-4178-8596-57a9e25f6171,1780923233,57483264.0
memory_working_set,minikube,etcd-minikube,kube-system,/kubepods/burstable/pod5ff8e3b06bbaa8cb7ebc2bf531e48a2f,1780923233,88756224.0
memory_working_set,minikube,emailservice-7466dc585-sv4wh,boutique,/kubepods/burstable/pod6116940a-da83-4761-97dc-892a207b789e,1780923233,53305344.0
memory_working_set,minikube,cartservice-546c548494-cb4lb,boutique,/kubepods/burstable/pod6ec732c5-cf34-4e25-a3ce-ff4b44ce8d19,1780923233,71274496.0
memory_working_set,minikube,kube-controller-manager-minikube,kube-system,/kubepods/burstable/pod740363cf4388c2d0df59fc97f96b889c,1780923233,95727616.0
memory_working_set,minikube,chaos-dashboard-5b77585c6c-zm7f4,chaos-testing,/kubepods/burstable/pod7d3e8284-7c72-4577-a8fb-79d957f69104,1780923233,47886336.0
memory_working_set,minikube,chaos-dns-server-6bccb5bb76-gscmn,chaos-testing,/kubepods/burstable/pod8a82a436-ef3f-4750-8f39-dbfde680d0b8,1780923233,28008448.0
memory_working_set,minikube,coredns-7d764666f9-gmlgd,kube-system,/kubepods/burstable/pod9289fad3-6e91-4617-b97d-6da4631c2f35,1780923233,32256000.0
memory_working_set,minikube,adservice-8576649cff-5bvst,boutique,/kubepods/burstable/pod9d685cd3-17df-43af-a26e-7743c006902d,1780923233,112197632.0
memory_working_set,minikube,kube-apiserver-minikube,kube-system,/kubepods/burstable/poda6dc00f40d27725f15407f95751ce5f7,1780923233,571764736.0
memory_working_set,minikube,alertmanager-monitoring-kube-prometheus-alertmanager-0,monitoring,/kubepods/burstable/podb5fde93f-2f9a-427f-aa16-8a257f179975,1780923233,53862400.0
memory_working_set,minikube,currencyservice-fd8f5dfb7-js8gr,boutique,/kubepods/burstable/podc827ec2d-8a9d-4e1c-8017-62c3901eccb4,1780923233,121339904.0
memory_working_set,minikube,redis-cart-6899b65948-ms767,boutique,/kubepods/burstable/podd425db0f-53f9-4bec-9ee1-49e4ced03bb6,1780923233,13381632.0
memory_working_set,minikube,chaos-controller-manager-659785674d-wbwg8,chaos-testing,/kubepods/burstable/podd7abbfc2-2af5-4b28-b438-3ebef4bafcce,1780923233,27955200.0
memory_working_set,minikube,paymentservice-6b76dfb449-n8mm2,boutique,/kubepods/burstable/podd9986049-5066-4a99-a156-0bc7b2391961,1780923233,98902016.0
memory_working_set,minikube,checkoutservice-75b9cd684f-vzdsz,boutique,/kubepods/burstable/pod5827d8c7-6a98-4352-9825-164648474ddc,1780923233,17743872.0
memory_working_set,minikube,frontend-694b9f76cd-z2pk6,boutique,/kubepods/burstable/podcf6049c2-3667-4622-87ba-b06efa553d48,1780923233,23674880.0
memory_working_set,minikube,productcatalogservice-fb49fc9cc-wptz6,boutique,/kubepods/burstable/pode9d4586d-6739-497d-ae8d-4fd70972eea8,1780923233,18321408.0
memory_working_set,minikube,loadgenerator-7694cd65db-bdz8c,boutique,/kubepods/burstable/pod38d6ef8e-d456-4bd4-95a0-ea6760631a9d,1780923233,78307328.0
cpu_rate,minikube,kube-proxy-fshvh,kube-system,/kubepods/besteffort/pod2f4efb93-ee48-4c37-b1e1-6f2e54a917c7,1780923263,0.00045136155769945417
cpu_rate,minikube,monitoring-kube-state-metrics-868694bc4b-689cm,monitoring,/kubepods/besteffort/pod59c52cc8-67e3-4946-aac6-7ff0ef74285f,1780923263,0.0008897890686033295
cpu_rate,minikube,prometheus-monitoring-kube-prometheus-prometheus-0,monitoring,/kubepods/besteffort/pod6bff50b8-f988-4ff2-a8c1-8f95f2c25189,1780923263,0.012015402926555776
cpu_rate,minikube,storage-provisioner,kube-system,/kubepods/besteffort/pod9bffcac8-a0cd-49a4-ad59-cdbf60a579cb,1780923263,0.0014022922685082294
cpu_rate,minikube,monitoring-grafana-6f66955c48-hlrcn,monitoring,/kubepods/besteffort/pod9d3fe3f0-8989-47b4-8478-0ae7be66df8d,1780923263,0.010692119409167278
cpu_rate,minikube,chaos-daemon-n6ghj,chaos-testing,/kubepods/besteffort/poda051be83-a7cd-43e4-83d3-76f3c90e8474,1780923263,6.329636123273627e-05
cpu_rate,minikube,monitoring-kube-prometheus-operator-556b56cc6d-n6dg9,monitoring,/kubepods/besteffort/podc8122519-a592-495f-9353-00a2f23fdf80,1780923263,0.002494584728328789
cpu_rate,minikube,monitoring-prometheus-node-exporter-pdw8p,monitoring,/kubepods/besteffort/podd35abb3b-34f0-40fa-af55-3ab246fc64c8,1780923263,0.0012039788175501566
cpu_rate,minikube,kube-scheduler-minikube,kube-system,/kubepods/burstable/pod1c7123a121598343200ffd5b015ca580,1780923263,0.004716338300832907
cpu_rate,minikube,shippingservice-55656785c7-lk4mx,boutique,/kubepods/burstable/pod1df51271-c9ea-47fa-8fb2-cf15bbc7c216,1780923263,0.0007475730199843953
cpu_rate,minikube,chaos-controller-manager-659785674d-29q42,chaos-testing,/kubepods/burstable/pod21ab858c-cee8-438c-8682-c786dc3dc044,1780923263,0.0004359013923430128
cpu_rate,minikube,chaos-controller-manager-659785674d-fjb2r,chaos-testing,/kubepods/burstable/pod2569141a-4d05-422e-bcf2-2f01e2f5056d,1780923263,0.005176268834645731
cpu_rate,minikube,coredns-7d764666f9-hxxb8,kube-system,/kubepods/burstable/pod596c18fb-891c-4e87-9b11-83d99dd6d264,1780923263,0.0020312889798692908
cpu_rate,minikube,recommendationservice-6f8f67d69-fhrns,boutique,/kubepods/burstable/pod5ded7b1a-44d9-4178-8596-57a9e25f6171,1780923263,0.005295091204278535
cpu_rate,minikube,etcd-minikube,kube-system,/kubepods/burstable/pod5ff8e3b06bbaa8cb7ebc2bf531e48a2f,1780923263,0.024401361622848155
cpu_rate,minikube,emailservice-7466dc585-sv4wh,boutique,/kubepods/burstable/pod6116940a-da83-4761-97dc-892a207b789e,1780923263,0.0013892550713109002
cpu_rate,minikube,cartservice-546c548494-cb4lb,boutique,/kubepods/burstable/pod6ec732c5-cf34-4e25-a3ce-ff4b44ce8d19,1780923263,0.004166097281532982
cpu_rate,minikube,kube-controller-manager-minikube,kube-system,/kubepods/burstable/pod740363cf4388c2d0df59fc97f96b889c,1780923263,0.012478359048093156
cpu_rate,minikube,chaos-dashboard-5b77585c6c-zm7f4,chaos-testing,/kubepods/burstable/pod7d3e8284-7c72-4577-a8fb-79d957f69104,1780923263,0.0021629085807808976
cpu_rate,minikube,chaos-dns-server-6bccb5bb76-gscmn,chaos-testing,/kubepods/burstable/pod8a82a436-ef3f-4750-8f39-dbfde680d0b8,1780923263,0.002000048978792246
cpu_rate,minikube,coredns-7d764666f9-gmlgd,kube-system,/kubepods/burstable/pod9289fad3-6e91-4617-b97d-6da4631c2f35,1780923263,0.0019484849490874843
cpu_rate,minikube,adservice-8576649cff-5bvst,boutique,/kubepods/burstable/pod9d685cd3-17df-43af-a26e-7743c006902d,1780923263,0.0012998261225324378
cpu_rate,minikube,kube-apiserver-minikube,kube-system,/kubepods/burstable/poda6dc00f40d27725f15407f95751ce5f7,1780923263,0.047157149209173604
cpu_rate,minikube,alertmanager-monitoring-kube-prometheus-alertmanager-0,monitoring,/kubepods/burstable/podb5fde93f-2f9a-427f-aa16-8a257f179975,1780923263,0.000819273286551939
cpu_rate,minikube,currencyservice-fd8f5dfb7-js8gr,boutique,/kubepods/burstable/podc827ec2d-8a9d-4e1c-8017-62c3901eccb4,1780923263,0.0068269889100707245
cpu_rate,minikube,redis-cart-6899b65948-ms767,boutique,/kubepods/burstable/podd425db0f-53f9-4bec-9ee1-49e4ced03bb6,1780923263,0.0018917800980338827
cpu_rate,minikube,chaos-controller-manager-659785674d-wbwg8,chaos-testing,/kubepods/burstable/podd7abbfc2-2af5-4b28-b438-3ebef4bafcce,1780923263,0.0005093782094016352
cpu_rate,minikube,paymentservice-6b76dfb449-n8mm2,boutique,/kubepods/burstable/podd9986049-5066-4a99-a156-0bc7b2391961,1780923263,0.0007777896464328125
cpu_rate,minikube,checkoutservice-75b9cd684f-vzdsz,boutique,/kubepods/burstable/pod5827d8c7-6a98-4352-9825-164648474ddc,1780923263,0.0006829964374987716
cpu_rate,minikube,frontend-694b9f76cd-z2pk6,boutique,/kubepods/burstable/podcf6049c2-3667-4622-87ba-b06efa553d48,1780923263,0.011072070107673927
cpu_rate,minikube,productcatalogservice-fb49fc9cc-wptz6,boutique,/kubepods/burstable/pode9d4586d-6739-497d-ae8d-4fd70972eea8,1780923263,0.0051480746365972
cpu_rate,minikube,loadgenerator-7694cd65db-bdz8c,boutique,/kubepods/burstable/pod38d6ef8e-d456-4bd4-95a0-ea6760631a9d,1780923263,0.0028651826004348555
memory_working_set,minikube,kube-proxy-fshvh,kube-system,/kubepods/besteffort/pod2f4efb93-ee48-4c37-b1e1-6f2e54a917c7,1780923263,38305792.0
memory_working_set,minikube,monitoring-kube-state-metrics-868694bc4b-689cm,monitoring,/kubepods/besteffort/pod59c52cc8-67e3-4946-aac6-7ff0ef74285f,1780923263,38354944.0
memory_working_set,minikube,prometheus-monitoring-kube-prometheus-prometheus-0,monitoring,/kubepods/besteffort/pod6bff50b8-f988-4ff2-a8c1-8f95f2c25189,1780923263,316493824.0
memory_working_set,minikube,storage-provisioner,kube-system,/kubepods/besteffort/pod9bffcac8-a0cd-49a4-ad59-cdbf60a579cb,1780923263,20766720.0
memory_working_set,minikube,monitoring-grafana-6f66955c48-hlrcn,monitoring,/kubepods/besteffort/pod9d3fe3f0-8989-47b4-8478-0ae7be66df8d,1780923263,402178048.0
memory_working_set,minikube,chaos-daemon-n6ghj,chaos-testing,/kubepods/besteffort/poda051be83-a7cd-43e4-83d3-76f3c90e8474,1780923263,18931712.0
memory_working_set,minikube,monitoring-kube-prometheus-operator-556b56cc6d-n6dg9,monitoring,/kubepods/besteffort/podc8122519-a592-495f-9353-00a2f23fdf80,1780923263,39915520.0
memory_working_set,minikube,monitoring-prometheus-node-exporter-pdw8p,monitoring,/kubepods/besteffort/podd35abb3b-34f0-40fa-af55-3ab246fc64c8,1780923263,19263488.0
memory_working_set,minikube,kube-scheduler-minikube,kube-system,/kubepods/burstable/pod1c7123a121598343200ffd5b015ca580,1780923263,40361984.0
memory_working_set,minikube,shippingservice-55656785c7-lk4mx,boutique,/kubepods/burstable/pod1df51271-c9ea-47fa-8fb2-cf15bbc7c216,1780923263,15249408.0
memory_working_set,minikube,chaos-controller-manager-659785674d-29q42,chaos-testing,/kubepods/burstable/pod21ab858c-cee8-438c-8682-c786dc3dc044,1780923263,29450240.0
memory_working_set,minikube,chaos-controller-manager-659785674d-fjb2r,chaos-testing,/kubepods/burstable/pod2569141a-4d05-422e-bcf2-2f01e2f5056d,1780923263,36433920.0
memory_working_set,minikube,coredns-7d764666f9-hxxb8,kube-system,/kubepods/burstable/pod596c18fb-891c-4e87-9b11-83d99dd6d264,1780923263,37203968.0
memory_working_set,minikube,recommendationservice-6f8f67d69-fhrns,boutique,/kubepods/burstable/pod5ded7b1a-44d9-4178-8596-57a9e25f6171,1780923263,57479168.0
memory_working_set,minikube,etcd-minikube,kube-system,/kubepods/burstable/pod5ff8e3b06bbaa8cb7ebc2bf531e48a2f,1780923263,88829952.0
memory_working_set,minikube,emailservice-7466dc585-sv4wh,boutique,/kubepods/burstable/pod6116940a-da83-4761-97dc-892a207b789e,1780923263,53305344.0
memory_working_set,minikube,cartservice-546c548494-cb4lb,boutique,/kubepods/burstable/pod6ec732c5-cf34-4e25-a3ce-ff4b44ce8d19,1780923263,71266304.0
memory_working_set,minikube,kube-controller-manager-minikube,kube-system,/kubepods/burstable/pod740363cf4388c2d0df59fc97f96b889c,1780923263,95731712.0
memory_working_set,minikube,chaos-dashboard-5b77585c6c-zm7f4,chaos-testing,/kubepods/burstable/pod7d3e8284-7c72-4577-a8fb-79d957f69104,1780923263,47878144.0
memory_working_set,minikube,chaos-dns-server-6bccb5bb76-gscmn,chaos-testing,/kubepods/burstable/pod8a82a436-ef3f-4750-8f39-dbfde680d0b8,1780923263,27750400.0
memory_working_set,minikube,coredns-7d764666f9-gmlgd,kube-system,/kubepods/burstable/pod9289fad3-6e91-4617-b97d-6da4631c2f35,1780923263,31514624.0
memory_working_set,minikube,adservice-8576649cff-5bvst,boutique,/kubepods/burstable/pod9d685cd3-17df-43af-a26e-7743c006902d,1780923263,112197632.0
memory_working_set,minikube,kube-apiserver-minikube,kube-system,/kubepods/burstable/poda6dc00f40d27725f15407f95751ce5f7,1780923263,576385024.0
memory_working_set,minikube,alertmanager-monitoring-kube-prometheus-alertmanager-0,monitoring,/kubepods/burstable/podb5fde93f-2f9a-427f-aa16-8a257f179975,1780923263,54513664.0
memory_working_set,minikube,currencyservice-fd8f5dfb7-js8gr,boutique,/kubepods/burstable/podc827ec2d-8a9d-4e1c-8017-62c3901eccb4,1780923263,121012224.0
memory_working_set,minikube,redis-cart-6899b65948-ms767,boutique,/kubepods/burstable/podd425db0f-53f9-4bec-9ee1-49e4ced03bb6,1780923263,13643776.0
memory_working_set,minikube,chaos-controller-manager-659785674d-wbwg8,chaos-testing,/kubepods/burstable/podd7abbfc2-2af5-4b28-b438-3ebef4bafcce,1780923263,27959296.0
memory_working_set,minikube,paymentservice-6b76dfb449-n8mm2,boutique,/kubepods/burstable/podd9986049-5066-4a99-a156-0bc7b2391961,1780923263,98816000.0
memory_working_set,minikube,checkoutservice-75b9cd684f-vzdsz,boutique,/kubepods/burstable/pod5827d8c7-6a98-4352-9825-164648474ddc,1780923263,17747968.0
memory_working_set,minikube,frontend-694b9f76cd-z2pk6,boutique,/kubepods/burstable/podcf6049c2-3667-4622-87ba-b06efa553d48,1780923263,23359488.0
memory_working_set,minikube,productcatalogservice-fb49fc9cc-wptz6,boutique,/kubepods/burstable/pode9d4586d-6739-497d-ae8d-4fd70972eea8,1780923263,18235392.0
memory_working_set,minikube,loadgenerator-7694cd65db-bdz8c,boutique,/kubepods/burstable/pod38d6ef8e-d456-4bd4-95a0-ea6760631a9d,1780923263,78315520.0
cpu_rate,minikube,kube-proxy-fshvh,kube-system,/kubepods/besteffort/pod2f4efb93-ee48-4c37-b1e1-6f2e54a917c7,1780923292,0.0004952103215555964
cpu_rate,minikube,monitoring-kube-state-metrics-868694bc4b-689cm,monitoring,/kubepods/besteffort/pod59c52cc8-67e3-4946-aac6-7ff0ef74285f,1780923292,0.0008958955949707175
cpu_rate,minikube,prometheus-monitoring-kube-prometheus-prometheus-0,monitoring,/kubepods/besteffort/pod6bff50b8-f988-4ff2-a8c1-8f95f2c25189,1780923292,0.011360158027280328
cpu_rate,minikube,storage-provisioner,kube-system,/kubepods/besteffort/pod9bffcac8-a0cd-49a4-ad59-cdbf60a579cb,1780923292,0.0013890651171716776
cpu_rate,minikube,monitoring-grafana-6f66955c48-hlrcn,monitoring,/kubepods/besteffort/pod9d3fe3f0-8989-47b4-8478-0ae7be66df8d,1780923292,0.011517652042476548
cpu_rate,minikube,chaos-daemon-n6ghj,chaos-testing,/kubepods/besteffort/poda051be83-a7cd-43e4-83d3-76f3c90e8474,1780923292,3.106526365571019e-05
cpu_rate,minikube,monitoring-kube-prometheus-operator-556b56cc6d-n6dg9,monitoring,/kubepods/besteffort/podc8122519-a592-495f-9353-00a2f23fdf80,1780923292,0.0024203138968907803
cpu_rate,minikube,monitoring-prometheus-node-exporter-pdw8p,monitoring,/kubepods/besteffort/podd35abb3b-34f0-40fa-af55-3ab246fc64c8,1780923292,0.0009877972222222197
cpu_rate,minikube,kube-scheduler-minikube,kube-system,/kubepods/burstable/pod1c7123a121598343200ffd5b015ca580,1780923292,0.004634369714537185
cpu_rate,minikube,shippingservice-55656785c7-lk4mx,boutique,/kubepods/burstable/pod1df51271-c9ea-47fa-8fb2-cf15bbc7c216,1780923292,0.0008287503695938234
cpu_rate,minikube,chaos-controller-manager-659785674d-29q42,chaos-testing,/kubepods/burstable/pod21ab858c-cee8-438c-8682-c786dc3dc044,1780923292,0.000438802976184407
cpu_rate,minikube,chaos-controller-manager-659785674d-fjb2r,chaos-testing,/kubepods/burstable/pod2569141a-4d05-422e-bcf2-2f01e2f5056d,1780923292,0.005524696835255558
cpu_rate,minikube,coredns-7d764666f9-hxxb8,kube-system,/kubepods/burstable/pod596c18fb-891c-4e87-9b11-83d99dd6d264,1780923292,0.0021749026021758446
cpu_rate,minikube,recommendationservice-6f8f67d69-fhrns,boutique,/kubepods/burstable/pod5ded7b1a-44d9-4178-8596-57a9e25f6171,1780923292,0.005667018426075495
cpu_rate,minikube,etcd-minikube,kube-system,/kubepods/burstable/pod5ff8e3b06bbaa8cb7ebc2bf531e48a2f,1780923292,0.02600722202079474
cpu_rate,minikube,emailservice-7466dc585-sv4wh,boutique,/kubepods/burstable/pod6116940a-da83-4761-97dc-892a207b789e,1780923292,0.0014302255902499368
cpu_rate,minikube,cartservice-546c548494-cb4lb,boutique,/kubepods/burstable/pod6ec732c5-cf34-4e25-a3ce-ff4b44ce8d19,1780923292,0.004416383217093631
cpu_rate,minikube,kube-controller-manager-minikube,kube-system,/kubepods/burstable/pod740363cf4388c2d0df59fc97f96b889c,1780923292,0.012836459624478193
cpu_rate,minikube,chaos-dashboard-5b77585c6c-zm7f4,chaos-testing,/kubepods/burstable/pod7d3e8284-7c72-4577-a8fb-79d957f69104,1780923292,0.002023024580441387
cpu_rate,minikube,chaos-dns-server-6bccb5bb76-gscmn,chaos-testing,/kubepods/burstable/pod8a82a436-ef3f-4750-8f39-dbfde680d0b8,1780923292,0.0021191085095972275
cpu_rate,minikube,coredns-7d764666f9-gmlgd,kube-system,/kubepods/burstable/pod9289fad3-6e91-4617-b97d-6da4631c2f35,1780923292,0.002059517049853863
cpu_rate,minikube,adservice-8576649cff-5bvst,boutique,/kubepods/burstable/pod9d685cd3-17df-43af-a26e-7743c006902d,1780923292,0.0013133714914904215
cpu_rate,minikube,kube-apiserver-minikube,kube-system,/kubepods/burstable/poda6dc00f40d27725f15407f95751ce5f7,1780923292,0.04855093001866336
cpu_rate,minikube,alertmanager-monitoring-kube-prometheus-alertmanager-0,monitoring,/kubepods/burstable/podb5fde93f-2f9a-427f-aa16-8a257f179975,1780923292,0.0007976260162601711
cpu_rate,minikube,currencyservice-fd8f5dfb7-js8gr,boutique,/kubepods/burstable/podc827ec2d-8a9d-4e1c-8017-62c3901eccb4,1780923292,0.009064676616915224
cpu_rate,minikube,redis-cart-6899b65948-ms767,boutique,/kubepods/burstable/podd425db0f-53f9-4bec-9ee1-49e4ced03bb6,1780923292,0.0019369999893473096
cpu_rate,minikube,chaos-controller-manager-659785674d-wbwg8,chaos-testing,/kubepods/burstable/podd7abbfc2-2af5-4b28-b438-3ebef4bafcce,1780923292,0.0005894121590480724
cpu_rate,minikube,paymentservice-6b76dfb449-n8mm2,boutique,/kubepods/burstable/podd9986049-5066-4a99-a156-0bc7b2391961,1780923292,0.0006984800584811608
cpu_rate,minikube,checkoutservice-75b9cd684f-vzdsz,boutique,/kubepods/burstable/pod5827d8c7-6a98-4352-9825-164648474ddc,1780923292,0.0006934250697261216
cpu_rate,minikube,frontend-694b9f76cd-z2pk6,boutique,/kubepods/burstable/podcf6049c2-3667-4622-87ba-b06efa553d48,1780923292,0.01169161300084171
cpu_rate,minikube,productcatalogservice-fb49fc9cc-wptz6,boutique,/kubepods/burstable/pode9d4586d-6739-497d-ae8d-4fd70972eea8,1780923292,0.005602663964901815
cpu_rate,minikube,loadgenerator-7694cd65db-bdz8c,boutique,/kubepods/burstable/pod38d6ef8e-d456-4bd4-95a0-ea6760631a9d,1780923292,0.002987768200990267
memory_working_set,minikube,kube-proxy-fshvh,kube-system,/kubepods/besteffort/pod2f4efb93-ee48-4c37-b1e1-6f2e54a917c7,1780923292,38322176.0
memory_working_set,minikube,monitoring-kube-state-metrics-868694bc4b-689cm,monitoring,/kubepods/besteffort/pod59c52cc8-67e3-4946-aac6-7ff0ef74285f,1780923292,38498304.0
memory_working_set,minikube,prometheus-monitoring-kube-prometheus-prometheus-0,monitoring,/kubepods/besteffort/pod6bff50b8-f988-4ff2-a8c1-8f95f2c25189,1780923292,318902272.0
memory_working_set,minikube,storage-provisioner,kube-system,/kubepods/besteffort/pod9bffcac8-a0cd-49a4-ad59-cdbf60a579cb,1780923292,20516864.0
memory_working_set,minikube,monitoring-grafana-6f66955c48-hlrcn,monitoring,/kubepods/besteffort/pod9d3fe3f0-8989-47b4-8478-0ae7be66df8d,1780923292,402202624.0
memory_working_set,minikube,chaos-daemon-n6ghj,chaos-testing,/kubepods/besteffort/poda051be83-a7cd-43e4-83d3-76f3c90e8474,1780923292,18931712.0
memory_working_set,minikube,monitoring-kube-prometheus-operator-556b56cc6d-n6dg9,monitoring,/kubepods/besteffort/podc8122519-a592-495f-9353-00a2f23fdf80,1780923292,39919616.0
memory_working_set,minikube,monitoring-prometheus-node-exporter-pdw8p,monitoring,/kubepods/besteffort/podd35abb3b-34f0-40fa-af55-3ab246fc64c8,1780923292,19263488.0
memory_working_set,minikube,kube-scheduler-minikube,kube-system,/kubepods/burstable/pod1c7123a121598343200ffd5b015ca580,1780923292,40366080.0
memory_working_set,minikube,shippingservice-55656785c7-lk4mx,boutique,/kubepods/burstable/pod1df51271-c9ea-47fa-8fb2-cf15bbc7c216,1780923292,15249408.0
memory_working_set,minikube,chaos-controller-manager-659785674d-29q42,chaos-testing,/kubepods/burstable/pod21ab858c-cee8-438c-8682-c786dc3dc044,1780923292,29450240.0
memory_working_set,minikube,chaos-controller-manager-659785674d-fjb2r,chaos-testing,/kubepods/burstable/pod2569141a-4d05-422e-bcf2-2f01e2f5056d,1780923292,36438016.0
memory_working_set,minikube,coredns-7d764666f9-hxxb8,kube-system,/kubepods/burstable/pod596c18fb-891c-4e87-9b11-83d99dd6d264,1780923292,37191680.0
memory_working_set,minikube,recommendationservice-6f8f67d69-fhrns,boutique,/kubepods/burstable/pod5ded7b1a-44d9-4178-8596-57a9e25f6171,1780923292,57487360.0
memory_working_set,minikube,etcd-minikube,kube-system,/kubepods/burstable/pod5ff8e3b06bbaa8cb7ebc2bf531e48a2f,1780923292,95092736.0
memory_working_set,minikube,emailservice-7466dc585-sv4wh,boutique,/kubepods/burstable/pod6116940a-da83-4761-97dc-892a207b789e,1780923292,53305344.0
memory_working_set,minikube,cartservice-546c548494-cb4lb,boutique,/kubepods/burstable/pod6ec732c5-cf34-4e25-a3ce-ff4b44ce8d19,1780923292,71294976.0
memory_working_set,minikube,kube-controller-manager-minikube,kube-system,/kubepods/burstable/pod740363cf4388c2d0df59fc97f96b889c,1780923292,95727616.0
memory_working_set,minikube,chaos-dashboard-5b77585c6c-zm7f4,chaos-testing,/kubepods/burstable/pod7d3e8284-7c72-4577-a8fb-79d957f69104,1780923292,47878144.0
memory_working_set,minikube,chaos-dns-server-6bccb5bb76-gscmn,chaos-testing,/kubepods/burstable/pod8a82a436-ef3f-4750-8f39-dbfde680d0b8,1780923292,28135424.0
memory_working_set,minikube,coredns-7d764666f9-gmlgd,kube-system,/kubepods/burstable/pod9289fad3-6e91-4617-b97d-6da4631c2f35,1780923292,31621120.0
memory_working_set,minikube,adservice-8576649cff-5bvst,boutique,/kubepods/burstable/pod9d685cd3-17df-43af-a26e-7743c006902d,1780923292,112459776.0
memory_working_set,minikube,kube-apiserver-minikube,kube-system,/kubepods/burstable/poda6dc00f40d27725f15407f95751ce5f7,1780923292,576393216.0
memory_working_set,minikube,alertmanager-monitoring-kube-prometheus-alertmanager-0,monitoring,/kubepods/burstable/podb5fde93f-2f9a-427f-aa16-8a257f179975,1780923292,54509568.0
memory_working_set,minikube,currencyservice-fd8f5dfb7-js8gr,boutique,/kubepods/burstable/podc827ec2d-8a9d-4e1c-8017-62c3901eccb4,1780923292,121778176.0
memory_working_set,minikube,redis-cart-6899b65948-ms767,boutique,/kubepods/burstable/podd425db0f-53f9-4bec-9ee1-49e4ced03bb6,1780923292,13643776.0
memory_working_set,minikube,chaos-controller-manager-659785674d-wbwg8,chaos-testing,/kubepods/burstable/podd7abbfc2-2af5-4b28-b438-3ebef4bafcce,1780923292,27959296.0
memory_working_set,minikube,paymentservice-6b76dfb449-n8mm2,boutique,/kubepods/burstable/podd9986049-5066-4a99-a156-0bc7b2391961,1780923292,99205120.0
memory_working_set,minikube,checkoutservice-75b9cd684f-vzdsz,boutique,/kubepods/burstable/pod5827d8c7-6a98-4352-9825-164648474ddc,1780923292,17752064.0
memory_working_set,minikube,frontend-694b9f76cd-z2pk6,boutique,/kubepods/burstable/podcf6049c2-3667-4622-87ba-b06efa553d48,1780923292,23478272.0
memory_working_set,minikube,productcatalogservice-fb49fc9cc-wptz6,boutique,/kubepods/burstable/pode9d4586d-6739-497d-ae8d-4fd70972eea8,1780923292,18231296.0
memory_working_set,minikube,loadgenerator-7694cd65db-bdz8c,boutique,/kubepods/burstable/pod38d6ef8e-d456-4bd4-95a0-ea6760631a9d,1780923292,78327808.0
cpu_rate,minikube,kube-proxy-fshvh,kube-system,/kubepods/besteffort/pod2f4efb93-ee48-4c37-b1e1-6f2e54a917c7,1780923321,0.0004602278455489598
cpu_rate,minikube,monitoring-kube-state-metrics-868694bc4b-689cm,monitoring,/kubepods/besteffort/pod59c52cc8-67e3-4946-aac6-7ff0ef74285f,1780923321,0.0009335483203745801
cpu_rate,minikube,prometheus-monitoring-kube-prometheus-prometheus-0,monitoring,/kubepods/besteffort/pod6bff50b8-f988-4ff2-a8c1-8f95f2c25189,1780923321,0.01130213969736654
cpu_rate,minikube,storage-provisioner,kube-system,/kubepods/besteffort/pod9bffcac8-a0cd-49a4-ad59-cdbf60a579cb,1780923321,0.0014244943141793736
cpu_rate,minikube,monitoring-grafana-6f66955c48-hlrcn,monitoring,/kubepods/besteffort/pod9d3fe3f0-8989-47b4-8478-0ae7be66df8d,1780923321,0.010783711328101768
cpu_rate,minikube,chaos-daemon-n6ghj,chaos-testing,/kubepods/besteffort/poda051be83-a7cd-43e4-83d3-76f3c90e8474,1780923321,2.8905390539053555e-05
cpu_rate,minikube,monitoring-kube-prometheus-operator-556b56cc6d-n6dg9,monitoring,/kubepods/besteffort/podc8122519-a592-495f-9353-00a2f23fdf80,1780923321,0.002547228528187575
cpu_rate,minikube,monitoring-prometheus-node-exporter-pdw8p,monitoring,/kubepods/besteffort/podd35abb3b-34f0-40fa-af55-3ab246fc64c8,1780923321,0.0010482329406534979
cpu_rate,minikube,kube-scheduler-minikube,kube-system,/kubepods/burstable/pod1c7123a121598343200ffd5b015ca580,1780923321,0.005257249313118877
cpu_rate,minikube,shippingservice-55656785c7-lk4mx,boutique,/kubepods/burstable/pod1df51271-c9ea-47fa-8fb2-cf15bbc7c216,1780923321,0.000926941876784543
cpu_rate,minikube,chaos-controller-manager-659785674d-29q42,chaos-testing,/kubepods/burstable/pod21ab858c-cee8-438c-8682-c786dc3dc044,1780923321,0.0003871528294954753
cpu_rate,minikube,chaos-controller-manager-659785674d-fjb2r,chaos-testing,/kubepods/burstable/pod2569141a-4d05-422e-bcf2-2f01e2f5056d,1780923321,0.005721707400309851
cpu_rate,minikube,coredns-7d764666f9-hxxb8,kube-system,/kubepods/burstable/pod596c18fb-891c-4e87-9b11-83d99dd6d264,1780923321,0.0021289814913153316
cpu_rate,minikube,recommendationservice-6f8f67d69-fhrns,boutique,/kubepods/burstable/pod5ded7b1a-44d9-4178-8596-57a9e25f6171,1780923321,0.00582379261491014
cpu_rate,minikube,etcd-minikube,kube-system,/kubepods/burstable/pod5ff8e3b06bbaa8cb7ebc2bf531e48a2f,1780923321,0.02636481683569722
cpu_rate,minikube,emailservice-7466dc585-sv4wh,boutique,/kubepods/burstable/pod6116940a-da83-4761-97dc-892a207b789e,1780923321,0.0013120206697109513
cpu_rate,minikube,cartservice-546c548494-cb4lb,boutique,/kubepods/burstable/pod6ec732c5-cf34-4e25-a3ce-ff4b44ce8d19,1780923321,0.004214596742800665
cpu_rate,minikube,kube-controller-manager-minikube,kube-system,/kubepods/burstable/pod740363cf4388c2d0df59fc97f96b889c,1780923321,0.013328119598224795
cpu_rate,minikube,chaos-dashboard-5b77585c6c-zm7f4,chaos-testing,/kubepods/burstable/pod7d3e8284-7c72-4577-a8fb-79d957f69104,1780923321,0.0021803672041965983
cpu_rate,minikube,chaos-dns-server-6bccb5bb76-gscmn,chaos-testing,/kubepods/burstable/pod8a82a436-ef3f-4750-8f39-dbfde680d0b8,1780923321,0.002179172094092455
cpu_rate,minikube,coredns-7d764666f9-gmlgd,kube-system,/kubepods/burstable/pod9289fad3-6e91-4617-b97d-6da4631c2f35,1780923321,0.0020905945616883853
cpu_rate,minikube,adservice-8576649cff-5bvst,boutique,/kubepods/burstable/pod9d685cd3-17df-43af-a26e-7743c006902d,1780923321,0.0013011504228680774
cpu_rate,minikube,kube-apiserver-minikube,kube-system,/kubepods/burstable/poda6dc00f40d27725f15407f95751ce5f7,1780923321,0.050439616702157415
cpu_rate,minikube,alertmanager-monitoring-kube-prometheus-alertmanager-0,monitoring,/kubepods/burstable/podb5fde93f-2f9a-427f-aa16-8a257f179975,1780923321,0.0005530847550593453
cpu_rate,minikube,currencyservice-fd8f5dfb7-js8gr,boutique,/kubepods/burstable/podc827ec2d-8a9d-4e1c-8017-62c3901eccb4,1780923321,0.009234682723657775
cpu_rate,minikube,redis-cart-6899b65948-ms767,boutique,/kubepods/burstable/podd425db0f-53f9-4bec-9ee1-49e4ced03bb6,1780923321,0.0020033871350826397
cpu_rate,minikube,chaos-controller-manager-659785674d-wbwg8,chaos-testing,/kubepods/burstable/podd7abbfc2-2af5-4b28-b438-3ebef4bafcce,1780923321,0.0005909947397346417
cpu_rate,minikube,paymentservice-6b76dfb449-n8mm2,boutique,/kubepods/burstable/podd9986049-5066-4a99-a156-0bc7b2391961,1780923321,0.000672774542429241
cpu_rate,minikube,checkoutservice-75b9cd684f-vzdsz,boutique,/kubepods/burstable/pod5827d8c7-6a98-4352-9825-164648474ddc,1780923321,0.0008414993384135435
cpu_rate,minikube,frontend-694b9f76cd-z2pk6,boutique,/kubepods/burstable/podcf6049c2-3667-4622-87ba-b06efa553d48,1780923321,0.012213600248654513
cpu_rate,minikube,productcatalogservice-fb49fc9cc-wptz6,boutique,/kubepods/burstable/pode9d4586d-6739-497d-ae8d-4fd70972eea8,1780923321,0.005655217989903733
cpu_rate,minikube,loadgenerator-7694cd65db-bdz8c,boutique,/kubepods/burstable/pod38d6ef8e-d456-4bd4-95a0-ea6760631a9d,1780923321,0.0031103971796547962
memory_working_set,minikube,kube-proxy-fshvh,kube-system,/kubepods/besteffort/pod2f4efb93-ee48-4c37-b1e1-6f2e54a917c7,1780923321,39145472.0
memory_working_set,minikube,monitoring-kube-state-metrics-868694bc4b-689cm,monitoring,/kubepods/besteffort/pod59c52cc8-67e3-4946-aac6-7ff0ef74285f,1780923321,38535168.0
memory_working_set,minikube,prometheus-monitoring-kube-prometheus-prometheus-0,monitoring,/kubepods/besteffort/pod6bff50b8-f988-4ff2-a8c1-8f95f2c25189,1780923321,309743616.0
memory_working_set,minikube,storage-provisioner,kube-system,/kubepods/besteffort/pod9bffcac8-a0cd-49a4-ad59-cdbf60a579cb,1780923321,20586496.0
memory_working_set,minikube,monitoring-grafana-6f66955c48-hlrcn,monitoring,/kubepods/besteffort/pod9d3fe3f0-8989-47b4-8478-0ae7be66df8d,1780923321,402255872.0
memory_working_set,minikube,chaos-daemon-n6ghj,chaos-testing,/kubepods/besteffort/poda051be83-a7cd-43e4-83d3-76f3c90e8474,1780923321,18931712.0
memory_working_set,minikube,monitoring-kube-prometheus-operator-556b56cc6d-n6dg9,monitoring,/kubepods/besteffort/podc8122519-a592-495f-9353-00a2f23fdf80,1780923321,40026112.0
memory_working_set,minikube,monitoring-prometheus-node-exporter-pdw8p,monitoring,/kubepods/besteffort/podd35abb3b-34f0-40fa-af55-3ab246fc64c8,1780923321,19947520.0
memory_working_set,minikube,kube-scheduler-minikube,kube-system,/kubepods/burstable/pod1c7123a121598343200ffd5b015ca580,1780923321,40361984.0
memory_working_set,minikube,shippingservice-55656785c7-lk4mx,boutique,/kubepods/burstable/pod1df51271-c9ea-47fa-8fb2-cf15bbc7c216,1780923321,14987264.0
memory_working_set,minikube,chaos-controller-manager-659785674d-29q42,chaos-testing,/kubepods/burstable/pod21ab858c-cee8-438c-8682-c786dc3dc044,1780923321,29450240.0
memory_working_set,minikube,chaos-controller-manager-659785674d-fjb2r,chaos-testing,/kubepods/burstable/pod2569141a-4d05-422e-bcf2-2f01e2f5056d,1780923321,36438016.0
memory_working_set,minikube,coredns-7d764666f9-hxxb8,kube-system,/kubepods/burstable/pod596c18fb-891c-4e87-9b11-83d99dd6d264,1780923321,37199872.0
memory_working_set,minikube,recommendationservice-6f8f67d69-fhrns,boutique,/kubepods/burstable/pod5ded7b1a-44d9-4178-8596-57a9e25f6171,1780923321,57475072.0
memory_working_set,minikube,etcd-minikube,kube-system,/kubepods/burstable/pod5ff8e3b06bbaa8cb7ebc2bf531e48a2f,1780923321,94806016.0
memory_working_set,minikube,emailservice-7466dc585-sv4wh,boutique,/kubepods/burstable/pod6116940a-da83-4761-97dc-892a207b789e,1780923321,53305344.0
memory_working_set,minikube,cartservice-546c548494-cb4lb,boutique,/kubepods/burstable/pod6ec732c5-cf34-4e25-a3ce-ff4b44ce8d19,1780923321,71241728.0
memory_working_set,minikube,kube-controller-manager-minikube,kube-system,/kubepods/burstable/pod740363cf4388c2d0df59fc97f96b889c,1780923321,95731712.0
memory_working_set,minikube,chaos-dashboard-5b77585c6c-zm7f4,chaos-testing,/kubepods/burstable/pod7d3e8284-7c72-4577-a8fb-79d957f69104,1780923321,47878144.0
memory_working_set,minikube,chaos-dns-server-6bccb5bb76-gscmn,chaos-testing,/kubepods/burstable/pod8a82a436-ef3f-4750-8f39-dbfde680d0b8,1780923321,27975680.0
memory_working_set,minikube,coredns-7d764666f9-gmlgd,kube-system,/kubepods/burstable/pod9289fad3-6e91-4617-b97d-6da4631c2f35,1780923321,31580160.0
memory_working_set,minikube,adservice-8576649cff-5bvst,boutique,/kubepods/burstable/pod9d685cd3-17df-43af-a26e-7743c006902d,1780923321,112197632.0
memory_working_set,minikube,kube-apiserver-minikube,kube-system,/kubepods/burstable/poda6dc00f40d27725f15407f95751ce5f7,1780923321,577187840.0
memory_working_set,minikube,alertmanager-monitoring-kube-prometheus-alertmanager-0,monitoring,/kubepods/burstable/podb5fde93f-2f9a-427f-aa16-8a257f179975,1780923321,55287808.0
memory_working_set,minikube,currencyservice-fd8f5dfb7-js8gr,boutique,/kubepods/burstable/podc827ec2d-8a9d-4e1c-8017-62c3901eccb4,1780923321,121360384.0
memory_working_set,minikube,redis-cart-6899b65948-ms767,boutique,/kubepods/burstable/podd425db0f-53f9-4bec-9ee1-49e4ced03bb6,1780923321,13381632.0
memory_working_set,minikube,chaos-controller-manager-659785674d-wbwg8,chaos-testing,/kubepods/burstable/podd7abbfc2-2af5-4b28-b438-3ebef4bafcce,1780923321,27955200.0
memory_working_set,minikube,paymentservice-6b76dfb449-n8mm2,boutique,/kubepods/burstable/podd9986049-5066-4a99-a156-0bc7b2391961,1780923321,99606528.0
memory_working_set,minikube,checkoutservice-75b9cd684f-vzdsz,boutique,/kubepods/burstable/pod5827d8c7-6a98-4352-9825-164648474ddc,1780923321,17756160.0
memory_working_set,minikube,frontend-694b9f76cd-z2pk6,boutique,/kubepods/burstable/podcf6049c2-3667-4622-87ba-b06efa553d48,1780923321,23650304.0
memory_working_set,minikube,productcatalogservice-fb49fc9cc-wptz6,boutique,/kubepods/burstable/pode9d4586d-6739-497d-ae8d-4fd70972eea8,1780923321,18530304.0
memory_working_set,minikube,loadgenerator-7694cd65db-bdz8c,boutique,/kubepods/burstable/pod38d6ef8e-d456-4bd4-95a0-ea6760631a9d,1780923321,78327808.0
cpu_rate,minikube,kube-proxy-fshvh,kube-system,/kubepods/besteffort/pod2f4efb93-ee48-4c37-b1e1-6f2e54a917c7,1780923351,0.0004739069916701305
cpu_rate,minikube,monitoring-kube-state-metrics-868694bc4b-689cm,monitoring,/kubepods/besteffort/pod59c52cc8-67e3-4946-aac6-7ff0ef74285f,1780923351,0.0008936502185242984
cpu_rate,minikube,prometheus-monitoring-kube-prometheus-prometheus-0,monitoring,/kubepods/besteffort/pod6bff50b8-f988-4ff2-a8c1-8f95f2c25189,1780923351,0.01172096381648696
cpu_rate,minikube,storage-provisioner,kube-system,/kubepods/besteffort/pod9bffcac8-a0cd-49a4-ad59-cdbf60a579cb,1780923351,0.0013732515932778657
cpu_rate,minikube,monitoring-grafana-6f66955c48-hlrcn,monitoring,/kubepods/besteffort/pod9d3fe3f0-8989-47b4-8478-0ae7be66df8d,1780923351,0.010432256275134803
cpu_rate,minikube,chaos-daemon-n6ghj,chaos-testing,/kubepods/besteffort/poda051be83-a7cd-43e4-83d3-76f3c90e8474,1780923351,3.1494727601034294e-05
cpu_rate,minikube,monitoring-kube-prometheus-operator-556b56cc6d-n6dg9,monitoring,/kubepods/besteffort/podc8122519-a592-495f-9353-00a2f23fdf80,1780923351,0.0027681877778133216
cpu_rate,minikube,monitoring-prometheus-node-exporter-pdw8p,monitoring,/kubepods/besteffort/podd35abb3b-34f0-40fa-af55-3ab246fc64c8,1780923351,0.0010238254020851162
cpu_rate,minikube,kube-scheduler-minikube,kube-system,/kubepods/burstable/pod1c7123a121598343200ffd5b015ca580,1780923351,0.00455047061512419
cpu_rate,minikube,shippingservice-55656785c7-lk4mx,boutique,/kubepods/burstable/pod1df51271-c9ea-47fa-8fb2-cf15bbc7c216,1780923351,0.0008527930830529647
cpu_rate,minikube,chaos-controller-manager-659785674d-29q42,chaos-testing,/kubepods/burstable/pod21ab858c-cee8-438c-8682-c786dc3dc044,1780923351,0.00024770482017111956
cpu_rate,minikube,chaos-controller-manager-659785674d-fjb2r,chaos-testing,/kubepods/burstable/pod2569141a-4d05-422e-bcf2-2f01e2f5056d,1780923351,0.005044024140204465
cpu_rate,minikube,coredns-7d764666f9-hxxb8,kube-system,/kubepods/burstable/pod596c18fb-891c-4e87-9b11-83d99dd6d264,1780923351,0.0021453471312036466
cpu_rate,minikube,recommendationservice-6f8f67d69-fhrns,boutique,/kubepods/burstable/pod5ded7b1a-44d9-4178-8596-57a9e25f6171,1780923351,0.005312275592939391
cpu_rate,minikube,etcd-minikube,kube-system,/kubepods/burstable/pod5ff8e3b06bbaa8cb7ebc2bf531e48a2f,1780923351,0.026173369580715262
cpu_rate,minikube,emailservice-7466dc585-sv4wh,boutique,/kubepods/burstable/pod6116940a-da83-4761-97dc-892a207b789e,1780923351,0.0014745220271059965
cpu_rate,minikube,cartservice-546c548494-cb4lb,boutique,/kubepods/burstable/pod6ec732c5-cf34-4e25-a3ce-ff4b44ce8d19,1780923351,0.003575482661690451
cpu_rate,minikube,kube-controller-manager-minikube,kube-system,/kubepods/burstable/pod740363cf4388c2d0df59fc97f96b889c,1780923351,0.011869016362134055
cpu_rate,minikube,chaos-dashboard-5b77585c6c-zm7f4,chaos-testing,/kubepods/burstable/pod7d3e8284-7c72-4577-a8fb-79d957f69104,1780923351,0.0019564621674004763
cpu_rate,minikube,chaos-dns-server-6bccb5bb76-gscmn,chaos-testing,/kubepods/burstable/pod8a82a436-ef3f-4750-8f39-dbfde680d0b8,1780923351,0.0021596007823286184
cpu_rate,minikube,coredns-7d764666f9-gmlgd,kube-system,/kubepods/burstable/pod9289fad3-6e91-4617-b97d-6da4631c2f35,1780923351,0.0019828479349390526
cpu_rate,minikube,adservice-8576649cff-5bvst,boutique,/kubepods/burstable/pod9d685cd3-17df-43af-a26e-7743c006902d,1780923351,0.0012858232590474594
cpu_rate,minikube,kube-apiserver-minikube,kube-system,/kubepods/burstable/poda6dc00f40d27725f15407f95751ce5f7,1780923351,0.05004407776631905
cpu_rate,minikube,alertmanager-monitoring-kube-prometheus-alertmanager-0,monitoring,/kubepods/burstable/podb5fde93f-2f9a-427f-aa16-8a257f179975,1780923351,0.0007467771372287769
cpu_rate,minikube,currencyservice-fd8f5dfb7-js8gr,boutique,/kubepods/burstable/podc827ec2d-8a9d-4e1c-8017-62c3901eccb4,1780923351,0.008321293310278156
cpu_rate,minikube,redis-cart-6899b65948-ms767,boutique,/kubepods/burstable/podd425db0f-53f9-4bec-9ee1-49e4ced03bb6,1780923351,0.0018576793052490134
cpu_rate,minikube,chaos-controller-manager-659785674d-wbwg8,chaos-testing,/kubepods/burstable/podd7abbfc2-2af5-4b28-b438-3ebef4bafcce,1780923351,0.00047633977746694347
cpu_rate,minikube,paymentservice-6b76dfb449-n8mm2,boutique,/kubepods/burstable/podd9986049-5066-4a99-a156-0bc7b2391961,1780923351,0.0004882364668841871
cpu_rate,minikube,checkoutservice-75b9cd684f-vzdsz,boutique,/kubepods/burstable/pod5827d8c7-6a98-4352-9825-164648474ddc,1780923351,0.0006815879597211103
cpu_rate,minikube,frontend-694b9f76cd-z2pk6,boutique,/kubepods/burstable/podcf6049c2-3667-4622-87ba-b06efa553d48,1780923351,0.010510822739008597
cpu_rate,minikube,productcatalogservice-fb49fc9cc-wptz6,boutique,/kubepods/burstable/pode9d4586d-6739-497d-ae8d-4fd70972eea8,1780923351,0.0055536050991966245
cpu_rate,minikube,loadgenerator-7694cd65db-bdz8c,boutique,/kubepods/burstable/pod38d6ef8e-d456-4bd4-95a0-ea6760631a9d,1780923351,0.0030397483586397465
memory_working_set,minikube,kube-proxy-fshvh,kube-system,/kubepods/besteffort/pod2f4efb93-ee48-4c37-b1e1-6f2e54a917c7,1780923351,39174144.0
memory_working_set,minikube,monitoring-kube-state-metrics-868694bc4b-689cm,monitoring,/kubepods/besteffort/pod59c52cc8-67e3-4946-aac6-7ff0ef74285f,1780923351,38535168.0
memory_working_set,minikube,prometheus-monitoring-kube-prometheus-prometheus-0,monitoring,/kubepods/besteffort/pod6bff50b8-f988-4ff2-a8c1-8f95f2c25189,1780923351,312270848.0
memory_working_set,minikube,storage-provisioner,kube-system,/kubepods/besteffort/pod9bffcac8-a0cd-49a4-ad59-cdbf60a579cb,1780923351,20774912.0
memory_working_set,minikube,monitoring-grafana-6f66955c48-hlrcn,monitoring,/kubepods/besteffort/pod9d3fe3f0-8989-47b4-8478-0ae7be66df8d,1780923351,402284544.0
memory_working_set,minikube,chaos-daemon-n6ghj,chaos-testing,/kubepods/besteffort/poda051be83-a7cd-43e4-83d3-76f3c90e8474,1780923351,18931712.0
memory_working_set,minikube,monitoring-kube-prometheus-operator-556b56cc6d-n6dg9,monitoring,/kubepods/besteffort/podc8122519-a592-495f-9353-00a2f23fdf80,1780923351,40026112.0
memory_working_set,minikube,monitoring-prometheus-node-exporter-pdw8p,monitoring,/kubepods/besteffort/podd35abb3b-34f0-40fa-af55-3ab246fc64c8,1780923351,19189760.0
memory_working_set,minikube,kube-scheduler-minikube,kube-system,/kubepods/burstable/pod1c7123a121598343200ffd5b015ca580,1780923351,40357888.0
memory_working_set,minikube,shippingservice-55656785c7-lk4mx,boutique,/kubepods/burstable/pod1df51271-c9ea-47fa-8fb2-cf15bbc7c216,1780923351,14991360.0
memory_working_set,minikube,chaos-controller-manager-659785674d-29q42,chaos-testing,/kubepods/burstable/pod21ab858c-cee8-438c-8682-c786dc3dc044,1780923351,29450240.0
memory_working_set,minikube,chaos-controller-manager-659785674d-fjb2r,chaos-testing,/kubepods/burstable/pod2569141a-4d05-422e-bcf2-2f01e2f5056d,1780923351,36438016.0
memory_working_set,minikube,coredns-7d764666f9-hxxb8,kube-system,/kubepods/burstable/pod596c18fb-891c-4e87-9b11-83d99dd6d264,1780923351,37502976.0
memory_working_set,minikube,recommendationservice-6f8f67d69-fhrns,boutique,/kubepods/burstable/pod5ded7b1a-44d9-4178-8596-57a9e25f6171,1780923351,57749504.0
memory_working_set,minikube,etcd-minikube,kube-system,/kubepods/burstable/pod5ff8e3b06bbaa8cb7ebc2bf531e48a2f,1780923351,87339008.0
memory_working_set,minikube,emailservice-7466dc585-sv4wh,boutique,/kubepods/burstable/pod6116940a-da83-4761-97dc-892a207b789e,1780923351,53305344.0
memory_working_set,minikube,cartservice-546c548494-cb4lb,boutique,/kubepods/burstable/pod6ec732c5-cf34-4e25-a3ce-ff4b44ce8d19,1780923351,71237632.0
memory_working_set,minikube,kube-controller-manager-minikube,kube-system,/kubepods/burstable/pod740363cf4388c2d0df59fc97f96b889c,1780923351,95727616.0
memory_working_set,minikube,chaos-dashboard-5b77585c6c-zm7f4,chaos-testing,/kubepods/burstable/pod7d3e8284-7c72-4577-a8fb-79d957f69104,1780923351,47886336.0
memory_working_set,minikube,chaos-dns-server-6bccb5bb76-gscmn,chaos-testing,/kubepods/burstable/pod8a82a436-ef3f-4750-8f39-dbfde680d0b8,1780923351,28057600.0
memory_working_set,minikube,coredns-7d764666f9-gmlgd,kube-system,/kubepods/burstable/pod9289fad3-6e91-4617-b97d-6da4631c2f35,1780923351,31375360.0
memory_working_set,minikube,adservice-8576649cff-5bvst,boutique,/kubepods/burstable/pod9d685cd3-17df-43af-a26e-7743c006902d,1780923351,112197632.0
memory_working_set,minikube,kube-apiserver-minikube,kube-system,/kubepods/burstable/poda6dc00f40d27725f15407f95751ce5f7,1780923351,576151552.0
memory_working_set,minikube,alertmanager-monitoring-kube-prometheus-alertmanager-0,monitoring,/kubepods/burstable/podb5fde93f-2f9a-427f-aa16-8a257f179975,1780923351,52789248.0
memory_working_set,minikube,currencyservice-fd8f5dfb7-js8gr,boutique,/kubepods/burstable/podc827ec2d-8a9d-4e1c-8017-62c3901eccb4,1780923351,121614336.0
memory_working_set,minikube,redis-cart-6899b65948-ms767,boutique,/kubepods/burstable/podd425db0f-53f9-4bec-9ee1-49e4ced03bb6,1780923351,13381632.0
memory_working_set,minikube,chaos-controller-manager-659785674d-wbwg8,chaos-testing,/kubepods/burstable/podd7abbfc2-2af5-4b28-b438-3ebef4bafcce,1780923351,27955200.0
memory_working_set,minikube,paymentservice-6b76dfb449-n8mm2,boutique,/kubepods/burstable/podd9986049-5066-4a99-a156-0bc7b2391961,1780923351,99274752.0
memory_working_set,minikube,checkoutservice-75b9cd684f-vzdsz,boutique,/kubepods/burstable/pod5827d8c7-6a98-4352-9825-164648474ddc,1780923351,17424384.0
memory_working_set,minikube,frontend-694b9f76cd-z2pk6,boutique,/kubepods/burstable/podcf6049c2-3667-4622-87ba-b06efa553d48,1780923351,23322624.0
memory_working_set,minikube,productcatalogservice-fb49fc9cc-wptz6,boutique,/kubepods/burstable/pode9d4586d-6739-497d-ae8d-4fd70972eea8,1780923351,18505728.0
memory_working_set,minikube,loadgenerator-7694cd65db-bdz8c,boutique,/kubepods/burstable/pod38d6ef8e-d456-4bd4-95a0-ea6760631a9d,1780923351,78336000.0
cpu_rate,minikube,kube-proxy-fshvh,kube-system,/kubepods/besteffort/pod2f4efb93-ee48-4c37-b1e1-6f2e54a917c7,1780923380,0.00042547036359512553
cpu_rate,minikube,monitoring-kube-state-metrics-868694bc4b-689cm,monitoring,/kubepods/besteffort/pod59c52cc8-67e3-4946-aac6-7ff0ef74285f,1780923380,0.0008862415233391597
cpu_rate,minikube,prometheus-monitoring-kube-prometheus-prometheus-0,monitoring,/kubepods/besteffort/pod6bff50b8-f988-4ff2-a8c1-8f95f2c25189,1780923380,0.010344914631329317
cpu_rate,minikube,storage-provisioner,kube-system,/kubepods/besteffort/pod9bffcac8-a0cd-49a4-ad59-cdbf60a579cb,1780923380,0.0013346217671845833
cpu_rate,minikube,monitoring-grafana-6f66955c48-hlrcn,monitoring,/kubepods/besteffort/pod9d3fe3f0-8989-47b4-8478-0ae7be66df8d,1780923380,0.009950495241230364
cpu_rate,minikube,chaos-daemon-n6ghj,chaos-testing,/kubepods/besteffort/poda051be83-a7cd-43e4-83d3-76f3c90e8474,1780923380,2.9923036093418982e-05
cpu_rate,minikube,monitoring-kube-prometheus-operator-556b56cc6d-n6dg9,monitoring,/kubepods/besteffort/podc8122519-a592-495f-9353-00a2f23fdf80,1780923380,0.0020430375000000706
cpu_rate,minikube,monitoring-prometheus-node-exporter-pdw8p,monitoring,/kubepods/besteffort/podd35abb3b-34f0-40fa-af55-3ab246fc64c8,1780923380,0.0010303354105398407
cpu_rate,minikube,kube-scheduler-minikube,kube-system,/kubepods/burstable/pod1c7123a121598343200ffd5b015ca580,1780923380,0.004475309218356838
cpu_rate,minikube,shippingservice-55656785c7-lk4mx,boutique,/kubepods/burstable/pod1df51271-c9ea-47fa-8fb2-cf15bbc7c216,1780923380,0.000819663269217498
cpu_rate,minikube,chaos-controller-manager-659785674d-29q42,chaos-testing,/kubepods/burstable/pod21ab858c-cee8-438c-8682-c786dc3dc044,1780923380,0.0003790832111852139
cpu_rate,minikube,chaos-controller-manager-659785674d-fjb2r,chaos-testing,/kubepods/burstable/pod2569141a-4d05-422e-bcf2-2f01e2f5056d,1780923380,0.004886916578776098
cpu_rate,minikube,coredns-7d764666f9-hxxb8,kube-system,/kubepods/burstable/pod596c18fb-891c-4e87-9b11-83d99dd6d264,1780923380,0.0018588327114837163
cpu_rate,minikube,recommendationservice-6f8f67d69-fhrns,boutique,/kubepods/burstable/pod5ded7b1a-44d9-4178-8596-57a9e25f6171,1780923380,0.005566785517093013
cpu_rate,minikube,etcd-minikube,kube-system,/kubepods/burstable/pod5ff8e3b06bbaa8cb7ebc2bf531e48a2f,1780923380,0.025420813077414634
cpu_rate,minikube,emailservice-7466dc585-sv4wh,boutique,/kubepods/burstable/pod6116940a-da83-4761-97dc-892a207b789e,1780923380,0.0014667758656852243
cpu_rate,minikube,cartservice-546c548494-cb4lb,boutique,/kubepods/burstable/pod6ec732c5-cf34-4e25-a3ce-ff4b44ce8d19,1780923380,0.0038252683811250553
cpu_rate,minikube,kube-controller-manager-minikube,kube-system,/kubepods/burstable/pod740363cf4388c2d0df59fc97f96b889c,1780923380,0.012018966607964442
cpu_rate,minikube,chaos-dashboard-5b77585c6c-zm7f4,chaos-testing,/kubepods/burstable/pod7d3e8284-7c72-4577-a8fb-79d957f69104,1780923380,0.0022098595156937206
cpu_rate,minikube,chaos-dns-server-6bccb5bb76-gscmn,chaos-testing,/kubepods/burstable/pod8a82a436-ef3f-4750-8f39-dbfde680d0b8,1780923380,0.002159120336248282
cpu_rate,minikube,coredns-7d764666f9-gmlgd,kube-system,/kubepods/burstable/pod9289fad3-6e91-4617-b97d-6da4631c2f35,1780923380,0.0020942033786021594
cpu_rate,minikube,adservice-8576649cff-5bvst,boutique,/kubepods/burstable/pod9d685cd3-17df-43af-a26e-7743c006902d,1780923380,0.00111037681416684
cpu_rate,minikube,kube-apiserver-minikube,kube-system,/kubepods/burstable/poda6dc00f40d27725f15407f95751ce5f7,1780923380,0.04476567415768436
cpu_rate,minikube,alertmanager-monitoring-kube-prometheus-alertmanager-0,monitoring,/kubepods/burstable/podb5fde93f-2f9a-427f-aa16-8a257f179975,1780923380,0.0007617475525932279
cpu_rate,minikube,currencyservice-fd8f5dfb7-js8gr,boutique,/kubepods/burstable/podc827ec2d-8a9d-4e1c-8017-62c3901eccb4,1780923380,0.008192206233870462
cpu_rate,minikube,redis-cart-6899b65948-ms767,boutique,/kubepods/burstable/podd425db0f-53f9-4bec-9ee1-49e4ced03bb6,1780923380,0.0016391214852516584
cpu_rate,minikube,chaos-controller-manager-659785674d-wbwg8,chaos-testing,/kubepods/burstable/podd7abbfc2-2af5-4b28-b438-3ebef4bafcce,1780923380,0.00038527810812312376
cpu_rate,minikube,paymentservice-6b76dfb449-n8mm2,boutique,/kubepods/burstable/podd9986049-5066-4a99-a156-0bc7b2391961,1780923380,0.0005445815403563533
cpu_rate,minikube,checkoutservice-75b9cd684f-vzdsz,boutique,/kubepods/burstable/pod5827d8c7-6a98-4352-9825-164648474ddc,1780923380,0.000746169585306556
cpu_rate,minikube,frontend-694b9f76cd-z2pk6,boutique,/kubepods/burstable/podcf6049c2-3667-4622-87ba-b06efa553d48,1780923380,0.011083335841937908
cpu_rate,minikube,productcatalogservice-fb49fc9cc-wptz6,boutique,/kubepods/burstable/pode9d4586d-6739-497d-ae8d-4fd70972eea8,1780923380,0.004623908784703831
cpu_rate,minikube,loadgenerator-7694cd65db-bdz8c,boutique,/kubepods/burstable/pod38d6ef8e-d456-4bd4-95a0-ea6760631a9d,1780923380,0.002910400441105587
memory_working_set,minikube,kube-proxy-fshvh,kube-system,/kubepods/besteffort/pod2f4efb93-ee48-4c37-b1e1-6f2e54a917c7,1780923380,39186432.0
memory_working_set,minikube,monitoring-kube-state-metrics-868694bc4b-689cm,monitoring,/kubepods/besteffort/pod59c52cc8-67e3-4946-aac6-7ff0ef74285f,1780923380,38150144.0
memory_working_set,minikube,prometheus-monitoring-kube-prometheus-prometheus-0,monitoring,/kubepods/besteffort/pod6bff50b8-f988-4ff2-a8c1-8f95f2c25189,1780923380,312401920.0
memory_working_set,minikube,storage-provisioner,kube-system,/kubepods/besteffort/pod9bffcac8-a0cd-49a4-ad59-cdbf60a579cb,1780923380,20455424.0
memory_working_set,minikube,monitoring-grafana-6f66955c48-hlrcn,monitoring,/kubepods/besteffort/pod9d3fe3f0-8989-47b4-8478-0ae7be66df8d,1780923380,402489344.0
memory_working_set,minikube,chaos-daemon-n6ghj,chaos-testing,/kubepods/besteffort/poda051be83-a7cd-43e4-83d3-76f3c90e8474,1780923380,18931712.0
memory_working_set,minikube,monitoring-kube-prometheus-operator-556b56cc6d-n6dg9,monitoring,/kubepods/besteffort/podc8122519-a592-495f-9353-00a2f23fdf80,1780923380,40026112.0
memory_working_set,minikube,monitoring-prometheus-node-exporter-pdw8p,monitoring,/kubepods/besteffort/podd35abb3b-34f0-40fa-af55-3ab246fc64c8,1780923380,18333696.0
memory_working_set,minikube,kube-scheduler-minikube,kube-system,/kubepods/burstable/pod1c7123a121598343200ffd5b015ca580,1780923380,40366080.0
memory_working_set,minikube,shippingservice-55656785c7-lk4mx,boutique,/kubepods/burstable/pod1df51271-c9ea-47fa-8fb2-cf15bbc7c216,1780923380,14987264.0
memory_working_set,minikube,chaos-controller-manager-659785674d-29q42,chaos-testing,/kubepods/burstable/pod21ab858c-cee8-438c-8682-c786dc3dc044,1780923380,29458432.0
memory_working_set,minikube,chaos-controller-manager-659785674d-fjb2r,chaos-testing,/kubepods/burstable/pod2569141a-4d05-422e-bcf2-2f01e2f5056d,1780923380,36433920.0
memory_working_set,minikube,coredns-7d764666f9-hxxb8,kube-system,/kubepods/burstable/pod596c18fb-891c-4e87-9b11-83d99dd6d264,1780923380,37752832.0
memory_working_set,minikube,recommendationservice-6f8f67d69-fhrns,boutique,/kubepods/burstable/pod5ded7b1a-44d9-4178-8596-57a9e25f6171,1780923380,57479168.0
memory_working_set,minikube,etcd-minikube,kube-system,/kubepods/burstable/pod5ff8e3b06bbaa8cb7ebc2bf531e48a2f,1780923380,87633920.0
memory_working_set,minikube,emailservice-7466dc585-sv4wh,boutique,/kubepods/burstable/pod6116940a-da83-4761-97dc-892a207b789e,1780923380,53293056.0
memory_working_set,minikube,cartservice-546c548494-cb4lb,boutique,/kubepods/burstable/pod6ec732c5-cf34-4e25-a3ce-ff4b44ce8d19,1780923380,71237632.0
memory_working_set,minikube,kube-controller-manager-minikube,kube-system,/kubepods/burstable/pod740363cf4388c2d0df59fc97f96b889c,1780923380,95727616.0
memory_working_set,minikube,chaos-dashboard-5b77585c6c-zm7f4,chaos-testing,/kubepods/burstable/pod7d3e8284-7c72-4577-a8fb-79d957f69104,1780923380,47878144.0
memory_working_set,minikube,chaos-dns-server-6bccb5bb76-gscmn,chaos-testing,/kubepods/burstable/pod8a82a436-ef3f-4750-8f39-dbfde680d0b8,1780923380,28426240.0
memory_working_set,minikube,coredns-7d764666f9-gmlgd,kube-system,/kubepods/burstable/pod9289fad3-6e91-4617-b97d-6da4631c2f35,1780923380,32714752.0
memory_working_set,minikube,adservice-8576649cff-5bvst,boutique,/kubepods/burstable/pod9d685cd3-17df-43af-a26e-7743c006902d,1780923380,112455680.0
memory_working_set,minikube,kube-apiserver-minikube,kube-system,/kubepods/burstable/poda6dc00f40d27725f15407f95751ce5f7,1780923380,577171456.0
memory_working_set,minikube,alertmanager-monitoring-kube-prometheus-alertmanager-0,monitoring,/kubepods/burstable/podb5fde93f-2f9a-427f-aa16-8a257f179975,1780923380,52830208.0
memory_working_set,minikube,currencyservice-fd8f5dfb7-js8gr,boutique,/kubepods/burstable/podc827ec2d-8a9d-4e1c-8017-62c3901eccb4,1780923380,122011648.0
memory_working_set,minikube,redis-cart-6899b65948-ms767,boutique,/kubepods/burstable/podd425db0f-53f9-4bec-9ee1-49e4ced03bb6,1780923380,13381632.0
memory_working_set,minikube,chaos-controller-manager-659785674d-wbwg8,chaos-testing,/kubepods/burstable/podd7abbfc2-2af5-4b28-b438-3ebef4bafcce,1780923380,27959296.0
memory_working_set,minikube,paymentservice-6b76dfb449-n8mm2,boutique,/kubepods/burstable/podd9986049-5066-4a99-a156-0bc7b2391961,1780923380,99737600.0
memory_working_set,minikube,checkoutservice-75b9cd684f-vzdsz,boutique,/kubepods/burstable/pod5827d8c7-6a98-4352-9825-164648474ddc,1780923380,17424384.0
memory_working_set,minikube,frontend-694b9f76cd-z2pk6,boutique,/kubepods/burstable/podcf6049c2-3667-4622-87ba-b06efa553d48,1780923380,23420928.0
memory_working_set,minikube,productcatalogservice-fb49fc9cc-wptz6,boutique,/kubepods/burstable/pode9d4586d-6739-497d-ae8d-4fd70972eea8,1780923380,18649088.0
memory_working_set,minikube,loadgenerator-7694cd65db-bdz8c,boutique,/kubepods/burstable/pod38d6ef8e-d456-4bd4-95a0-ea6760631a9d,1780923380,78344192.0
cpu_rate,minikube,kube-proxy-fshvh,kube-system,/kubepods/besteffort/pod2f4efb93-ee48-4c37-b1e1-6f2e54a917c7,1780923409,0.0004784148863906173
cpu_rate,minikube,monitoring-kube-state-metrics-868694bc4b-689cm,monitoring,/kubepods/besteffort/pod59c52cc8-67e3-4946-aac6-7ff0ef74285f,1780923409,0.0008554685851723832
cpu_rate,minikube,prometheus-monitoring-kube-prometheus-prometheus-0,monitoring,/kubepods/besteffort/pod6bff50b8-f988-4ff2-a8c1-8f95f2c25189,1780923409,0.010704165183339262
cpu_rate,minikube,storage-provisioner,kube-system,/kubepods/besteffort/pod9bffcac8-a0cd-49a4-ad59-cdbf60a579cb,1780923409,0.0013715092710757195
cpu_rate,minikube,monitoring-grafana-6f66955c48-hlrcn,monitoring,/kubepods/besteffort/pod9d3fe3f0-8989-47b4-8478-0ae7be66df8d,1780923409,0.010369491220890474
cpu_rate,minikube,chaos-daemon-n6ghj,chaos-testing,/kubepods/besteffort/poda051be83-a7cd-43e4-83d3-76f3c90e8474,1780923409,1.360277920031905e-06
cpu_rate,minikube,monitoring-kube-prometheus-operator-556b56cc6d-n6dg9,monitoring,/kubepods/besteffort/podc8122519-a592-495f-9353-00a2f23fdf80,1780923409,0.0022518063258881024
cpu_rate,minikube,monitoring-prometheus-node-exporter-pdw8p,monitoring,/kubepods/besteffort/podd35abb3b-34f0-40fa-af55-3ab246fc64c8,1780923409,0.0010125376513247554
cpu_rate,minikube,kube-scheduler-minikube,kube-system,/kubepods/burstable/pod1c7123a121598343200ffd5b015ca580,1780923409,0.004909827739889127
cpu_rate,minikube,shippingservice-55656785c7-lk4mx,boutique,/kubepods/burstable/pod1df51271-c9ea-47fa-8fb2-cf15bbc7c216,1780923409,0.0008133539406038274
cpu_rate,minikube,chaos-controller-manager-659785674d-29q42,chaos-testing,/kubepods/burstable/pod21ab858c-cee8-438c-8682-c786dc3dc044,1780923409,0.00037869695383475535
cpu_rate,minikube,chaos-controller-manager-659785674d-fjb2r,chaos-testing,/kubepods/burstable/pod2569141a-4d05-422e-bcf2-2f01e2f5056d,1780923409,0.00457056203904065
cpu_rate,minikube,coredns-7d764666f9-hxxb8,kube-system,/kubepods/burstable/pod596c18fb-891c-4e87-9b11-83d99dd6d264,1780923409,0.0021065744265948132
cpu_rate,minikube,recommendationservice-6f8f67d69-fhrns,boutique,/kubepods/burstable/pod5ded7b1a-44d9-4178-8596-57a9e25f6171,1780923409,0.0050260181781605195
cpu_rate,minikube,etcd-minikube,kube-system,/kubepods/burstable/pod5ff8e3b06bbaa8cb7ebc2bf531e48a2f,1780923409,0.02545942756565405
cpu_rate,minikube,emailservice-7466dc585-sv4wh,boutique,/kubepods/burstable/pod6116940a-da83-4761-97dc-892a207b789e,1780923409,0.0014746649580863887
cpu_rate,minikube,cartservice-546c548494-cb4lb,boutique,/kubepods/burstable/pod6ec732c5-cf34-4e25-a3ce-ff4b44ce8d19,1780923409,0.003348976788997059
cpu_rate,minikube,kube-controller-manager-minikube,kube-system,/kubepods/burstable/pod740363cf4388c2d0df59fc97f96b889c,1780923409,0.012356714942319328
cpu_rate,minikube,chaos-dashboard-5b77585c6c-zm7f4,chaos-testing,/kubepods/burstable/pod7d3e8284-7c72-4577-a8fb-79d957f69104,1780923409,0.0019733095673107512
cpu_rate,minikube,chaos-dns-server-6bccb5bb76-gscmn,chaos-testing,/kubepods/burstable/pod8a82a436-ef3f-4750-8f39-dbfde680d0b8,1780923409,0.0019428327964735902
cpu_rate,minikube,coredns-7d764666f9-gmlgd,kube-system,/kubepods/burstable/pod9289fad3-6e91-4617-b97d-6da4631c2f35,1780923409,0.002116338079223505
cpu_rate,minikube,adservice-8576649cff-5bvst,boutique,/kubepods/burstable/pod9d685cd3-17df-43af-a26e-7743c006902d,1780923409,0.0014128661293492785
cpu_rate,minikube,kube-apiserver-minikube,kube-system,/kubepods/burstable/poda6dc00f40d27725f15407f95751ce5f7,1780923409,0.04836227861613818
cpu_rate,minikube,alertmanager-monitoring-kube-prometheus-alertmanager-0,monitoring,/kubepods/burstable/podb5fde93f-2f9a-427f-aa16-8a257f179975,1780923409,0.0006428685458999387
cpu_rate,minikube,currencyservice-fd8f5dfb7-js8gr,boutique,/kubepods/burstable/podc827ec2d-8a9d-4e1c-8017-62c3901eccb4,1780923409,0.006391398983603476
cpu_rate,minikube,redis-cart-6899b65948-ms767,boutique,/kubepods/burstable/podd425db0f-53f9-4bec-9ee1-49e4ced03bb6,1780923409,0.0016388203943698654
cpu_rate,minikube,chaos-controller-manager-659785674d-wbwg8,chaos-testing,/kubepods/burstable/podd7abbfc2-2af5-4b28-b438-3ebef4bafcce,1780923409,0.0004700967000973503
cpu_rate,minikube,paymentservice-6b76dfb449-n8mm2,boutique,/kubepods/burstable/podd9986049-5066-4a99-a156-0bc7b2391961,1780923409,0.0005270060522724372
cpu_rate,minikube,checkoutservice-75b9cd684f-vzdsz,boutique,/kubepods/burstable/pod5827d8c7-6a98-4352-9825-164648474ddc,1780923409,0.0007422902126278159
cpu_rate,minikube,frontend-694b9f76cd-z2pk6,boutique,/kubepods/burstable/podcf6049c2-3667-4622-87ba-b06efa553d48,1780923409,0.010939513680939152
cpu_rate,minikube,productcatalogservice-fb49fc9cc-wptz6,boutique,/kubepods/burstable/pode9d4586d-6739-497d-ae8d-4fd70972eea8,1780923409,0.004760876717929169
cpu_rate,minikube,loadgenerator-7694cd65db-bdz8c,boutique,/kubepods/burstable/pod38d6ef8e-d456-4bd4-95a0-ea6760631a9d,1780923409,0.0024987034933890363
memory_working_set,minikube,kube-proxy-fshvh,kube-system,/kubepods/besteffort/pod2f4efb93-ee48-4c37-b1e1-6f2e54a917c7,1780923409,39174144.0
memory_working_set,minikube,monitoring-kube-state-metrics-868694bc4b-689cm,monitoring,/kubepods/besteffort/pod59c52cc8-67e3-4946-aac6-7ff0ef74285f,1780923409,38404096.0
memory_working_set,minikube,prometheus-monitoring-kube-prometheus-prometheus-0,monitoring,/kubepods/besteffort/pod6bff50b8-f988-4ff2-a8c1-8f95f2c25189,1780923409,314761216.0
memory_working_set,minikube,storage-provisioner,kube-system,/kubepods/besteffort/pod9bffcac8-a0cd-49a4-ad59-cdbf60a579cb,1780923409,20570112.0
memory_working_set,minikube,monitoring-grafana-6f66955c48-hlrcn,monitoring,/kubepods/besteffort/pod9d3fe3f0-8989-47b4-8478-0ae7be66df8d,1780923409,402309120.0
memory_working_set,minikube,chaos-daemon-n6ghj,chaos-testing,/kubepods/besteffort/poda051be83-a7cd-43e4-83d3-76f3c90e8474,1780923409,18931712.0
memory_working_set,minikube,monitoring-kube-prometheus-operator-556b56cc6d-n6dg9,monitoring,/kubepods/besteffort/podc8122519-a592-495f-9353-00a2f23fdf80,1780923409,40128512.0
memory_working_set,minikube,monitoring-prometheus-node-exporter-pdw8p,monitoring,/kubepods/besteffort/podd35abb3b-34f0-40fa-af55-3ab246fc64c8,1780923409,20135936.0
memory_working_set,minikube,kube-scheduler-minikube,kube-system,/kubepods/burstable/pod1c7123a121598343200ffd5b015ca580,1780923409,40624128.0
memory_working_set,minikube,shippingservice-55656785c7-lk4mx,boutique,/kubepods/burstable/pod1df51271-c9ea-47fa-8fb2-cf15bbc7c216,1780923409,14983168.0
memory_working_set,minikube,chaos-controller-manager-659785674d-29q42,chaos-testing,/kubepods/burstable/pod21ab858c-cee8-438c-8682-c786dc3dc044,1780923409,29450240.0
memory_working_set,minikube,chaos-controller-manager-659785674d-fjb2r,chaos-testing,/kubepods/burstable/pod2569141a-4d05-422e-bcf2-2f01e2f5056d,1780923409,36433920.0
memory_working_set,minikube,coredns-7d764666f9-hxxb8,kube-system,/kubepods/burstable/pod596c18fb-891c-4e87-9b11-83d99dd6d264,1780923409,37498880.0
memory_working_set,minikube,recommendationservice-6f8f67d69-fhrns,boutique,/kubepods/burstable/pod5ded7b1a-44d9-4178-8596-57a9e25f6171,1780923409,57487360.0
memory_working_set,minikube,etcd-minikube,kube-system,/kubepods/burstable/pod5ff8e3b06bbaa8cb7ebc2bf531e48a2f,1780923409,85614592.0
memory_working_set,minikube,emailservice-7466dc585-sv4wh,boutique,/kubepods/burstable/pod6116940a-da83-4761-97dc-892a207b789e,1780923409,53293056.0
memory_working_set,minikube,cartservice-546c548494-cb4lb,boutique,/kubepods/burstable/pod6ec732c5-cf34-4e25-a3ce-ff4b44ce8d19,1780923409,71237632.0
memory_working_set,minikube,kube-controller-manager-minikube,kube-system,/kubepods/burstable/pod740363cf4388c2d0df59fc97f96b889c,1780923409,95727616.0
memory_working_set,minikube,chaos-dashboard-5b77585c6c-zm7f4,chaos-testing,/kubepods/burstable/pod7d3e8284-7c72-4577-a8fb-79d957f69104,1780923409,47878144.0
memory_working_set,minikube,chaos-dns-server-6bccb5bb76-gscmn,chaos-testing,/kubepods/burstable/pod8a82a436-ef3f-4750-8f39-dbfde680d0b8,1780923409,27693056.0
memory_working_set,minikube,coredns-7d764666f9-gmlgd,kube-system,/kubepods/burstable/pod9289fad3-6e91-4617-b97d-6da4631c2f35,1780923409,31703040.0
memory_working_set,minikube,adservice-8576649cff-5bvst,boutique,/kubepods/burstable/pod9d685cd3-17df-43af-a26e-7743c006902d,1780923409,112197632.0
memory_working_set,minikube,kube-apiserver-minikube,kube-system,/kubepods/burstable/poda6dc00f40d27725f15407f95751ce5f7,1780923409,576147456.0
memory_working_set,minikube,alertmanager-monitoring-kube-prometheus-alertmanager-0,monitoring,/kubepods/burstable/podb5fde93f-2f9a-427f-aa16-8a257f179975,1780923409,53088256.0
memory_working_set,minikube,currencyservice-fd8f5dfb7-js8gr,boutique,/kubepods/burstable/podc827ec2d-8a9d-4e1c-8017-62c3901eccb4,1780923409,122126336.0
memory_working_set,minikube,redis-cart-6899b65948-ms767,boutique,/kubepods/burstable/podd425db0f-53f9-4bec-9ee1-49e4ced03bb6,1780923409,13381632.0
memory_working_set,minikube,chaos-controller-manager-659785674d-wbwg8,chaos-testing,/kubepods/burstable/podd7abbfc2-2af5-4b28-b438-3ebef4bafcce,1780923409,27955200.0
memory_working_set,minikube,paymentservice-6b76dfb449-n8mm2,boutique,/kubepods/burstable/podd9986049-5066-4a99-a156-0bc7b2391961,1780923409,100179968.0
memory_working_set,minikube,checkoutservice-75b9cd684f-vzdsz,boutique,/kubepods/burstable/pod5827d8c7-6a98-4352-9825-164648474ddc,1780923409,17428480.0
memory_working_set,minikube,frontend-694b9f76cd-z2pk6,boutique,/kubepods/burstable/podcf6049c2-3667-4622-87ba-b06efa553d48,1780923409,23441408.0
memory_working_set,minikube,productcatalogservice-fb49fc9cc-wptz6,boutique,/kubepods/burstable/pode9d4586d-6739-497d-ae8d-4fd70972eea8,1780923409,18661376.0
memory_working_set,minikube,loadgenerator-7694cd65db-bdz8c,boutique,/kubepods/burstable/pod38d6ef8e-d456-4bd4-95a0-ea6760631a9d,1780923409,78348288.0
cpu_rate,minikube,kube-proxy-fshvh,kube-system,/kubepods/besteffort/pod2f4efb93-ee48-4c37-b1e1-6f2e54a917c7,1780923439,0.0003940929830346085
cpu_rate,minikube,monitoring-kube-state-metrics-868694bc4b-689cm,monitoring,/kubepods/besteffort/pod59c52cc8-67e3-4946-aac6-7ff0ef74285f,1780923439,0.0007880057822952759
cpu_rate,minikube,prometheus-monitoring-kube-prometheus-prometheus-0,monitoring,/kubepods/besteffort/pod6bff50b8-f988-4ff2-a8c1-8f95f2c25189,1780923439,0.011279317290161016
cpu_rate,minikube,storage-provisioner,kube-system,/kubepods/besteffort/pod9bffcac8-a0cd-49a4-ad59-cdbf60a579cb,1780923439,0.001294544722895445
cpu_rate,minikube,monitoring-grafana-6f66955c48-hlrcn,monitoring,/kubepods/besteffort/pod9d3fe3f0-8989-47b4-8478-0ae7be66df8d,1780923439,0.008944152954608868
cpu_rate,minikube,chaos-daemon-n6ghj,chaos-testing,/kubepods/besteffort/poda051be83-a7cd-43e4-83d3-76f3c90e8474,1780923439,4.075560209392492e-05
cpu_rate,minikube,monitoring-kube-prometheus-operator-556b56cc6d-n6dg9,monitoring,/kubepods/besteffort/podc8122519-a592-495f-9353-00a2f23fdf80,1780923439,0.002309458108008009
cpu_rate,minikube,monitoring-prometheus-node-exporter-pdw8p,monitoring,/kubepods/besteffort/podd35abb3b-34f0-40fa-af55-3ab246fc64c8,1780923439,0.0009788874660003643
cpu_rate,minikube,kube-scheduler-minikube,kube-system,/kubepods/burstable/pod1c7123a121598343200ffd5b015ca580,1780923439,0.0043078358601670195
cpu_rate,minikube,shippingservice-55656785c7-lk4mx,boutique,/kubepods/burstable/pod1df51271-c9ea-47fa-8fb2-cf15bbc7c216,1780923439,0.0008075309704622581
cpu_rate,minikube,chaos-controller-manager-659785674d-29q42,chaos-testing,/kubepods/burstable/pod21ab858c-cee8-438c-8682-c786dc3dc044,1780923439,0.00042890440890278324
cpu_rate,minikube,chaos-controller-manager-659785674d-fjb2r,chaos-testing,/kubepods/burstable/pod2569141a-4d05-422e-bcf2-2f01e2f5056d,1780923439,0.0045274922914539505
cpu_rate,minikube,coredns-7d764666f9-hxxb8,kube-system,/kubepods/burstable/pod596c18fb-891c-4e87-9b11-83d99dd6d264,1780923439,0.0018714768966739477
cpu_rate,minikube,recommendationservice-6f8f67d69-fhrns,boutique,/kubepods/burstable/pod5ded7b1a-44d9-4178-8596-57a9e25f6171,1780923439,0.005401731484873454
cpu_rate,minikube,etcd-minikube,kube-system,/kubepods/burstable/pod5ff8e3b06bbaa8cb7ebc2bf531e48a2f,1780923439,0.023246465133672314
cpu_rate,minikube,emailservice-7466dc585-sv4wh,boutique,/kubepods/burstable/pod6116940a-da83-4761-97dc-892a207b789e,1780923439,0.0014686873353971458
cpu_rate,minikube,cartservice-546c548494-cb4lb,boutique,/kubepods/burstable/pod6ec732c5-cf34-4e25-a3ce-ff4b44ce8d19,1780923439,0.003606625258799017
cpu_rate,minikube,kube-controller-manager-minikube,kube-system,/kubepods/burstable/pod740363cf4388c2d0df59fc97f96b889c,1780923439,0.0123236558840603
cpu_rate,minikube,chaos-dashboard-5b77585c6c-zm7f4,chaos-testing,/kubepods/burstable/pod7d3e8284-7c72-4577-a8fb-79d957f69104,1780923439,0.002227737520902553
cpu_rate,minikube,chaos-dns-server-6bccb5bb76-gscmn,chaos-testing,/kubepods/burstable/pod8a82a436-ef3f-4750-8f39-dbfde680d0b8,1780923439,0.0019140686040722596
cpu_rate,minikube,coredns-7d764666f9-gmlgd,kube-system,/kubepods/burstable/pod9289fad3-6e91-4617-b97d-6da4631c2f35,1780923439,0.0018759846040960638
cpu_rate,minikube,adservice-8576649cff-5bvst,boutique,/kubepods/burstable/pod9d685cd3-17df-43af-a26e-7743c006902d,1780923439,0.001472085811600915
cpu_rate,minikube,kube-apiserver-minikube,kube-system,/kubepods/burstable/poda6dc00f40d27725f15407f95751ce5f7,1780923439,0.04563368335611405
cpu_rate,minikube,alertmanager-monitoring-kube-prometheus-alertmanager-0,monitoring,/kubepods/burstable/podb5fde93f-2f9a-427f-aa16-8a257f179975,1780923439,0.0005276061911792753
cpu_rate,minikube,currencyservice-fd8f5dfb7-js8gr,boutique,/kubepods/burstable/podc827ec2d-8a9d-4e1c-8017-62c3901eccb4,1780923439,0.006755750040564861
cpu_rate,minikube,redis-cart-6899b65948-ms767,boutique,/kubepods/burstable/podd425db0f-53f9-4bec-9ee1-49e4ced03bb6,1780923439,0.0018329830924315148
cpu_rate,minikube,chaos-controller-manager-659785674d-wbwg8,chaos-testing,/kubepods/burstable/podd7abbfc2-2af5-4b28-b438-3ebef4bafcce,1780923439,0.00045920079310608736
cpu_rate,minikube,paymentservice-6b76dfb449-n8mm2,boutique,/kubepods/burstable/podd9986049-5066-4a99-a156-0bc7b2391961,1780923439,0.0005666970401236954
cpu_rate,minikube,checkoutservice-75b9cd684f-vzdsz,boutique,/kubepods/burstable/pod5827d8c7-6a98-4352-9825-164648474ddc,1780923439,0.0006049224900576044
cpu_rate,minikube,frontend-694b9f76cd-z2pk6,boutique,/kubepods/burstable/podcf6049c2-3667-4622-87ba-b06efa553d48,1780923439,0.011285581066306158
cpu_rate,minikube,productcatalogservice-fb49fc9cc-wptz6,boutique,/kubepods/burstable/pode9d4586d-6739-497d-ae8d-4fd70972eea8,1780923439,0.005232256753225177
cpu_rate,minikube,loadgenerator-7694cd65db-bdz8c,boutique,/kubepods/burstable/pod38d6ef8e-d456-4bd4-95a0-ea6760631a9d,1780923439,0.0025720662015011
memory_working_set,minikube,kube-proxy-fshvh,kube-system,/kubepods/besteffort/pod2f4efb93-ee48-4c37-b1e1-6f2e54a917c7,1780923439,39182336.0
memory_working_set,minikube,monitoring-kube-state-metrics-868694bc4b-689cm,monitoring,/kubepods/besteffort/pod59c52cc8-67e3-4946-aac6-7ff0ef74285f,1780923439,38150144.0
memory_working_set,minikube,prometheus-monitoring-kube-prometheus-prometheus-0,monitoring,/kubepods/besteffort/pod6bff50b8-f988-4ff2-a8c1-8f95f2c25189,1780923439,320724992.0
memory_working_set,minikube,storage-provisioner,kube-system,/kubepods/besteffort/pod9bffcac8-a0cd-49a4-ad59-cdbf60a579cb,1780923439,20799488.0
memory_working_set,minikube,monitoring-grafana-6f66955c48-hlrcn,monitoring,/kubepods/besteffort/pod9d3fe3f0-8989-47b4-8478-0ae7be66df8d,1780923439,402264064.0
memory_working_set,minikube,chaos-daemon-n6ghj,chaos-testing,/kubepods/besteffort/poda051be83-a7cd-43e4-83d3-76f3c90e8474,1780923439,18931712.0
memory_working_set,minikube,monitoring-kube-prometheus-operator-556b56cc6d-n6dg9,monitoring,/kubepods/besteffort/podc8122519-a592-495f-9353-00a2f23fdf80,1780923439,41095168.0
memory_working_set,minikube,monitoring-prometheus-node-exporter-pdw8p,monitoring,/kubepods/besteffort/podd35abb3b-34f0-40fa-af55-3ab246fc64c8,1780923439,19615744.0
memory_working_set,minikube,kube-scheduler-minikube,kube-system,/kubepods/burstable/pod1c7123a121598343200ffd5b015ca580,1780923439,40628224.0
memory_working_set,minikube,shippingservice-55656785c7-lk4mx,boutique,/kubepods/burstable/pod1df51271-c9ea-47fa-8fb2-cf15bbc7c216,1780923439,15052800.0
memory_working_set,minikube,chaos-controller-manager-659785674d-29q42,chaos-testing,/kubepods/burstable/pod21ab858c-cee8-438c-8682-c786dc3dc044,1780923439,29712384.0
memory_working_set,minikube,chaos-controller-manager-659785674d-fjb2r,chaos-testing,/kubepods/burstable/pod2569141a-4d05-422e-bcf2-2f01e2f5056d,1780923439,36433920.0
memory_working_set,minikube,coredns-7d764666f9-hxxb8,kube-system,/kubepods/burstable/pod596c18fb-891c-4e87-9b11-83d99dd6d264,1780923439,38170624.0
memory_working_set,minikube,recommendationservice-6f8f67d69-fhrns,boutique,/kubepods/burstable/pod5ded7b1a-44d9-4178-8596-57a9e25f6171,1780923439,57479168.0
memory_working_set,minikube,etcd-minikube,kube-system,/kubepods/burstable/pod5ff8e3b06bbaa8cb7ebc2bf531e48a2f,1780923439,85925888.0
memory_working_set,minikube,emailservice-7466dc585-sv4wh,boutique,/kubepods/burstable/pod6116940a-da83-4761-97dc-892a207b789e,1780923439,53293056.0
memory_working_set,minikube,cartservice-546c548494-cb4lb,boutique,/kubepods/burstable/pod6ec732c5-cf34-4e25-a3ce-ff4b44ce8d19,1780923439,71790592.0
memory_working_set,minikube,kube-controller-manager-minikube,kube-system,/kubepods/burstable/pod740363cf4388c2d0df59fc97f96b889c,1780923439,95727616.0
memory_working_set,minikube,chaos-dashboard-5b77585c6c-zm7f4,chaos-testing,/kubepods/burstable/pod7d3e8284-7c72-4577-a8fb-79d957f69104,1780923439,47882240.0
memory_working_set,minikube,chaos-dns-server-6bccb5bb76-gscmn,chaos-testing,/kubepods/burstable/pod8a82a436-ef3f-4750-8f39-dbfde680d0b8,1780923439,27693056.0
memory_working_set,minikube,coredns-7d764666f9-gmlgd,kube-system,/kubepods/burstable/pod9289fad3-6e91-4617-b97d-6da4631c2f35,1780923439,31694848.0
memory_working_set,minikube,adservice-8576649cff-5bvst,boutique,/kubepods/burstable/pod9d685cd3-17df-43af-a26e-7743c006902d,1780923439,112201728.0
memory_working_set,minikube,kube-apiserver-minikube,kube-system,/kubepods/burstable/poda6dc00f40d27725f15407f95751ce5f7,1780923439,579788800.0
memory_working_set,minikube,alertmanager-monitoring-kube-prometheus-alertmanager-0,monitoring,/kubepods/burstable/podb5fde93f-2f9a-427f-aa16-8a257f179975,1780923439,52862976.0
memory_working_set,minikube,currencyservice-fd8f5dfb7-js8gr,boutique,/kubepods/burstable/podc827ec2d-8a9d-4e1c-8017-62c3901eccb4,1780923439,121765888.0
memory_working_set,minikube,redis-cart-6899b65948-ms767,boutique,/kubepods/burstable/podd425db0f-53f9-4bec-9ee1-49e4ced03bb6,1780923439,13901824.0
memory_working_set,minikube,chaos-controller-manager-659785674d-wbwg8,chaos-testing,/kubepods/burstable/podd7abbfc2-2af5-4b28-b438-3ebef4bafcce,1780923439,27967488.0
memory_working_set,minikube,paymentservice-6b76dfb449-n8mm2,boutique,/kubepods/burstable/podd9986049-5066-4a99-a156-0bc7b2391961,1780923439,99901440.0
memory_working_set,minikube,checkoutservice-75b9cd684f-vzdsz,boutique,/kubepods/burstable/pod5827d8c7-6a98-4352-9825-164648474ddc,1780923439,17424384.0
memory_working_set,minikube,frontend-694b9f76cd-z2pk6,boutique,/kubepods/burstable/podcf6049c2-3667-4622-87ba-b06efa553d48,1780923439,23478272.0
memory_working_set,minikube,productcatalogservice-fb49fc9cc-wptz6,boutique,/kubepods/burstable/pode9d4586d-6739-497d-ae8d-4fd70972eea8,1780923439,18337792.0
memory_working_set,minikube,loadgenerator-7694cd65db-bdz8c,boutique,/kubepods/burstable/pod38d6ef8e-d456-4bd4-95a0-ea6760631a9d,1780923439,78360576.0
cpu_rate,minikube,kube-proxy-fshvh,kube-system,/kubepods/besteffort/pod2f4efb93-ee48-4c37-b1e1-6f2e54a917c7,1780923468,0.0005713022784569121
cpu_rate,minikube,monitoring-kube-state-metrics-868694bc4b-689cm,monitoring,/kubepods/besteffort/pod59c52cc8-67e3-4946-aac6-7ff0ef74285f,1780923468,0.0007611903988647851
cpu_rate,minikube,prometheus-monitoring-kube-prometheus-prometheus-0,monitoring,/kubepods/besteffort/pod6bff50b8-f988-4ff2-a8c1-8f95f2c25189,1780923468,0.009887612491810978
cpu_rate,minikube,storage-provisioner,kube-system,/kubepods/besteffort/pod9bffcac8-a0cd-49a4-ad59-cdbf60a579cb,1780923468,0.0014360915018322047
cpu_rate,minikube,monitoring-grafana-6f66955c48-hlrcn,monitoring,/kubepods/besteffort/pod9d3fe3f0-8989-47b4-8478-0ae7be66df8d,1780923468,0.009943864073006497
cpu_rate,minikube,chaos-daemon-n6ghj,chaos-testing,/kubepods/besteffort/poda051be83-a7cd-43e4-83d3-76f3c90e8474,1780923468,3.654556707991859e-05
cpu_rate,minikube,monitoring-kube-prometheus-operator-556b56cc6d-n6dg9,monitoring,/kubepods/besteffort/podc8122519-a592-495f-9353-00a2f23fdf80,1780923468,0.002645684502462578
cpu_rate,minikube,monitoring-prometheus-node-exporter-pdw8p,monitoring,/kubepods/besteffort/podd35abb3b-34f0-40fa-af55-3ab246fc64c8,1780923468,0.0010446161363219853
cpu_rate,minikube,kube-scheduler-minikube,kube-system,/kubepods/burstable/pod1c7123a121598343200ffd5b015ca580,1780923468,0.0049164521098946055
cpu_rate,minikube,shippingservice-55656785c7-lk4mx,boutique,/kubepods/burstable/pod1df51271-c9ea-47fa-8fb2-cf15bbc7c216,1780923468,0.0009111243773668903
cpu_rate,minikube,chaos-controller-manager-659785674d-29q42,chaos-testing,/kubepods/burstable/pod21ab858c-cee8-438c-8682-c786dc3dc044,1780923468,0.00039786544030715745
cpu_rate,minikube,chaos-controller-manager-659785674d-fjb2r,chaos-testing,/kubepods/burstable/pod2569141a-4d05-422e-bcf2-2f01e2f5056d,1780923468,0.005433968151607438
cpu_rate,minikube,coredns-7d764666f9-hxxb8,kube-system,/kubepods/burstable/pod596c18fb-891c-4e87-9b11-83d99dd6d264,1780923468,0.002090578277035043
cpu_rate,minikube,recommendationservice-6f8f67d69-fhrns,boutique,/kubepods/burstable/pod5ded7b1a-44d9-4178-8596-57a9e25f6171,1780923468,0.0056215031256188625
cpu_rate,minikube,etcd-minikube,kube-system,/kubepods/burstable/pod5ff8e3b06bbaa8cb7ebc2bf531e48a2f,1780923468,0.02624422674585745
cpu_rate,minikube,emailservice-7466dc585-sv4wh,boutique,/kubepods/burstable/pod6116940a-da83-4761-97dc-892a207b789e,1780923468,0.0013428258577761565
cpu_rate,minikube,cartservice-546c548494-cb4lb,boutique,/kubepods/burstable/pod6ec732c5-cf34-4e25-a3ce-ff4b44ce8d19,1780923468,0.0038951185073121506
cpu_rate,minikube,kube-controller-manager-minikube,kube-system,/kubepods/burstable/pod740363cf4388c2d0df59fc97f96b889c,1780923468,0.013650035056142318
cpu_rate,minikube,chaos-dashboard-5b77585c6c-zm7f4,chaos-testing,/kubepods/burstable/pod7d3e8284-7c72-4577-a8fb-79d957f69104,1780923468,0.0020942108631336657
cpu_rate,minikube,chaos-dns-server-6bccb5bb76-gscmn,chaos-testing,/kubepods/burstable/pod8a82a436-ef3f-4750-8f39-dbfde680d0b8,1780923468,0.002085161587625992
cpu_rate,minikube,coredns-7d764666f9-gmlgd,kube-system,/kubepods/burstable/pod9289fad3-6e91-4617-b97d-6da4631c2f35,1780923468,0.0021515027373282722
cpu_rate,minikube,adservice-8576649cff-5bvst,boutique,/kubepods/burstable/pod9d685cd3-17df-43af-a26e-7743c006902d,1780923468,0.0014370223722137124
cpu_rate,minikube,kube-apiserver-minikube,kube-system,/kubepods/burstable/poda6dc00f40d27725f15407f95751ce5f7,1780923468,0.050528456506742724
cpu_rate,minikube,alertmanager-monitoring-kube-prometheus-alertmanager-0,monitoring,/kubepods/burstable/podb5fde93f-2f9a-427f-aa16-8a257f179975,1780923468,0.0007637789690219996
cpu_rate,minikube,currencyservice-fd8f5dfb7-js8gr,boutique,/kubepods/burstable/podc827ec2d-8a9d-4e1c-8017-62c3901eccb4,1780923468,0.007338682978036171
cpu_rate,minikube,redis-cart-6899b65948-ms767,boutique,/kubepods/burstable/podd425db0f-53f9-4bec-9ee1-49e4ced03bb6,1780923468,0.0018938813310341797
cpu_rate,minikube,chaos-controller-manager-659785674d-wbwg8,chaos-testing,/kubepods/burstable/podd7abbfc2-2af5-4b28-b438-3ebef4bafcce,1780923468,0.00044260686894310677
cpu_rate,minikube,paymentservice-6b76dfb449-n8mm2,boutique,/kubepods/burstable/podd9986049-5066-4a99-a156-0bc7b2391961,1780923468,0.0005829141056763741
cpu_rate,minikube,checkoutservice-75b9cd684f-vzdsz,boutique,/kubepods/burstable/pod5827d8c7-6a98-4352-9825-164648474ddc,1780923468,0.000923764994719671
cpu_rate,minikube,frontend-694b9f76cd-z2pk6,boutique,/kubepods/burstable/podcf6049c2-3667-4622-87ba-b06efa553d48,1780923468,0.011936238425477598
cpu_rate,minikube,productcatalogservice-fb49fc9cc-wptz6,boutique,/kubepods/burstable/pode9d4586d-6739-497d-ae8d-4fd70972eea8,1780923468,0.004600585371160927
cpu_rate,minikube,loadgenerator-7694cd65db-bdz8c,boutique,/kubepods/burstable/pod38d6ef8e-d456-4bd4-95a0-ea6760631a9d,1780923468,0.0030035756403604184
memory_working_set,minikube,kube-proxy-fshvh,kube-system,/kubepods/besteffort/pod2f4efb93-ee48-4c37-b1e1-6f2e54a917c7,1780923468,35913728.0
memory_working_set,minikube,monitoring-kube-state-metrics-868694bc4b-689cm,monitoring,/kubepods/besteffort/pod59c52cc8-67e3-4946-aac6-7ff0ef74285f,1780923468,38141952.0
memory_working_set,minikube,prometheus-monitoring-kube-prometheus-prometheus-0,monitoring,/kubepods/besteffort/pod6bff50b8-f988-4ff2-a8c1-8f95f2c25189,1780923468,321953792.0
memory_working_set,minikube,storage-provisioner,kube-system,/kubepods/besteffort/pod9bffcac8-a0cd-49a4-ad59-cdbf60a579cb,1780923468,20504576.0
memory_working_set,minikube,monitoring-grafana-6f66955c48-hlrcn,monitoring,/kubepods/besteffort/pod9d3fe3f0-8989-47b4-8478-0ae7be66df8d,1780923468,402345984.0
memory_working_set,minikube,chaos-daemon-n6ghj,chaos-testing,/kubepods/besteffort/poda051be83-a7cd-43e4-83d3-76f3c90e8474,1780923468,18931712.0
memory_working_set,minikube,monitoring-kube-prometheus-operator-556b56cc6d-n6dg9,monitoring,/kubepods/besteffort/podc8122519-a592-495f-9353-00a2f23fdf80,1780923468,40808448.0
memory_working_set,minikube,monitoring-prometheus-node-exporter-pdw8p,monitoring,/kubepods/besteffort/podd35abb3b-34f0-40fa-af55-3ab246fc64c8,1780923468,20258816.0
memory_working_set,minikube,kube-scheduler-minikube,kube-system,/kubepods/burstable/pod1c7123a121598343200ffd5b015ca580,1780923468,40361984.0
memory_working_set,minikube,shippingservice-55656785c7-lk4mx,boutique,/kubepods/burstable/pod1df51271-c9ea-47fa-8fb2-cf15bbc7c216,1780923468,15036416.0
memory_working_set,minikube,chaos-controller-manager-659785674d-29q42,chaos-testing,/kubepods/burstable/pod21ab858c-cee8-438c-8682-c786dc3dc044,1780923468,29450240.0
memory_working_set,minikube,chaos-controller-manager-659785674d-fjb2r,chaos-testing,/kubepods/burstable/pod2569141a-4d05-422e-bcf2-2f01e2f5056d,1780923468,36433920.0
memory_working_set,minikube,coredns-7d764666f9-hxxb8,kube-system,/kubepods/burstable/pod596c18fb-891c-4e87-9b11-83d99dd6d264,1780923468,39186432.0
memory_working_set,minikube,recommendationservice-6f8f67d69-fhrns,boutique,/kubepods/burstable/pod5ded7b1a-44d9-4178-8596-57a9e25f6171,1780923468,57745408.0
memory_working_set,minikube,etcd-minikube,kube-system,/kubepods/burstable/pod5ff8e3b06bbaa8cb7ebc2bf531e48a2f,1780923468,86413312.0
memory_working_set,minikube,emailservice-7466dc585-sv4wh,boutique,/kubepods/burstable/pod6116940a-da83-4761-97dc-892a207b789e,1780923468,53293056.0
memory_working_set,minikube,cartservice-546c548494-cb4lb,boutique,/kubepods/burstable/pod6ec732c5-cf34-4e25-a3ce-ff4b44ce8d19,1780923468,71237632.0
memory_working_set,minikube,kube-controller-manager-minikube,kube-system,/kubepods/burstable/pod740363cf4388c2d0df59fc97f96b889c,1780923468,95731712.0
memory_working_set,minikube,chaos-dashboard-5b77585c6c-zm7f4,chaos-testing,/kubepods/burstable/pod7d3e8284-7c72-4577-a8fb-79d957f69104,1780923468,47886336.0
memory_working_set,minikube,chaos-dns-server-6bccb5bb76-gscmn,chaos-testing,/kubepods/burstable/pod8a82a436-ef3f-4750-8f39-dbfde680d0b8,1780923468,27684864.0
memory_working_set,minikube,coredns-7d764666f9-gmlgd,kube-system,/kubepods/burstable/pod9289fad3-6e91-4617-b97d-6da4631c2f35,1780923468,31686656.0
memory_working_set,minikube,adservice-8576649cff-5bvst,boutique,/kubepods/burstable/pod9d685cd3-17df-43af-a26e-7743c006902d,1780923468,112205824.0
memory_working_set,minikube,kube-apiserver-minikube,kube-system,/kubepods/burstable/poda6dc00f40d27725f15407f95751ce5f7,1780923468,579805184.0
memory_working_set,minikube,alertmanager-monitoring-kube-prometheus-alertmanager-0,monitoring,/kubepods/burstable/podb5fde93f-2f9a-427f-aa16-8a257f179975,1780923468,52043776.0
memory_working_set,minikube,currencyservice-fd8f5dfb7-js8gr,boutique,/kubepods/burstable/podc827ec2d-8a9d-4e1c-8017-62c3901eccb4,1780923468,122204160.0
memory_working_set,minikube,redis-cart-6899b65948-ms767,boutique,/kubepods/burstable/podd425db0f-53f9-4bec-9ee1-49e4ced03bb6,1780923468,13905920.0
memory_working_set,minikube,chaos-controller-manager-659785674d-wbwg8,chaos-testing,/kubepods/burstable/podd7abbfc2-2af5-4b28-b438-3ebef4bafcce,1780923468,27963392.0
memory_working_set,minikube,paymentservice-6b76dfb449-n8mm2,boutique,/kubepods/burstable/podd9986049-5066-4a99-a156-0bc7b2391961,1780923468,100499456.0
memory_working_set,minikube,checkoutservice-75b9cd684f-vzdsz,boutique,/kubepods/burstable/pod5827d8c7-6a98-4352-9825-164648474ddc,1780923468,17563648.0
memory_working_set,minikube,frontend-694b9f76cd-z2pk6,boutique,/kubepods/burstable/podcf6049c2-3667-4622-87ba-b06efa553d48,1780923468,23470080.0
memory_working_set,minikube,productcatalogservice-fb49fc9cc-wptz6,boutique,/kubepods/burstable/pode9d4586d-6739-497d-ae8d-4fd70972eea8,1780923468,18092032.0
memory_working_set,minikube,loadgenerator-7694cd65db-bdz8c,boutique,/kubepods/burstable/pod38d6ef8e-d456-4bd4-95a0-ea6760631a9d,1780923468,78376960.0
cpu_rate,minikube,kube-proxy-fshvh,kube-system,/kubepods/besteffort/pod2f4efb93-ee48-4c37-b1e1-6f2e54a917c7,1780923497,0.0005100119674524119
cpu_rate,minikube,monitoring-kube-state-metrics-868694bc4b-689cm,monitoring,/kubepods/besteffort/pod59c52cc8-67e3-4946-aac6-7ff0ef74285f,1780923497,0.0008149077908884931
cpu_rate,minikube,prometheus-monitoring-kube-prometheus-prometheus-0,monitoring,/kubepods/besteffort/pod6bff50b8-f988-4ff2-a8c1-8f95f2c25189,1780923497,0.012985047324447243
cpu_rate,minikube,storage-provisioner,kube-system,/kubepods/besteffort/pod9bffcac8-a0cd-49a4-ad59-cdbf60a579cb,1780923497,0.0014292847570358033
cpu_rate,minikube,monitoring-grafana-6f66955c48-hlrcn,monitoring,/kubepods/besteffort/pod9d3fe3f0-8989-47b4-8478-0ae7be66df8d,1780923497,0.00991180196084296
cpu_rate,minikube,chaos-daemon-n6ghj,chaos-testing,/kubepods/besteffort/poda051be83-a7cd-43e4-83d3-76f3c90e8474,1780923497,3.9433256862791284e-05
cpu_rate,minikube,monitoring-kube-prometheus-operator-556b56cc6d-n6dg9,monitoring,/kubepods/besteffort/podc8122519-a592-495f-9353-00a2f23fdf80,1780923497,0.002725572962925674
cpu_rate,minikube,monitoring-prometheus-node-exporter-pdw8p,monitoring,/kubepods/besteffort/podd35abb3b-34f0-40fa-af55-3ab246fc64c8,1780923497,0.0011860694165386268
cpu_rate,minikube,kube-scheduler-minikube,kube-system,/kubepods/burstable/pod1c7123a121598343200ffd5b015ca580,1780923497,0.004990645288419753
cpu_rate,minikube,shippingservice-55656785c7-lk4mx,boutique,/kubepods/burstable/pod1df51271-c9ea-47fa-8fb2-cf15bbc7c216,1780923497,0.0008070156224082304
cpu_rate,minikube,chaos-controller-manager-659785674d-29q42,chaos-testing,/kubepods/burstable/pod21ab858c-cee8-438c-8682-c786dc3dc044,1780923497,0.0005317901268524815
cpu_rate,minikube,chaos-controller-manager-659785674d-fjb2r,chaos-testing,/kubepods/burstable/pod2569141a-4d05-422e-bcf2-2f01e2f5056d,1780923497,0.005541219627642556
cpu_rate,minikube,coredns-7d764666f9-hxxb8,kube-system,/kubepods/burstable/pod596c18fb-891c-4e87-9b11-83d99dd6d264,1780923497,0.0021192929572554455
cpu_rate,minikube,recommendationservice-6f8f67d69-fhrns,boutique,/kubepods/burstable/pod5ded7b1a-44d9-4178-8596-57a9e25f6171,1780923497,0.005816252099337189
cpu_rate,minikube,etcd-minikube,kube-system,/kubepods/burstable/pod5ff8e3b06bbaa8cb7ebc2bf531e48a2f,1780923497,0.026582306130500586
cpu_rate,minikube,emailservice-7466dc585-sv4wh,boutique,/kubepods/burstable/pod6116940a-da83-4761-97dc-892a207b789e,1780923497,0.0015796096220448517
cpu_rate,minikube,cartservice-546c548494-cb4lb,boutique,/kubepods/burstable/pod6ec732c5-cf34-4e25-a3ce-ff4b44ce8d19,1780923497,0.004212632840059734
cpu_rate,minikube,kube-controller-manager-minikube,kube-system,/kubepods/burstable/pod740363cf4388c2d0df59fc97f96b889c,1780923497,0.013452026883752438
cpu_rate,minikube,chaos-dashboard-5b77585c6c-zm7f4,chaos-testing,/kubepods/burstable/pod7d3e8284-7c72-4577-a8fb-79d957f69104,1780923497,0.002322859622059383
cpu_rate,minikube,chaos-dns-server-6bccb5bb76-gscmn,chaos-testing,/kubepods/burstable/pod8a82a436-ef3f-4750-8f39-dbfde680d0b8,1780923497,0.0017385364779004932
cpu_rate,minikube,coredns-7d764666f9-gmlgd,kube-system,/kubepods/burstable/pod9289fad3-6e91-4617-b97d-6da4631c2f35,1780923497,0.0020840349358722345
cpu_rate,minikube,adservice-8576649cff-5bvst,boutique,/kubepods/burstable/pod9d685cd3-17df-43af-a26e-7743c006902d,1780923497,0.0014139422743013389
cpu_rate,minikube,kube-apiserver-minikube,kube-system,/kubepods/burstable/poda6dc00f40d27725f15407f95751ce5f7,1780923497,0.05619448072607906
cpu_rate,minikube,alertmanager-monitoring-kube-prometheus-alertmanager-0,monitoring,/kubepods/burstable/podb5fde93f-2f9a-427f-aa16-8a257f179975,1780923497,0.0007304449625672484
cpu_rate,minikube,currencyservice-fd8f5dfb7-js8gr,boutique,/kubepods/burstable/podc827ec2d-8a9d-4e1c-8017-62c3901eccb4,1780923497,0.006975194686697735
cpu_rate,minikube,redis-cart-6899b65948-ms767,boutique,/kubepods/burstable/podd425db0f-53f9-4bec-9ee1-49e4ced03bb6,1780923497,0.001746887637569324
cpu_rate,minikube,chaos-controller-manager-659785674d-wbwg8,chaos-testing,/kubepods/burstable/podd7abbfc2-2af5-4b28-b438-3ebef4bafcce,1780923497,0.0003755415375133675
cpu_rate,minikube,paymentservice-6b76dfb449-n8mm2,boutique,/kubepods/burstable/podd9986049-5066-4a99-a156-0bc7b2391961,1780923497,0.0005775516932786855
cpu_rate,minikube,checkoutservice-75b9cd684f-vzdsz,boutique,/kubepods/burstable/pod5827d8c7-6a98-4352-9825-164648474ddc,1780923497,0.0009990667426370554
cpu_rate,minikube,frontend-694b9f76cd-z2pk6,boutique,/kubepods/burstable/podcf6049c2-3667-4622-87ba-b06efa553d48,1780923497,0.01219467306919803
cpu_rate,minikube,productcatalogservice-fb49fc9cc-wptz6,boutique,/kubepods/burstable/pode9d4586d-6739-497d-ae8d-4fd70972eea8,1780923497,0.005728056935422288
cpu_rate,minikube,loadgenerator-7694cd65db-bdz8c,boutique,/kubepods/burstable/pod38d6ef8e-d456-4bd4-95a0-ea6760631a9d,1780923497,0.0031142696451829056
memory_working_set,minikube,kube-proxy-fshvh,kube-system,/kubepods/besteffort/pod2f4efb93-ee48-4c37-b1e1-6f2e54a917c7,1780923497,35921920.0
memory_working_set,minikube,monitoring-kube-state-metrics-868694bc4b-689cm,monitoring,/kubepods/besteffort/pod59c52cc8-67e3-4946-aac6-7ff0ef74285f,1780923497,38141952.0
memory_working_set,minikube,prometheus-monitoring-kube-prometheus-prometheus-0,monitoring,/kubepods/besteffort/pod6bff50b8-f988-4ff2-a8c1-8f95f2c25189,1780923497,310525952.0
memory_working_set,minikube,storage-provisioner,kube-system,/kubepods/besteffort/pod9bffcac8-a0cd-49a4-ad59-cdbf60a579cb,1780923497,20553728.0
memory_working_set,minikube,monitoring-grafana-6f66955c48-hlrcn,monitoring,/kubepods/besteffort/pod9d3fe3f0-8989-47b4-8478-0ae7be66df8d,1780923497,402345984.0
memory_working_set,minikube,chaos-daemon-n6ghj,chaos-testing,/kubepods/besteffort/poda051be83-a7cd-43e4-83d3-76f3c90e8474,1780923497,18931712.0
memory_working_set,minikube,monitoring-kube-prometheus-operator-556b56cc6d-n6dg9,monitoring,/kubepods/besteffort/podc8122519-a592-495f-9353-00a2f23fdf80,1780923497,40816640.0
memory_working_set,minikube,monitoring-prometheus-node-exporter-pdw8p,monitoring,/kubepods/besteffort/podd35abb3b-34f0-40fa-af55-3ab246fc64c8,1780923497,20832256.0
memory_working_set,minikube,kube-scheduler-minikube,kube-system,/kubepods/burstable/pod1c7123a121598343200ffd5b015ca580,1780923497,40357888.0
memory_working_set,minikube,shippingservice-55656785c7-lk4mx,boutique,/kubepods/burstable/pod1df51271-c9ea-47fa-8fb2-cf15bbc7c216,1780923497,15036416.0
memory_working_set,minikube,chaos-controller-manager-659785674d-29q42,chaos-testing,/kubepods/burstable/pod21ab858c-cee8-438c-8682-c786dc3dc044,1780923497,29450240.0
memory_working_set,minikube,chaos-controller-manager-659785674d-fjb2r,chaos-testing,/kubepods/burstable/pod2569141a-4d05-422e-bcf2-2f01e2f5056d,1780923497,36438016.0
memory_working_set,minikube,coredns-7d764666f9-hxxb8,kube-system,/kubepods/burstable/pod596c18fb-891c-4e87-9b11-83d99dd6d264,1780923497,39301120.0
memory_working_set,minikube,recommendationservice-6f8f67d69-fhrns,boutique,/kubepods/burstable/pod5ded7b1a-44d9-4178-8596-57a9e25f6171,1780923497,57479168.0
memory_working_set,minikube,etcd-minikube,kube-system,/kubepods/burstable/pod5ff8e3b06bbaa8cb7ebc2bf531e48a2f,1780923497,86876160.0
memory_working_set,minikube,emailservice-7466dc585-sv4wh,boutique,/kubepods/burstable/pod6116940a-da83-4761-97dc-892a207b789e,1780923497,53293056.0
memory_working_set,minikube,cartservice-546c548494-cb4lb,boutique,/kubepods/burstable/pod6ec732c5-cf34-4e25-a3ce-ff4b44ce8d19,1780923497,71266304.0
memory_working_set,minikube,kube-controller-manager-minikube,kube-system,/kubepods/burstable/pod740363cf4388c2d0df59fc97f96b889c,1780923497,95727616.0
memory_working_set,minikube,chaos-dashboard-5b77585c6c-zm7f4,chaos-testing,/kubepods/burstable/pod7d3e8284-7c72-4577-a8fb-79d957f69104,1780923497,47882240.0
memory_working_set,minikube,chaos-dns-server-6bccb5bb76-gscmn,chaos-testing,/kubepods/burstable/pod8a82a436-ef3f-4750-8f39-dbfde680d0b8,1780923497,27688960.0
memory_working_set,minikube,coredns-7d764666f9-gmlgd,kube-system,/kubepods/burstable/pod9289fad3-6e91-4617-b97d-6da4631c2f35,1780923497,31694848.0
memory_working_set,minikube,adservice-8576649cff-5bvst,boutique,/kubepods/burstable/pod9d685cd3-17df-43af-a26e-7743c006902d,1780923497,112197632.0
memory_working_set,minikube,kube-apiserver-minikube,kube-system,/kubepods/burstable/poda6dc00f40d27725f15407f95751ce5f7,1780923497,579809280.0
memory_working_set,minikube,alertmanager-monitoring-kube-prometheus-alertmanager-0,monitoring,/kubepods/burstable/podb5fde93f-2f9a-427f-aa16-8a257f179975,1780923497,52801536.0
memory_working_set,minikube,currencyservice-fd8f5dfb7-js8gr,boutique,/kubepods/burstable/podc827ec2d-8a9d-4e1c-8017-62c3901eccb4,1780923497,121790464.0
memory_working_set,minikube,redis-cart-6899b65948-ms767,boutique,/kubepods/burstable/podd425db0f-53f9-4bec-9ee1-49e4ced03bb6,1780923497,13381632.0
memory_working_set,minikube,chaos-controller-manager-659785674d-wbwg8,chaos-testing,/kubepods/burstable/podd7abbfc2-2af5-4b28-b438-3ebef4bafcce,1780923497,27963392.0
memory_working_set,minikube,paymentservice-6b76dfb449-n8mm2,boutique,/kubepods/burstable/podd9986049-5066-4a99-a156-0bc7b2391961,1780923497,101044224.0
memory_working_set,minikube,checkoutservice-75b9cd684f-vzdsz,boutique,/kubepods/burstable/pod5827d8c7-6a98-4352-9825-164648474ddc,1780923497,17563648.0
memory_working_set,minikube,frontend-694b9f76cd-z2pk6,boutique,/kubepods/burstable/podcf6049c2-3667-4622-87ba-b06efa553d48,1780923497,23498752.0
memory_working_set,minikube,productcatalogservice-fb49fc9cc-wptz6,boutique,/kubepods/burstable/pode9d4586d-6739-497d-ae8d-4fd70972eea8,1780923497,18456576.0
memory_working_set,minikube,loadgenerator-7694cd65db-bdz8c,boutique,/kubepods/burstable/pod38d6ef8e-d456-4bd4-95a0-ea6760631a9d,1780923497,78385152.0
cpu_rate,minikube,kube-proxy-fshvh,kube-system,/kubepods/besteffort/pod2f4efb93-ee48-4c37-b1e1-6f2e54a917c7,1780923526,0.0005394294274009376
cpu_rate,minikube,monitoring-kube-state-metrics-868694bc4b-689cm,monitoring,/kubepods/besteffort/pod59c52cc8-67e3-4946-aac6-7ff0ef74285f,1780923526,0.0008312093160875628
cpu_rate,minikube,prometheus-monitoring-kube-prometheus-prometheus-0,monitoring,/kubepods/besteffort/pod6bff50b8-f988-4ff2-a8c1-8f95f2c25189,1780923526,0.012598033366933421
cpu_rate,minikube,storage-provisioner,kube-system,/kubepods/besteffort/pod9bffcac8-a0cd-49a4-ad59-cdbf60a579cb,1780923526,0.0015743467520938695
cpu_rate,minikube,monitoring-grafana-6f66955c48-hlrcn,monitoring,/kubepods/besteffort/pod9d3fe3f0-8989-47b4-8478-0ae7be66df8d,1780923526,0.010700650634870513
cpu_rate,minikube,chaos-daemon-n6ghj,chaos-testing,/kubepods/besteffort/poda051be83-a7cd-43e4-83d3-76f3c90e8474,1780923526,4.319377933715675e-05
cpu_rate,minikube,monitoring-kube-prometheus-operator-556b56cc6d-n6dg9,monitoring,/kubepods/besteffort/podc8122519-a592-495f-9353-00a2f23fdf80,1780923526,0.002742651743517104
cpu_rate,minikube,monitoring-prometheus-node-exporter-pdw8p,monitoring,/kubepods/besteffort/podd35abb3b-34f0-40fa-af55-3ab246fc64c8,1780923526,0.001214472703840168
cpu_rate,minikube,kube-scheduler-minikube,kube-system,/kubepods/burstable/pod1c7123a121598343200ffd5b015ca580,1780923526,0.004966653098287075
cpu_rate,minikube,shippingservice-55656785c7-lk4mx,boutique,/kubepods/burstable/pod1df51271-c9ea-47fa-8fb2-cf15bbc7c216,1780923526,0.0009187445557491273
cpu_rate,minikube,chaos-controller-manager-659785674d-29q42,chaos-testing,/kubepods/burstable/pod21ab858c-cee8-438c-8682-c786dc3dc044,1780923526,0.0005035812499346523
cpu_rate,minikube,chaos-controller-manager-659785674d-fjb2r,chaos-testing,/kubepods/burstable/pod2569141a-4d05-422e-bcf2-2f01e2f5056d,1780923526,0.005634000650870748
cpu_rate,minikube,coredns-7d764666f9-hxxb8,kube-system,/kubepods/burstable/pod596c18fb-891c-4e87-9b11-83d99dd6d264,1780923526,0.0020061619689060338
cpu_rate,minikube,recommendationservice-6f8f67d69-fhrns,boutique,/kubepods/burstable/pod5ded7b1a-44d9-4178-8596-57a9e25f6171,1780923526,0.005843106163453715
cpu_rate,minikube,etcd-minikube,kube-system,/kubepods/burstable/pod5ff8e3b06bbaa8cb7ebc2bf531e48a2f,1780923526,0.023628129162171274
cpu_rate,minikube,emailservice-7466dc585-sv4wh,boutique,/kubepods/burstable/pod6116940a-da83-4761-97dc-892a207b789e,1780923526,0.0014521961294257741
cpu_rate,minikube,cartservice-546c548494-cb4lb,boutique,/kubepods/burstable/pod6ec732c5-cf34-4e25-a3ce-ff4b44ce8d19,1780923526,0.003656683333333572
cpu_rate,minikube,kube-controller-manager-minikube,kube-system,/kubepods/burstable/pod740363cf4388c2d0df59fc97f96b889c,1780923526,0.013344424785151712
cpu_rate,minikube,chaos-dashboard-5b77585c6c-zm7f4,chaos-testing,/kubepods/burstable/pod7d3e8284-7c72-4577-a8fb-79d957f69104,1780923526,0.002274662543854421
cpu_rate,minikube,chaos-dns-server-6bccb5bb76-gscmn,chaos-testing,/kubepods/burstable/pod8a82a436-ef3f-4750-8f39-dbfde680d0b8,1780923526,0.0021693656298642926
cpu_rate,minikube,coredns-7d764666f9-gmlgd,kube-system,/kubepods/burstable/pod9289fad3-6e91-4617-b97d-6da4631c2f35,1780923526,0.0017835452450564258
cpu_rate,minikube,adservice-8576649cff-5bvst,boutique,/kubepods/burstable/pod9d685cd3-17df-43af-a26e-7743c006902d,1780923526,0.001337966704380117
cpu_rate,minikube,kube-apiserver-minikube,kube-system,/kubepods/burstable/poda6dc00f40d27725f15407f95751ce5f7,1780923526,0.04933441800413537
cpu_rate,minikube,alertmanager-monitoring-kube-prometheus-alertmanager-0,monitoring,/kubepods/burstable/podb5fde93f-2f9a-427f-aa16-8a257f179975,1780923526,0.0006605808016696054
cpu_rate,minikube,currencyservice-fd8f5dfb7-js8gr,boutique,/kubepods/burstable/podc827ec2d-8a9d-4e1c-8017-62c3901eccb4,1780923526,0.006902410879868468
cpu_rate,minikube,redis-cart-6899b65948-ms767,boutique,/kubepods/burstable/podd425db0f-53f9-4bec-9ee1-49e4ced03bb6,1780923526,0.0019136675426485218
cpu_rate,minikube,chaos-controller-manager-659785674d-wbwg8,chaos-testing,/kubepods/burstable/podd7abbfc2-2af5-4b28-b438-3ebef4bafcce,1780923526,0.0004340203780058548
cpu_rate,minikube,paymentservice-6b76dfb449-n8mm2,boutique,/kubepods/burstable/podd9986049-5066-4a99-a156-0bc7b2391961,1780923526,0.0005240602197329971
cpu_rate,minikube,checkoutservice-75b9cd684f-vzdsz,boutique,/kubepods/burstable/pod5827d8c7-6a98-4352-9825-164648474ddc,1780923526,0.0011220546769637782
cpu_rate,minikube,frontend-694b9f76cd-z2pk6,boutique,/kubepods/burstable/podcf6049c2-3667-4622-87ba-b06efa553d48,1780923526,0.011704914732694941
cpu_rate,minikube,productcatalogservice-fb49fc9cc-wptz6,boutique,/kubepods/burstable/pode9d4586d-6739-497d-ae8d-4fd70972eea8,1780923526,0.005511268112681153
cpu_rate,minikube,loadgenerator-7694cd65db-bdz8c,boutique,/kubepods/burstable/pod38d6ef8e-d456-4bd4-95a0-ea6760631a9d,1780923526,0.0028073093956873375
memory_working_set,minikube,kube-proxy-fshvh,kube-system,/kubepods/besteffort/pod2f4efb93-ee48-4c37-b1e1-6f2e54a917c7,1780923526,35913728.0
memory_working_set,minikube,monitoring-kube-state-metrics-868694bc4b-689cm,monitoring,/kubepods/besteffort/pod59c52cc8-67e3-4946-aac6-7ff0ef74285f,1780923526,38404096.0
memory_working_set,minikube,prometheus-monitoring-kube-prometheus-prometheus-0,monitoring,/kubepods/besteffort/pod6bff50b8-f988-4ff2-a8c1-8f95f2c25189,1780923526,315432960.0
memory_working_set,minikube,storage-provisioner,kube-system,/kubepods/besteffort/pod9bffcac8-a0cd-49a4-ad59-cdbf60a579cb,1780923526,20447232.0
memory_working_set,minikube,monitoring-grafana-6f66955c48-hlrcn,monitoring,/kubepods/besteffort/pod9d3fe3f0-8989-47b4-8478-0ae7be66df8d,1780923526,402288640.0
memory_working_set,minikube,chaos-daemon-n6ghj,chaos-testing,/kubepods/besteffort/poda051be83-a7cd-43e4-83d3-76f3c90e8474,1780923526,18931712.0
memory_working_set,minikube,monitoring-kube-prometheus-operator-556b56cc6d-n6dg9,monitoring,/kubepods/besteffort/podc8122519-a592-495f-9353-00a2f23fdf80,1780923526,40808448.0
memory_working_set,minikube,monitoring-prometheus-node-exporter-pdw8p,monitoring,/kubepods/besteffort/podd35abb3b-34f0-40fa-af55-3ab246fc64c8,1780923526,20832256.0
memory_working_set,minikube,kube-scheduler-minikube,kube-system,/kubepods/burstable/pod1c7123a121598343200ffd5b015ca580,1780923526,40357888.0
memory_working_set,minikube,shippingservice-55656785c7-lk4mx,boutique,/kubepods/burstable/pod1df51271-c9ea-47fa-8fb2-cf15bbc7c216,1780923526,15036416.0
memory_working_set,minikube,chaos-controller-manager-659785674d-29q42,chaos-testing,/kubepods/burstable/pod21ab858c-cee8-438c-8682-c786dc3dc044,1780923526,29454336.0
memory_working_set,minikube,chaos-controller-manager-659785674d-fjb2r,chaos-testing,/kubepods/burstable/pod2569141a-4d05-422e-bcf2-2f01e2f5056d,1780923526,36438016.0
memory_working_set,minikube,coredns-7d764666f9-hxxb8,kube-system,/kubepods/burstable/pod596c18fb-891c-4e87-9b11-83d99dd6d264,1780923526,39383040.0
memory_working_set,minikube,recommendationservice-6f8f67d69-fhrns,boutique,/kubepods/burstable/pod5ded7b1a-44d9-4178-8596-57a9e25f6171,1780923526,57479168.0
memory_working_set,minikube,etcd-minikube,kube-system,/kubepods/burstable/pod5ff8e3b06bbaa8cb7ebc2bf531e48a2f,1780923526,87416832.0
memory_working_set,minikube,emailservice-7466dc585-sv4wh,boutique,/kubepods/burstable/pod6116940a-da83-4761-97dc-892a207b789e,1780923526,53293056.0
memory_working_set,minikube,cartservice-546c548494-cb4lb,boutique,/kubepods/burstable/pod6ec732c5-cf34-4e25-a3ce-ff4b44ce8d19,1780923526,71229440.0
memory_working_set,minikube,kube-controller-manager-minikube,kube-system,/kubepods/burstable/pod740363cf4388c2d0df59fc97f96b889c,1780923526,95727616.0
memory_working_set,minikube,chaos-dashboard-5b77585c6c-zm7f4,chaos-testing,/kubepods/burstable/pod7d3e8284-7c72-4577-a8fb-79d957f69104,1780923526,47882240.0
memory_working_set,minikube,chaos-dns-server-6bccb5bb76-gscmn,chaos-testing,/kubepods/burstable/pod8a82a436-ef3f-4750-8f39-dbfde680d0b8,1780923526,27725824.0
memory_working_set,minikube,coredns-7d764666f9-gmlgd,kube-system,/kubepods/burstable/pod9289fad3-6e91-4617-b97d-6da4631c2f35,1780923526,31682560.0
memory_working_set,minikube,adservice-8576649cff-5bvst,boutique,/kubepods/burstable/pod9d685cd3-17df-43af-a26e-7743c006902d,1780923526,112197632.0
memory_working_set,minikube,kube-apiserver-minikube,kube-system,/kubepods/burstable/poda6dc00f40d27725f15407f95751ce5f7,1780923526,580628480.0
memory_working_set,minikube,alertmanager-monitoring-kube-prometheus-alertmanager-0,monitoring,/kubepods/burstable/podb5fde93f-2f9a-427f-aa16-8a257f179975,1780923526,52834304.0
memory_working_set,minikube,currencyservice-fd8f5dfb7-js8gr,boutique,/kubepods/burstable/podc827ec2d-8a9d-4e1c-8017-62c3901eccb4,1780923526,122306560.0
memory_working_set,minikube,redis-cart-6899b65948-ms767,boutique,/kubepods/burstable/podd425db0f-53f9-4bec-9ee1-49e4ced03bb6,1780923526,13381632.0
memory_working_set,minikube,chaos-controller-manager-659785674d-wbwg8,chaos-testing,/kubepods/burstable/podd7abbfc2-2af5-4b28-b438-3ebef4bafcce,1780923526,27963392.0
memory_working_set,minikube,paymentservice-6b76dfb449-n8mm2,boutique,/kubepods/burstable/podd9986049-5066-4a99-a156-0bc7b2391961,1780923526,101339136.0
memory_working_set,minikube,checkoutservice-75b9cd684f-vzdsz,boutique,/kubepods/burstable/pod5827d8c7-6a98-4352-9825-164648474ddc,1780923526,17838080.0
memory_working_set,minikube,frontend-694b9f76cd-z2pk6,boutique,/kubepods/burstable/podcf6049c2-3667-4622-87ba-b06efa553d48,1780923526,23556096.0
memory_working_set,minikube,productcatalogservice-fb49fc9cc-wptz6,boutique,/kubepods/burstable/pode9d4586d-6739-497d-ae8d-4fd70972eea8,1780923526,18587648.0
memory_working_set,minikube,loadgenerator-7694cd65db-bdz8c,boutique,/kubepods/burstable/pod38d6ef8e-d456-4bd4-95a0-ea6760631a9d,1780923526,78389248.0
cpu_rate,minikube,kube-proxy-fshvh,kube-system,/kubepods/besteffort/pod2f4efb93-ee48-4c37-b1e1-6f2e54a917c7,1780923556,0.0006467725734569844
cpu_rate,minikube,monitoring-kube-state-metrics-868694bc4b-689cm,monitoring,/kubepods/besteffort/pod59c52cc8-67e3-4946-aac6-7ff0ef74285f,1780923556,0.000790884454299099
cpu_rate,minikube,prometheus-monitoring-kube-prometheus-prometheus-0,monitoring,/kubepods/besteffort/pod6bff50b8-f988-4ff2-a8c1-8f95f2c25189,1780923556,0.012308605465719182
cpu_rate,minikube,storage-provisioner,kube-system,/kubepods/besteffort/pod9bffcac8-a0cd-49a4-ad59-cdbf60a579cb,1780923556,0.0014649833758124938
cpu_rate,minikube,monitoring-grafana-6f66955c48-hlrcn,monitoring,/kubepods/besteffort/pod9d3fe3f0-8989-47b4-8478-0ae7be66df8d,1780923556,0.009555121402665253
cpu_rate,minikube,chaos-daemon-n6ghj,chaos-testing,/kubepods/besteffort/poda051be83-a7cd-43e4-83d3-76f3c90e8474,1780923556,4.313692065836946e-05
cpu_rate,minikube,monitoring-kube-prometheus-operator-556b56cc6d-n6dg9,monitoring,/kubepods/besteffort/podc8122519-a592-495f-9353-00a2f23fdf80,1780923556,0.002389913828556137
cpu_rate,minikube,monitoring-prometheus-node-exporter-pdw8p,monitoring,/kubepods/besteffort/podd35abb3b-34f0-40fa-af55-3ab246fc64c8,1780923556,0.001147076388888932
cpu_rate,minikube,kube-scheduler-minikube,kube-system,/kubepods/burstable/pod1c7123a121598343200ffd5b015ca580,1780923556,0.004943418283843931
cpu_rate,minikube,shippingservice-55656785c7-lk4mx,boutique,/kubepods/burstable/pod1df51271-c9ea-47fa-8fb2-cf15bbc7c216,1780923556,0.0008689735427345454
cpu_rate,minikube,chaos-controller-manager-659785674d-29q42,chaos-testing,/kubepods/burstable/pod21ab858c-cee8-438c-8682-c786dc3dc044,1780923556,0.00045144921700091765
cpu_rate,minikube,chaos-controller-manager-659785674d-fjb2r,chaos-testing,/kubepods/burstable/pod2569141a-4d05-422e-bcf2-2f01e2f5056d,1780923556,0.0056279822192212125
cpu_rate,minikube,coredns-7d764666f9-hxxb8,kube-system,/kubepods/burstable/pod596c18fb-891c-4e87-9b11-83d99dd6d264,1780923556,0.0020472791117198802
cpu_rate,minikube,recommendationservice-6f8f67d69-fhrns,boutique,/kubepods/burstable/pod5ded7b1a-44d9-4178-8596-57a9e25f6171,1780923556,0.005071261399011563
cpu_rate,minikube,etcd-minikube,kube-system,/kubepods/burstable/pod5ff8e3b06bbaa8cb7ebc2bf531e48a2f,1780923556,0.026184548787073048
cpu_rate,minikube,emailservice-7466dc585-sv4wh,boutique,/kubepods/burstable/pod6116940a-da83-4761-97dc-892a207b789e,1780923556,0.0015843081722284147
cpu_rate,minikube,cartservice-546c548494-cb4lb,boutique,/kubepods/burstable/pod6ec732c5-cf34-4e25-a3ce-ff4b44ce8d19,1780923556,0.0037948171387123214
cpu_rate,minikube,kube-controller-manager-minikube,kube-system,/kubepods/burstable/pod740363cf4388c2d0df59fc97f96b889c,1780923556,0.013136372119063194
cpu_rate,minikube,chaos-dashboard-5b77585c6c-zm7f4,chaos-testing,/kubepods/burstable/pod7d3e8284-7c72-4577-a8fb-79d957f69104,1780923556,0.0021848079860877227
cpu_rate,minikube,chaos-dns-server-6bccb5bb76-gscmn,chaos-testing,/kubepods/burstable/pod8a82a436-ef3f-4750-8f39-dbfde680d0b8,1780923556,0.0021497674680268177
cpu_rate,minikube,coredns-7d764666f9-gmlgd,kube-system,/kubepods/burstable/pod9289fad3-6e91-4617-b97d-6da4631c2f35,1780923556,0.002090061381183501
cpu_rate,minikube,adservice-8576649cff-5bvst,boutique,/kubepods/burstable/pod9d685cd3-17df-43af-a26e-7743c006902d,1780923556,0.0012928527524874744
cpu_rate,minikube,kube-apiserver-minikube,kube-system,/kubepods/burstable/poda6dc00f40d27725f15407f95751ce5f7,1780923556,0.04222719639114489
cpu_rate,minikube,alertmanager-monitoring-kube-prometheus-alertmanager-0,monitoring,/kubepods/burstable/podb5fde93f-2f9a-427f-aa16-8a257f179975,1780923556,0.0004939039389892165
cpu_rate,minikube,currencyservice-fd8f5dfb7-js8gr,boutique,/kubepods/burstable/podc827ec2d-8a9d-4e1c-8017-62c3901eccb4,1780923556,0.00538707861086364
cpu_rate,minikube,redis-cart-6899b65948-ms767,boutique,/kubepods/burstable/podd425db0f-53f9-4bec-9ee1-49e4ced03bb6,1780923556,0.0019128895467455979
cpu_rate,minikube,chaos-controller-manager-659785674d-wbwg8,chaos-testing,/kubepods/burstable/podd7abbfc2-2af5-4b28-b438-3ebef4bafcce,1780923556,0.00041341725221617233
cpu_rate,minikube,paymentservice-6b76dfb449-n8mm2,boutique,/kubepods/burstable/podd9986049-5066-4a99-a156-0bc7b2391961,1780923556,0.0005353099456769423
cpu_rate,minikube,checkoutservice-75b9cd684f-vzdsz,boutique,/kubepods/burstable/pod5827d8c7-6a98-4352-9825-164648474ddc,1780923556,0.0008987326417695695
cpu_rate,minikube,frontend-694b9f76cd-z2pk6,boutique,/kubepods/burstable/podcf6049c2-3667-4622-87ba-b06efa553d48,1780923556,0.011060458006404593
cpu_rate,minikube,productcatalogservice-fb49fc9cc-wptz6,boutique,/kubepods/burstable/pode9d4586d-6739-497d-ae8d-4fd70972eea8,1780923556,0.005332459847026833
cpu_rate,minikube,loadgenerator-7694cd65db-bdz8c,boutique,/kubepods/burstable/pod38d6ef8e-d456-4bd4-95a0-ea6760631a9d,1780923556,0.002656165983700764
memory_working_set,minikube,kube-proxy-fshvh,kube-system,/kubepods/besteffort/pod2f4efb93-ee48-4c37-b1e1-6f2e54a917c7,1780923556,37650432.0
memory_working_set,minikube,monitoring-kube-state-metrics-868694bc4b-689cm,monitoring,/kubepods/besteffort/pod59c52cc8-67e3-4946-aac6-7ff0ef74285f,1780923556,38141952.0
memory_working_set,minikube,prometheus-monitoring-kube-prometheus-prometheus-0,monitoring,/kubepods/besteffort/pod6bff50b8-f988-4ff2-a8c1-8f95f2c25189,1780923556,319234048.0
memory_working_set,minikube,storage-provisioner,kube-system,/kubepods/besteffort/pod9bffcac8-a0cd-49a4-ad59-cdbf60a579cb,1780923556,20602880.0
memory_working_set,minikube,monitoring-grafana-6f66955c48-hlrcn,monitoring,/kubepods/besteffort/pod9d3fe3f0-8989-47b4-8478-0ae7be66df8d,1780923556,402554880.0
memory_working_set,minikube,chaos-daemon-n6ghj,chaos-testing,/kubepods/besteffort/poda051be83-a7cd-43e4-83d3-76f3c90e8474,1780923556,18931712.0
memory_working_set,minikube,monitoring-kube-prometheus-operator-556b56cc6d-n6dg9,monitoring,/kubepods/besteffort/podc8122519-a592-495f-9353-00a2f23fdf80,1780923556,40812544.0
memory_working_set,minikube,monitoring-prometheus-node-exporter-pdw8p,monitoring,/kubepods/besteffort/podd35abb3b-34f0-40fa-af55-3ab246fc64c8,1780923556,21012480.0
memory_working_set,minikube,kube-scheduler-minikube,kube-system,/kubepods/burstable/pod1c7123a121598343200ffd5b015ca580,1780923556,40361984.0
memory_working_set,minikube,shippingservice-55656785c7-lk4mx,boutique,/kubepods/burstable/pod1df51271-c9ea-47fa-8fb2-cf15bbc7c216,1780923556,15097856.0
memory_working_set,minikube,chaos-controller-manager-659785674d-29q42,chaos-testing,/kubepods/burstable/pod21ab858c-cee8-438c-8682-c786dc3dc044,1780923556,29450240.0
memory_working_set,minikube,chaos-controller-manager-659785674d-fjb2r,chaos-testing,/kubepods/burstable/pod2569141a-4d05-422e-bcf2-2f01e2f5056d,1780923556,36450304.0
memory_working_set,minikube,coredns-7d764666f9-hxxb8,kube-system,/kubepods/burstable/pod596c18fb-891c-4e87-9b11-83d99dd6d264,1780923556,39452672.0
memory_working_set,minikube,recommendationservice-6f8f67d69-fhrns,boutique,/kubepods/burstable/pod5ded7b1a-44d9-4178-8596-57a9e25f6171,1780923556,57483264.0
memory_working_set,minikube,etcd-minikube,kube-system,/kubepods/burstable/pod5ff8e3b06bbaa8cb7ebc2bf531e48a2f,1780923556,86937600.0
memory_working_set,minikube,emailservice-7466dc585-sv4wh,boutique,/kubepods/burstable/pod6116940a-da83-4761-97dc-892a207b789e,1780923556,53293056.0
memory_working_set,minikube,cartservice-546c548494-cb4lb,boutique,/kubepods/burstable/pod6ec732c5-cf34-4e25-a3ce-ff4b44ce8d19,1780923556,71258112.0
memory_working_set,minikube,kube-controller-manager-minikube,kube-system,/kubepods/burstable/pod740363cf4388c2d0df59fc97f96b889c,1780923556,95993856.0
memory_working_set,minikube,chaos-dashboard-5b77585c6c-zm7f4,chaos-testing,/kubepods/burstable/pod7d3e8284-7c72-4577-a8fb-79d957f69104,1780923556,47882240.0
memory_working_set,minikube,chaos-dns-server-6bccb5bb76-gscmn,chaos-testing,/kubepods/burstable/pod8a82a436-ef3f-4750-8f39-dbfde680d0b8,1780923556,27729920.0
memory_working_set,minikube,coredns-7d764666f9-gmlgd,kube-system,/kubepods/burstable/pod9289fad3-6e91-4617-b97d-6da4631c2f35,1780923556,32305152.0
memory_working_set,minikube,adservice-8576649cff-5bvst,boutique,/kubepods/burstable/pod9d685cd3-17df-43af-a26e-7743c006902d,1780923556,112197632.0
memory_working_set,minikube,kube-apiserver-minikube,kube-system,/kubepods/burstable/poda6dc00f40d27725f15407f95751ce5f7,1780923556,580624384.0
memory_working_set,minikube,alertmanager-monitoring-kube-prometheus-alertmanager-0,monitoring,/kubepods/burstable/podb5fde93f-2f9a-427f-aa16-8a257f179975,1780923556,52834304.0
memory_working_set,minikube,currencyservice-fd8f5dfb7-js8gr,boutique,/kubepods/burstable/podc827ec2d-8a9d-4e1c-8017-62c3901eccb4,1780923556,121790464.0
memory_working_set,minikube,redis-cart-6899b65948-ms767,boutique,/kubepods/burstable/podd425db0f-53f9-4bec-9ee1-49e4ced03bb6,1780923556,13643776.0
memory_working_set,minikube,chaos-controller-manager-659785674d-wbwg8,chaos-testing,/kubepods/burstable/podd7abbfc2-2af5-4b28-b438-3ebef4bafcce,1780923556,27963392.0
memory_working_set,minikube,paymentservice-6b76dfb449-n8mm2,boutique,/kubepods/burstable/podd9986049-5066-4a99-a156-0bc7b2391961,1780923556,102121472.0
memory_working_set,minikube,checkoutservice-75b9cd684f-vzdsz,boutique,/kubepods/burstable/pod5827d8c7-6a98-4352-9825-164648474ddc,1780923556,17412096.0
memory_working_set,minikube,frontend-694b9f76cd-z2pk6,boutique,/kubepods/burstable/podcf6049c2-3667-4622-87ba-b06efa553d48,1780923556,23375872.0
memory_working_set,minikube,productcatalogservice-fb49fc9cc-wptz6,boutique,/kubepods/burstable/pode9d4586d-6739-497d-ae8d-4fd70972eea8,1780923556,18776064.0
memory_working_set,minikube,loadgenerator-7694cd65db-bdz8c,boutique,/kubepods/burstable/pod38d6ef8e-d456-4bd4-95a0-ea6760631a9d,1780923556,78401536.0
cpu_rate,minikube,kube-proxy-fshvh,kube-system,/kubepods/besteffort/pod2f4efb93-ee48-4c37-b1e1-6f2e54a917c7,1780923585,0.0006158355734989357
cpu_rate,minikube,monitoring-kube-state-metrics-868694bc4b-689cm,monitoring,/kubepods/besteffort/pod59c52cc8-67e3-4946-aac6-7ff0ef74285f,1780923585,0.0007677228405197571
cpu_rate,minikube,prometheus-monitoring-kube-prometheus-prometheus-0,monitoring,/kubepods/besteffort/pod6bff50b8-f988-4ff2-a8c1-8f95f2c25189,1780923585,0.01141887332908984
cpu_rate,minikube,storage-provisioner,kube-system,/kubepods/besteffort/pod9bffcac8-a0cd-49a4-ad59-cdbf60a579cb,1780923585,0.001469087109588269
cpu_rate,minikube,monitoring-grafana-6f66955c48-hlrcn,monitoring,/kubepods/besteffort/pod9d3fe3f0-8989-47b4-8478-0ae7be66df8d,1780923585,0.009888626010805807
cpu_rate,minikube,chaos-daemon-n6ghj,chaos-testing,/kubepods/besteffort/poda051be83-a7cd-43e4-83d3-76f3c90e8474,1780923585,4.331233335147042e-05
cpu_rate,minikube,monitoring-kube-prometheus-operator-556b56cc6d-n6dg9,monitoring,/kubepods/besteffort/podc8122519-a592-495f-9353-00a2f23fdf80,1780923585,0.0023113085531125135
cpu_rate,minikube,monitoring-prometheus-node-exporter-pdw8p,monitoring,/kubepods/besteffort/podd35abb3b-34f0-40fa-af55-3ab246fc64c8,1780923585,0.0009325882174193518
cpu_rate,minikube,kube-scheduler-minikube,kube-system,/kubepods/burstable/pod1c7123a121598343200ffd5b015ca580,1780923585,0.004916924604333372
cpu_rate,minikube,shippingservice-55656785c7-lk4mx,boutique,/kubepods/burstable/pod1df51271-c9ea-47fa-8fb2-cf15bbc7c216,1780923585,0.0007530181826344857
cpu_rate,minikube,chaos-controller-manager-659785674d-29q42,chaos-testing,/kubepods/burstable/pod21ab858c-cee8-438c-8682-c786dc3dc044,1780923585,0.000353410988535026
cpu_rate,minikube,chaos-controller-manager-659785674d-fjb2r,chaos-testing,/kubepods/burstable/pod2569141a-4d05-422e-bcf2-2f01e2f5056d,1780923585,0.005555638684748951
cpu_rate,minikube,coredns-7d764666f9-hxxb8,kube-system,/kubepods/burstable/pod596c18fb-891c-4e87-9b11-83d99dd6d264,1780923585,0.0021583009880028025
cpu_rate,minikube,recommendationservice-6f8f67d69-fhrns,boutique,/kubepods/burstable/pod5ded7b1a-44d9-4178-8596-57a9e25f6171,1780923585,0.005498223784194349
cpu_rate,minikube,etcd-minikube,kube-system,/kubepods/burstable/pod5ff8e3b06bbaa8cb7ebc2bf531e48a2f,1780923585,0.025705567410280596
cpu_rate,minikube,emailservice-7466dc585-sv4wh,boutique,/kubepods/burstable/pod6116940a-da83-4761-97dc-892a207b789e,1780923585,0.001648539934648642
cpu_rate,minikube,cartservice-546c548494-cb4lb,boutique,/kubepods/burstable/pod6ec732c5-cf34-4e25-a3ce-ff4b44ce8d19,1780923585,0.0038082177678815414
cpu_rate,minikube,kube-controller-manager-minikube,kube-system,/kubepods/burstable/pod740363cf4388c2d0df59fc97f96b889c,1780923585,0.013201006494816406
cpu_rate,minikube,chaos-dashboard-5b77585c6c-zm7f4,chaos-testing,/kubepods/burstable/pod7d3e8284-7c72-4577-a8fb-79d957f69104,1780923585,0.002202389287103437
cpu_rate,minikube,chaos-dns-server-6bccb5bb76-gscmn,chaos-testing,/kubepods/burstable/pod8a82a436-ef3f-4750-8f39-dbfde680d0b8,1780923585,0.0021368017597023885
cpu_rate,minikube,coredns-7d764666f9-gmlgd,kube-system,/kubepods/burstable/pod9289fad3-6e91-4617-b97d-6da4631c2f35,1780923585,0.0020517519533515076
cpu_rate,minikube,adservice-8576649cff-5bvst,boutique,/kubepods/burstable/pod9d685cd3-17df-43af-a26e-7743c006902d,1780923585,0.0012896362451467038
cpu_rate,minikube,kube-apiserver-minikube,kube-system,/kubepods/burstable/poda6dc00f40d27725f15407f95751ce5f7,1780923585,0.04729306242682891
cpu_rate,minikube,alertmanager-monitoring-kube-prometheus-alertmanager-0,monitoring,/kubepods/burstable/podb5fde93f-2f9a-427f-aa16-8a257f179975,1780923585,0.0005158507598091328
cpu_rate,minikube,currencyservice-fd8f5dfb7-js8gr,boutique,/kubepods/burstable/podc827ec2d-8a9d-4e1c-8017-62c3901eccb4,1780923585,0.00631909246180089
cpu_rate,minikube,redis-cart-6899b65948-ms767,boutique,/kubepods/burstable/podd425db0f-53f9-4bec-9ee1-49e4ced03bb6,1780923585,0.0018866541333640676
cpu_rate,minikube,chaos-controller-manager-659785674d-wbwg8,chaos-testing,/kubepods/burstable/podd7abbfc2-2af5-4b28-b438-3ebef4bafcce,1780923585,0.0004125835028292229
cpu_rate,minikube,paymentservice-6b76dfb449-n8mm2,boutique,/kubepods/burstable/podd9986049-5066-4a99-a156-0bc7b2391961,1780923585,0.0006068405691353265
cpu_rate,minikube,checkoutservice-75b9cd684f-vzdsz,boutique,/kubepods/burstable/pod5827d8c7-6a98-4352-9825-164648474ddc,1780923585,0.0010006606474345264
cpu_rate,minikube,frontend-694b9f76cd-z2pk6,boutique,/kubepods/burstable/podcf6049c2-3667-4622-87ba-b06efa553d48,1780923585,0.01103333561570141
cpu_rate,minikube,productcatalogservice-fb49fc9cc-wptz6,boutique,/kubepods/burstable/pode9d4586d-6739-497d-ae8d-4fd70972eea8,1780923585,0.004806214389133655
cpu_rate,minikube,loadgenerator-7694cd65db-bdz8c,boutique,/kubepods/burstable/pod38d6ef8e-d456-4bd4-95a0-ea6760631a9d,1780923585,0.0029820449615459727
memory_working_set,minikube,kube-proxy-fshvh,kube-system,/kubepods/besteffort/pod2f4efb93-ee48-4c37-b1e1-6f2e54a917c7,1780923585,37548032.0
memory_working_set,minikube,monitoring-kube-state-metrics-868694bc4b-689cm,monitoring,/kubepods/besteffort/pod59c52cc8-67e3-4946-aac6-7ff0ef74285f,1780923585,37986304.0
memory_working_set,minikube,prometheus-monitoring-kube-prometheus-prometheus-0,monitoring,/kubepods/besteffort/pod6bff50b8-f988-4ff2-a8c1-8f95f2c25189,1780923585,310685696.0
memory_working_set,minikube,storage-provisioner,kube-system,/kubepods/besteffort/pod9bffcac8-a0cd-49a4-ad59-cdbf60a579cb,1780923585,20598784.0
memory_working_set,minikube,monitoring-grafana-6f66955c48-hlrcn,monitoring,/kubepods/besteffort/pod9d3fe3f0-8989-47b4-8478-0ae7be66df8d,1780923585,401264640.0
memory_working_set,minikube,chaos-daemon-n6ghj,chaos-testing,/kubepods/besteffort/poda051be83-a7cd-43e4-83d3-76f3c90e8474,1780923585,18849792.0
memory_working_set,minikube,monitoring-kube-prometheus-operator-556b56cc6d-n6dg9,monitoring,/kubepods/besteffort/podc8122519-a592-495f-9353-00a2f23fdf80,1780923585,40165376.0
memory_working_set,minikube,monitoring-prometheus-node-exporter-pdw8p,monitoring,/kubepods/besteffort/podd35abb3b-34f0-40fa-af55-3ab246fc64c8,1780923585,19808256.0
memory_working_set,minikube,kube-scheduler-minikube,kube-system,/kubepods/burstable/pod1c7123a121598343200ffd5b015ca580,1780923585,40239104.0
memory_working_set,minikube,shippingservice-55656785c7-lk4mx,boutique,/kubepods/burstable/pod1df51271-c9ea-47fa-8fb2-cf15bbc7c216,1780923585,15081472.0
memory_working_set,minikube,chaos-controller-manager-659785674d-29q42,chaos-testing,/kubepods/burstable/pod21ab858c-cee8-438c-8682-c786dc3dc044,1780923585,29388800.0
memory_working_set,minikube,chaos-controller-manager-659785674d-fjb2r,chaos-testing,/kubepods/burstable/pod2569141a-4d05-422e-bcf2-2f01e2f5056d,1780923585,36368384.0
memory_working_set,minikube,coredns-7d764666f9-hxxb8,kube-system,/kubepods/burstable/pod596c18fb-891c-4e87-9b11-83d99dd6d264,1780923585,37679104.0
memory_working_set,minikube,recommendationservice-6f8f67d69-fhrns,boutique,/kubepods/burstable/pod5ded7b1a-44d9-4178-8596-57a9e25f6171,1780923585,57483264.0
memory_working_set,minikube,etcd-minikube,kube-system,/kubepods/burstable/pod5ff8e3b06bbaa8cb7ebc2bf531e48a2f,1780923585,86482944.0
memory_working_set,minikube,emailservice-7466dc585-sv4wh,boutique,/kubepods/burstable/pod6116940a-da83-4761-97dc-892a207b789e,1780923585,53346304.0
memory_working_set,minikube,cartservice-546c548494-cb4lb,boutique,/kubepods/burstable/pod6ec732c5-cf34-4e25-a3ce-ff4b44ce8d19,1780923585,71131136.0
memory_working_set,minikube,kube-controller-manager-minikube,kube-system,/kubepods/burstable/pod740363cf4388c2d0df59fc97f96b889c,1780923585,95682560.0
memory_working_set,minikube,chaos-dashboard-5b77585c6c-zm7f4,chaos-testing,/kubepods/burstable/pod7d3e8284-7c72-4577-a8fb-79d957f69104,1780923585,47755264.0
memory_working_set,minikube,chaos-dns-server-6bccb5bb76-gscmn,chaos-testing,/kubepods/burstable/pod8a82a436-ef3f-4750-8f39-dbfde680d0b8,1780923585,27557888.0
memory_working_set,minikube,coredns-7d764666f9-gmlgd,kube-system,/kubepods/burstable/pod9289fad3-6e91-4617-b97d-6da4631c2f35,1780923585,31674368.0
memory_working_set,minikube,adservice-8576649cff-5bvst,boutique,/kubepods/burstable/pod9d685cd3-17df-43af-a26e-7743c006902d,1780923585,112054272.0
memory_working_set,minikube,kube-apiserver-minikube,kube-system,/kubepods/burstable/poda6dc00f40d27725f15407f95751ce5f7,1780923585,562728960.0
memory_working_set,minikube,alertmanager-monitoring-kube-prometheus-alertmanager-0,monitoring,/kubepods/burstable/podb5fde93f-2f9a-427f-aa16-8a257f179975,1780923585,53600256.0
memory_working_set,minikube,currencyservice-fd8f5dfb7-js8gr,boutique,/kubepods/burstable/podc827ec2d-8a9d-4e1c-8017-62c3901eccb4,1780923585,122155008.0
memory_working_set,minikube,redis-cart-6899b65948-ms767,boutique,/kubepods/burstable/podd425db0f-53f9-4bec-9ee1-49e4ced03bb6,1780923585,13303808.0
memory_working_set,minikube,chaos-controller-manager-659785674d-wbwg8,chaos-testing,/kubepods/burstable/podd7abbfc2-2af5-4b28-b438-3ebef4bafcce,1780923585,27844608.0
memory_working_set,minikube,paymentservice-6b76dfb449-n8mm2,boutique,/kubepods/burstable/podd9986049-5066-4a99-a156-0bc7b2391961,1780923585,104771584.0
memory_working_set,minikube,checkoutservice-75b9cd684f-vzdsz,boutique,/kubepods/burstable/pod5827d8c7-6a98-4352-9825-164648474ddc,1780923585,17375232.0
memory_working_set,minikube,frontend-694b9f76cd-z2pk6,boutique,/kubepods/burstable/podcf6049c2-3667-4622-87ba-b06efa553d48,1780923585,23707648.0
memory_working_set,minikube,productcatalogservice-fb49fc9cc-wptz6,boutique,/kubepods/burstable/pode9d4586d-6739-497d-ae8d-4fd70972eea8,1780923585,18722816.0
memory_working_set,minikube,loadgenerator-7694cd65db-bdz8c,boutique,/kubepods/burstable/pod38d6ef8e-d456-4bd4-95a0-ea6760631a9d,1780923585,78319616.0
cpu_rate,minikube,kube-proxy-fshvh,kube-system,/kubepods/besteffort/pod2f4efb93-ee48-4c37-b1e1-6f2e54a917c7,1780923614,0.0005628895328148018
cpu_rate,minikube,monitoring-kube-state-metrics-868694bc4b-689cm,monitoring,/kubepods/besteffort/pod59c52cc8-67e3-4946-aac6-7ff0ef74285f,1780923614,0.0008184200399479695
cpu_rate,minikube,prometheus-monitoring-kube-prometheus-prometheus-0,monitoring,/kubepods/besteffort/pod6bff50b8-f988-4ff2-a8c1-8f95f2c25189,1780923614,0.03513195979258734
cpu_rate,minikube,storage-provisioner,kube-system,/kubepods/besteffort/pod9bffcac8-a0cd-49a4-ad59-cdbf60a579cb,1780923614,0.0016155561129226094
cpu_rate,minikube,monitoring-grafana-6f66955c48-hlrcn,monitoring,/kubepods/besteffort/pod9d3fe3f0-8989-47b4-8478-0ae7be66df8d,1780923614,0.010200265925522225
cpu_rate,minikube,chaos-daemon-n6ghj,chaos-testing,/kubepods/besteffort/poda051be83-a7cd-43e4-83d3-76f3c90e8474,1780923614,1.1500000000008729e-06
cpu_rate,minikube,monitoring-kube-prometheus-operator-556b56cc6d-n6dg9,monitoring,/kubepods/besteffort/podc8122519-a592-495f-9353-00a2f23fdf80,1780923614,0.0022671759905802365
cpu_rate,minikube,monitoring-prometheus-node-exporter-pdw8p,monitoring,/kubepods/besteffort/podd35abb3b-34f0-40fa-af55-3ab246fc64c8,1780923614,0.0009013177022274267
cpu_rate,minikube,kube-scheduler-minikube,kube-system,/kubepods/burstable/pod1c7123a121598343200ffd5b015ca580,1780923614,0.004939793493160831
cpu_rate,minikube,shippingservice-55656785c7-lk4mx,boutique,/kubepods/burstable/pod1df51271-c9ea-47fa-8fb2-cf15bbc7c216,1780923614,0.0007927138551086314
cpu_rate,minikube,chaos-controller-manager-659785674d-29q42,chaos-testing,/kubepods/burstable/pod21ab858c-cee8-438c-8682-c786dc3dc044,1780923614,0.0005521888592036066
cpu_rate,minikube,chaos-controller-manager-659785674d-fjb2r,chaos-testing,/kubepods/burstable/pod2569141a-4d05-422e-bcf2-2f01e2f5056d,1780923614,0.00555281491623703
cpu_rate,minikube,coredns-7d764666f9-hxxb8,kube-system,/kubepods/burstable/pod596c18fb-891c-4e87-9b11-83d99dd6d264,1780923614,0.002108523210166218
cpu_rate,minikube,recommendationservice-6f8f67d69-fhrns,boutique,/kubepods/burstable/pod5ded7b1a-44d9-4178-8596-57a9e25f6171,1780923614,0.005367459356452145
cpu_rate,minikube,etcd-minikube,kube-system,/kubepods/burstable/pod5ff8e3b06bbaa8cb7ebc2bf531e48a2f,1780923614,0.025962244787195398
cpu_rate,minikube,emailservice-7466dc585-sv4wh,boutique,/kubepods/burstable/pod6116940a-da83-4761-97dc-892a207b789e,1780923614,0.0015570797444002754
cpu_rate,minikube,cartservice-546c548494-cb4lb,boutique,/kubepods/burstable/pod6ec732c5-cf34-4e25-a3ce-ff4b44ce8d19,1780923614,0.004060817838753177
cpu_rate,minikube,kube-controller-manager-minikube,kube-system,/kubepods/burstable/pod740363cf4388c2d0df59fc97f96b889c,1780923614,0.01309276584276559
cpu_rate,minikube,chaos-dashboard-5b77585c6c-zm7f4,chaos-testing,/kubepods/burstable/pod7d3e8284-7c72-4577-a8fb-79d957f69104,1780923614,0.00221812794814473
cpu_rate,minikube,chaos-dns-server-6bccb5bb76-gscmn,chaos-testing,/kubepods/burstable/pod8a82a436-ef3f-4750-8f39-dbfde680d0b8,1780923614,0.0020316565015858113
cpu_rate,minikube,coredns-7d764666f9-gmlgd,kube-system,/kubepods/burstable/pod9289fad3-6e91-4617-b97d-6da4631c2f35,1780923614,0.002065281298596135
cpu_rate,minikube,adservice-8576649cff-5bvst,boutique,/kubepods/burstable/pod9d685cd3-17df-43af-a26e-7743c006902d,1780923614,0.0012192776924941238
cpu_rate,minikube,kube-apiserver-minikube,kube-system,/kubepods/burstable/poda6dc00f40d27725f15407f95751ce5f7,1780923614,0.046843576946743994
cpu_rate,minikube,alertmanager-monitoring-kube-prometheus-alertmanager-0,monitoring,/kubepods/burstable/podb5fde93f-2f9a-427f-aa16-8a257f179975,1780923614,0.0005307466818007282
cpu_rate,minikube,currencyservice-fd8f5dfb7-js8gr,boutique,/kubepods/burstable/podc827ec2d-8a9d-4e1c-8017-62c3901eccb4,1780923614,0.0062655216907676345
cpu_rate,minikube,redis-cart-6899b65948-ms767,boutique,/kubepods/burstable/podd425db0f-53f9-4bec-9ee1-49e4ced03bb6,1780923614,0.001852000700634486
cpu_rate,minikube,chaos-controller-manager-659785674d-wbwg8,chaos-testing,/kubepods/burstable/podd7abbfc2-2af5-4b28-b438-3ebef4bafcce,1780923614,0.0003452963410656164
cpu_rate,minikube,paymentservice-6b76dfb449-n8mm2,boutique,/kubepods/burstable/podd9986049-5066-4a99-a156-0bc7b2391961,1780923614,0.0005551869140850979
cpu_rate,minikube,checkoutservice-75b9cd684f-vzdsz,boutique,/kubepods/burstable/pod5827d8c7-6a98-4352-9825-164648474ddc,1780923614,0.0008455960045165052
cpu_rate,minikube,frontend-694b9f76cd-z2pk6,boutique,/kubepods/burstable/podcf6049c2-3667-4622-87ba-b06efa553d48,1780923614,0.010555732500331523
cpu_rate,minikube,productcatalogservice-fb49fc9cc-wptz6,boutique,/kubepods/burstable/pode9d4586d-6739-497d-ae8d-4fd70972eea8,1780923614,0.004687948448909841
cpu_rate,minikube,loadgenerator-7694cd65db-bdz8c,boutique,/kubepods/burstable/pod38d6ef8e-d456-4bd4-95a0-ea6760631a9d,1780923614,0.0029286702210720105
memory_working_set,minikube,kube-proxy-fshvh,kube-system,/kubepods/besteffort/pod2f4efb93-ee48-4c37-b1e1-6f2e54a917c7,1780923614,37830656.0
memory_working_set,minikube,monitoring-kube-state-metrics-868694bc4b-689cm,monitoring,/kubepods/besteffort/pod59c52cc8-67e3-4946-aac6-7ff0ef74285f,1780923614,37548032.0
memory_working_set,minikube,prometheus-monitoring-kube-prometheus-prometheus-0,monitoring,/kubepods/besteffort/pod6bff50b8-f988-4ff2-a8c1-8f95f2c25189,1780923614,306528256.0
memory_working_set,minikube,storage-provisioner,kube-system,/kubepods/besteffort/pod9bffcac8-a0cd-49a4-ad59-cdbf60a579cb,1780923614,20246528.0
memory_working_set,minikube,monitoring-grafana-6f66955c48-hlrcn,monitoring,/kubepods/besteffort/pod9d3fe3f0-8989-47b4-8478-0ae7be66df8d,1780923614,397459456.0
memory_working_set,minikube,chaos-daemon-n6ghj,chaos-testing,/kubepods/besteffort/poda051be83-a7cd-43e4-83d3-76f3c90e8474,1780923614,18849792.0
memory_working_set,minikube,monitoring-kube-prometheus-operator-556b56cc6d-n6dg9,monitoring,/kubepods/besteffort/podc8122519-a592-495f-9353-00a2f23fdf80,1780923614,40075264.0
memory_working_set,minikube,monitoring-prometheus-node-exporter-pdw8p,monitoring,/kubepods/besteffort/podd35abb3b-34f0-40fa-af55-3ab246fc64c8,1780923614,20389888.0
memory_working_set,minikube,kube-scheduler-minikube,kube-system,/kubepods/burstable/pod1c7123a121598343200ffd5b015ca580,1780923614,40235008.0
memory_working_set,minikube,shippingservice-55656785c7-lk4mx,boutique,/kubepods/burstable/pod1df51271-c9ea-47fa-8fb2-cf15bbc7c216,1780923614,15089664.0
memory_working_set,minikube,chaos-controller-manager-659785674d-29q42,chaos-testing,/kubepods/burstable/pod21ab858c-cee8-438c-8682-c786dc3dc044,1780923614,28962816.0
memory_working_set,minikube,chaos-controller-manager-659785674d-fjb2r,chaos-testing,/kubepods/burstable/pod2569141a-4d05-422e-bcf2-2f01e2f5056d,1780923614,36368384.0
memory_working_set,minikube,coredns-7d764666f9-hxxb8,kube-system,/kubepods/burstable/pod596c18fb-891c-4e87-9b11-83d99dd6d264,1780923614,37924864.0
memory_working_set,minikube,recommendationservice-6f8f67d69-fhrns,boutique,/kubepods/burstable/pod5ded7b1a-44d9-4178-8596-57a9e25f6171,1780923614,57475072.0
memory_working_set,minikube,etcd-minikube,kube-system,/kubepods/burstable/pod5ff8e3b06bbaa8cb7ebc2bf531e48a2f,1780923614,91246592.0
memory_working_set,minikube,emailservice-7466dc585-sv4wh,boutique,/kubepods/burstable/pod6116940a-da83-4761-97dc-892a207b789e,1780923614,53391360.0
memory_working_set,minikube,cartservice-546c548494-cb4lb,boutique,/kubepods/burstable/pod6ec732c5-cf34-4e25-a3ce-ff4b44ce8d19,1780923614,70635520.0
memory_working_set,minikube,kube-controller-manager-minikube,kube-system,/kubepods/burstable/pod740363cf4388c2d0df59fc97f96b889c,1780923614,93974528.0
memory_working_set,minikube,chaos-dashboard-5b77585c6c-zm7f4,chaos-testing,/kubepods/burstable/pod7d3e8284-7c72-4577-a8fb-79d957f69104,1780923614,47751168.0
memory_working_set,minikube,chaos-dns-server-6bccb5bb76-gscmn,chaos-testing,/kubepods/burstable/pod8a82a436-ef3f-4750-8f39-dbfde680d0b8,1780923614,27009024.0
memory_working_set,minikube,coredns-7d764666f9-gmlgd,kube-system,/kubepods/burstable/pod9289fad3-6e91-4617-b97d-6da4631c2f35,1780923614,31666176.0
memory_working_set,minikube,adservice-8576649cff-5bvst,boutique,/kubepods/burstable/pod9d685cd3-17df-43af-a26e-7743c006902d,1780923614,111767552.0
memory_working_set,minikube,kube-apiserver-minikube,kube-system,/kubepods/burstable/poda6dc00f40d27725f15407f95751ce5f7,1780923614,565518336.0
memory_working_set,minikube,alertmanager-monitoring-kube-prometheus-alertmanager-0,monitoring,/kubepods/burstable/podb5fde93f-2f9a-427f-aa16-8a257f179975,1780923614,54181888.0
memory_working_set,minikube,currencyservice-fd8f5dfb7-js8gr,boutique,/kubepods/burstable/podc827ec2d-8a9d-4e1c-8017-62c3901eccb4,1780923614,122064896.0
memory_working_set,minikube,redis-cart-6899b65948-ms767,boutique,/kubepods/burstable/podd425db0f-53f9-4bec-9ee1-49e4ced03bb6,1780923614,13303808.0
memory_working_set,minikube,chaos-controller-manager-659785674d-wbwg8,chaos-testing,/kubepods/burstable/podd7abbfc2-2af5-4b28-b438-3ebef4bafcce,1780923614,27422720.0
memory_working_set,minikube,paymentservice-6b76dfb449-n8mm2,boutique,/kubepods/burstable/podd9986049-5066-4a99-a156-0bc7b2391961,1780923614,105533440.0
memory_working_set,minikube,checkoutservice-75b9cd684f-vzdsz,boutique,/kubepods/burstable/pod5827d8c7-6a98-4352-9825-164648474ddc,1780923614,17420288.0
memory_working_set,minikube,frontend-694b9f76cd-z2pk6,boutique,/kubepods/burstable/podcf6049c2-3667-4622-87ba-b06efa553d48,1780923614,23433216.0
memory_working_set,minikube,productcatalogservice-fb49fc9cc-wptz6,boutique,/kubepods/burstable/pode9d4586d-6739-497d-ae8d-4fd70972eea8,1780923614,18120704.0
memory_working_set,minikube,loadgenerator-7694cd65db-bdz8c,boutique,/kubepods/burstable/pod38d6ef8e-d456-4bd4-95a0-ea6760631a9d,1780923614,78323712.0
cpu_rate,minikube,kube-proxy-fshvh,kube-system,/kubepods/besteffort/pod2f4efb93-ee48-4c37-b1e1-6f2e54a917c7,1780923643,0.0003642194630270057
cpu_rate,minikube,monitoring-kube-state-metrics-868694bc4b-689cm,monitoring,/kubepods/besteffort/pod59c52cc8-67e3-4946-aac6-7ff0ef74285f,1780923643,0.0007329614415573402
cpu_rate,minikube,prometheus-monitoring-kube-prometheus-prometheus-0,monitoring,/kubepods/besteffort/pod6bff50b8-f988-4ff2-a8c1-8f95f2c25189,1780923643,0.03403536759494136
cpu_rate,minikube,storage-provisioner,kube-system,/kubepods/besteffort/pod9bffcac8-a0cd-49a4-ad59-cdbf60a579cb,1780923643,0.0012828192912076064
cpu_rate,minikube,monitoring-grafana-6f66955c48-hlrcn,monitoring,/kubepods/besteffort/pod9d3fe3f0-8989-47b4-8478-0ae7be66df8d,1780923643,0.010278775871354695
cpu_rate,minikube,chaos-daemon-n6ghj,chaos-testing,/kubepods/besteffort/poda051be83-a7cd-43e4-83d3-76f3c90e8474,1780923643,3.2341372323097335e-05
cpu_rate,minikube,monitoring-kube-prometheus-operator-556b56cc6d-n6dg9,monitoring,/kubepods/besteffort/podc8122519-a592-495f-9353-00a2f23fdf80,1780923643,0.0023179202312875328
cpu_rate,minikube,monitoring-prometheus-node-exporter-pdw8p,monitoring,/kubepods/besteffort/podd35abb3b-34f0-40fa-af55-3ab246fc64c8,1780923643,0.0008910521820201199
cpu_rate,minikube,kube-scheduler-minikube,kube-system,/kubepods/burstable/pod1c7123a121598343200ffd5b015ca580,1780923643,0.004735167430873897
cpu_rate,minikube,shippingservice-55656785c7-lk4mx,boutique,/kubepods/burstable/pod1df51271-c9ea-47fa-8fb2-cf15bbc7c216,1780923643,0.0008132348547198341
cpu_rate,minikube,chaos-controller-manager-659785674d-29q42,chaos-testing,/kubepods/burstable/pod21ab858c-cee8-438c-8682-c786dc3dc044,1780923643,0.0005318876530367107
cpu_rate,minikube,chaos-controller-manager-659785674d-fjb2r,chaos-testing,/kubepods/burstable/pod2569141a-4d05-422e-bcf2-2f01e2f5056d,1780923643,0.005419688390580376
cpu_rate,minikube,coredns-7d764666f9-hxxb8,kube-system,/kubepods/burstable/pod596c18fb-891c-4e87-9b11-83d99dd6d264,1780923643,0.0021008659648993643
cpu_rate,minikube,recommendationservice-6f8f67d69-fhrns,boutique,/kubepods/burstable/pod5ded7b1a-44d9-4178-8596-57a9e25f6171,1780923643,0.005370188127420834
cpu_rate,minikube,etcd-minikube,kube-system,/kubepods/burstable/pod5ff8e3b06bbaa8cb7ebc2bf531e48a2f,1780923643,0.025961919268850706
cpu_rate,minikube,emailservice-7466dc585-sv4wh,boutique,/kubepods/burstable/pod6116940a-da83-4761-97dc-892a207b789e,1780923643,0.0013969419178681056
cpu_rate,minikube,cartservice-546c548494-cb4lb,boutique,/kubepods/burstable/pod6ec732c5-cf34-4e25-a3ce-ff4b44ce8d19,1780923643,0.004044251279974127
cpu_rate,minikube,kube-controller-manager-minikube,kube-system,/kubepods/burstable/pod740363cf4388c2d0df59fc97f96b889c,1780923643,0.013251001322411676
cpu_rate,minikube,chaos-dashboard-5b77585c6c-zm7f4,chaos-testing,/kubepods/burstable/pod7d3e8284-7c72-4577-a8fb-79d957f69104,1780923643,0.002209791032013144
cpu_rate,minikube,chaos-dns-server-6bccb5bb76-gscmn,chaos-testing,/kubepods/burstable/pod8a82a436-ef3f-4750-8f39-dbfde680d0b8,1780923643,0.002007571628776098
cpu_rate,minikube,coredns-7d764666f9-gmlgd,kube-system,/kubepods/burstable/pod9289fad3-6e91-4617-b97d-6da4631c2f35,1780923643,0.0018037002863272094
cpu_rate,minikube,adservice-8576649cff-5bvst,boutique,/kubepods/burstable/pod9d685cd3-17df-43af-a26e-7743c006902d,1780923643,0.0011846067683945593
cpu_rate,minikube,kube-apiserver-minikube,kube-system,/kubepods/burstable/poda6dc00f40d27725f15407f95751ce5f7,1780923643,0.04798091690443506
cpu_rate,minikube,alertmanager-monitoring-kube-prometheus-alertmanager-0,monitoring,/kubepods/burstable/podb5fde93f-2f9a-427f-aa16-8a257f179975,1780923643,0.0006018311291963649
cpu_rate,minikube,currencyservice-fd8f5dfb7-js8gr,boutique,/kubepods/burstable/podc827ec2d-8a9d-4e1c-8017-62c3901eccb4,1780923643,0.006098791958242117
cpu_rate,minikube,redis-cart-6899b65948-ms767,boutique,/kubepods/burstable/podd425db0f-53f9-4bec-9ee1-49e4ced03bb6,1780923643,0.0018331119004365403
cpu_rate,minikube,chaos-controller-manager-659785674d-wbwg8,chaos-testing,/kubepods/burstable/podd7abbfc2-2af5-4b28-b438-3ebef4bafcce,1780923643,0.000429010521338232
cpu_rate,minikube,paymentservice-6b76dfb449-n8mm2,boutique,/kubepods/burstable/podd9986049-5066-4a99-a156-0bc7b2391961,1780923643,0.000554379381850511
cpu_rate,minikube,checkoutservice-75b9cd684f-vzdsz,boutique,/kubepods/burstable/pod5827d8c7-6a98-4352-9825-164648474ddc,1780923643,0.0006764063381365097
cpu_rate,minikube,frontend-694b9f76cd-z2pk6,boutique,/kubepods/burstable/podcf6049c2-3667-4622-87ba-b06efa553d48,1780923643,0.0106586036123519
cpu_rate,minikube,productcatalogservice-fb49fc9cc-wptz6,boutique,/kubepods/burstable/pode9d4586d-6739-497d-ae8d-4fd70972eea8,1780923643,0.0048514504919768015
cpu_rate,minikube,loadgenerator-7694cd65db-bdz8c,boutique,/kubepods/burstable/pod38d6ef8e-d456-4bd4-95a0-ea6760631a9d,1780923643,0.0029523622424533435
memory_working_set,minikube,kube-proxy-fshvh,kube-system,/kubepods/besteffort/pod2f4efb93-ee48-4c37-b1e1-6f2e54a917c7,1780923643,37937152.0
memory_working_set,minikube,monitoring-kube-state-metrics-868694bc4b-689cm,monitoring,/kubepods/besteffort/pod59c52cc8-67e3-4946-aac6-7ff0ef74285f,1780923643,37552128.0
memory_working_set,minikube,prometheus-monitoring-kube-prometheus-prometheus-0,monitoring,/kubepods/besteffort/pod6bff50b8-f988-4ff2-a8c1-8f95f2c25189,1780923643,285773824.0
memory_working_set,minikube,storage-provisioner,kube-system,/kubepods/besteffort/pod9bffcac8-a0cd-49a4-ad59-cdbf60a579cb,1780923643,20250624.0
memory_working_set,minikube,monitoring-grafana-6f66955c48-hlrcn,monitoring,/kubepods/besteffort/pod9d3fe3f0-8989-47b4-8478-0ae7be66df8d,1780923643,397381632.0
memory_working_set,minikube,chaos-daemon-n6ghj,chaos-testing,/kubepods/besteffort/poda051be83-a7cd-43e4-83d3-76f3c90e8474,1780923643,18329600.0
memory_working_set,minikube,monitoring-kube-prometheus-operator-556b56cc6d-n6dg9,monitoring,/kubepods/besteffort/podc8122519-a592-495f-9353-00a2f23fdf80,1780923643,39542784.0
memory_working_set,minikube,monitoring-prometheus-node-exporter-pdw8p,monitoring,/kubepods/besteffort/podd35abb3b-34f0-40fa-af55-3ab246fc64c8,1780923643,18649088.0
memory_working_set,minikube,kube-scheduler-minikube,kube-system,/kubepods/burstable/pod1c7123a121598343200ffd5b015ca580,1780923643,39813120.0
memory_working_set,minikube,shippingservice-55656785c7-lk4mx,boutique,/kubepods/burstable/pod1df51271-c9ea-47fa-8fb2-cf15bbc7c216,1780923643,15089664.0
memory_working_set,minikube,chaos-controller-manager-659785674d-29q42,chaos-testing,/kubepods/burstable/pod21ab858c-cee8-438c-8682-c786dc3dc044,1780923643,28958720.0
memory_working_set,minikube,chaos-controller-manager-659785674d-fjb2r,chaos-testing,/kubepods/burstable/pod2569141a-4d05-422e-bcf2-2f01e2f5056d,1780923643,36331520.0
memory_working_set,minikube,coredns-7d764666f9-hxxb8,kube-system,/kubepods/burstable/pod596c18fb-891c-4e87-9b11-83d99dd6d264,1780923643,38133760.0
memory_working_set,minikube,recommendationservice-6f8f67d69-fhrns,boutique,/kubepods/burstable/pod5ded7b1a-44d9-4178-8596-57a9e25f6171,1780923643,57356288.0
memory_working_set,minikube,etcd-minikube,kube-system,/kubepods/burstable/pod5ff8e3b06bbaa8cb7ebc2bf531e48a2f,1780923643,90161152.0
memory_working_set,minikube,emailservice-7466dc585-sv4wh,boutique,/kubepods/burstable/pod6116940a-da83-4761-97dc-892a207b789e,1780923643,53399552.0
memory_working_set,minikube,cartservice-546c548494-cb4lb,boutique,/kubepods/burstable/pod6ec732c5-cf34-4e25-a3ce-ff4b44ce8d19,1780923643,70635520.0
memory_working_set,minikube,kube-controller-manager-minikube,kube-system,/kubepods/burstable/pod740363cf4388c2d0df59fc97f96b889c,1780923643,93970432.0
memory_working_set,minikube,chaos-dashboard-5b77585c6c-zm7f4,chaos-testing,/kubepods/burstable/pod7d3e8284-7c72-4577-a8fb-79d957f69104,1780923643,47239168.0
memory_working_set,minikube,chaos-dns-server-6bccb5bb76-gscmn,chaos-testing,/kubepods/burstable/pod8a82a436-ef3f-4750-8f39-dbfde680d0b8,1780923643,27070464.0
memory_working_set,minikube,coredns-7d764666f9-gmlgd,kube-system,/kubepods/burstable/pod9289fad3-6e91-4617-b97d-6da4631c2f35,1780923643,31834112.0
memory_working_set,minikube,adservice-8576649cff-5bvst,boutique,/kubepods/burstable/pod9d685cd3-17df-43af-a26e-7743c006902d,1780923643,111767552.0
memory_working_set,minikube,kube-apiserver-minikube,kube-system,/kubepods/burstable/poda6dc00f40d27725f15407f95751ce5f7,1780923643,572112896.0
memory_working_set,minikube,alertmanager-monitoring-kube-prometheus-alertmanager-0,monitoring,/kubepods/burstable/podb5fde93f-2f9a-427f-aa16-8a257f179975,1780923643,53895168.0
memory_working_set,minikube,currencyservice-fd8f5dfb7-js8gr,boutique,/kubepods/burstable/podc827ec2d-8a9d-4e1c-8017-62c3901eccb4,1780923643,122155008.0
memory_working_set,minikube,redis-cart-6899b65948-ms767,boutique,/kubepods/burstable/podd425db0f-53f9-4bec-9ee1-49e4ced03bb6,1780923643,13234176.0
memory_working_set,minikube,chaos-controller-manager-659785674d-wbwg8,chaos-testing,/kubepods/burstable/podd7abbfc2-2af5-4b28-b438-3ebef4bafcce,1780923643,27422720.0
memory_working_set,minikube,paymentservice-6b76dfb449-n8mm2,boutique,/kubepods/burstable/podd9986049-5066-4a99-a156-0bc7b2391961,1780923643,105975808.0
memory_working_set,minikube,checkoutservice-75b9cd684f-vzdsz,boutique,/kubepods/burstable/pod5827d8c7-6a98-4352-9825-164648474ddc,1780923643,17477632.0
memory_working_set,minikube,frontend-694b9f76cd-z2pk6,boutique,/kubepods/burstable/podcf6049c2-3667-4622-87ba-b06efa553d48,1780923643,23736320.0
memory_working_set,minikube,productcatalogservice-fb49fc9cc-wptz6,boutique,/kubepods/burstable/pode9d4586d-6739-497d-ae8d-4fd70972eea8,1780923643,18792448.0
memory_working_set,minikube,loadgenerator-7694cd65db-bdz8c,boutique,/kubepods/burstable/pod38d6ef8e-d456-4bd4-95a0-ea6760631a9d,1780923643,78254080.0
cpu_rate,minikube,kube-proxy-fshvh,kube-system,/kubepods/besteffort/pod2f4efb93-ee48-4c37-b1e1-6f2e54a917c7,1780923673,0.00046248035789419657
cpu_rate,minikube,monitoring-kube-state-metrics-868694bc4b-689cm,monitoring,/kubepods/besteffort/pod59c52cc8-67e3-4946-aac6-7ff0ef74285f,1780923673,0.0009087870153146205
cpu_rate,minikube,prometheus-monitoring-kube-prometheus-prometheus-0,monitoring,/kubepods/besteffort/pod6bff50b8-f988-4ff2-a8c1-8f95f2c25189,1780923673,0.034020122290161506
cpu_rate,minikube,storage-provisioner,kube-system,/kubepods/besteffort/pod9bffcac8-a0cd-49a4-ad59-cdbf60a579cb,1780923673,0.001693382242569795
cpu_rate,minikube,monitoring-grafana-6f66955c48-hlrcn,monitoring,/kubepods/besteffort/pod9d3fe3f0-8989-47b4-8478-0ae7be66df8d,1780923673,0.008935813866399363
cpu_rate,minikube,chaos-daemon-n6ghj,chaos-testing,/kubepods/besteffort/poda051be83-a7cd-43e4-83d3-76f3c90e8474,1780923673,3.096145982902872e-05
cpu_rate,minikube,monitoring-kube-prometheus-operator-556b56cc6d-n6dg9,monitoring,/kubepods/besteffort/podc8122519-a592-495f-9353-00a2f23fdf80,1780923673,0.002767637031209008
cpu_rate,minikube,monitoring-prometheus-node-exporter-pdw8p,monitoring,/kubepods/besteffort/podd35abb3b-34f0-40fa-af55-3ab246fc64c8,1780923673,0.0009497674981591267
cpu_rate,minikube,kube-scheduler-minikube,kube-system,/kubepods/burstable/pod1c7123a121598343200ffd5b015ca580,1780923673,0.004975825809237602
cpu_rate,minikube,shippingservice-55656785c7-lk4mx,boutique,/kubepods/burstable/pod1df51271-c9ea-47fa-8fb2-cf15bbc7c216,1780923673,0.0009252607296553352
cpu_rate,minikube,chaos-controller-manager-659785674d-29q42,chaos-testing,/kubepods/burstable/pod21ab858c-cee8-438c-8682-c786dc3dc044,1780923673,0.0005788570168119348
cpu_rate,minikube,chaos-controller-manager-659785674d-fjb2r,chaos-testing,/kubepods/burstable/pod2569141a-4d05-422e-bcf2-2f01e2f5056d,1780923673,0.005955708817997314
cpu_rate,minikube,coredns-7d764666f9-hxxb8,kube-system,/kubepods/burstable/pod596c18fb-891c-4e87-9b11-83d99dd6d264,1780923673,0.002221744046099453
cpu_rate,minikube,recommendationservice-6f8f67d69-fhrns,boutique,/kubepods/burstable/pod5ded7b1a-44d9-4178-8596-57a9e25f6171,1780923673,0.005176134452536365
cpu_rate,minikube,etcd-minikube,kube-system,/kubepods/burstable/pod5ff8e3b06bbaa8cb7ebc2bf531e48a2f,1780923673,0.02704085485201037
cpu_rate,minikube,emailservice-7466dc585-sv4wh,boutique,/kubepods/burstable/pod6116940a-da83-4761-97dc-892a207b789e,1780923673,0.0015719845756968606
cpu_rate,minikube,cartservice-546c548494-cb4lb,boutique,/kubepods/burstable/pod6ec732c5-cf34-4e25-a3ce-ff4b44ce8d19,1780923673,0.004077166500114183
cpu_rate,minikube,kube-controller-manager-minikube,kube-system,/kubepods/burstable/pod740363cf4388c2d0df59fc97f96b889c,1780923673,0.015286355937754785
cpu_rate,minikube,chaos-dashboard-5b77585c6c-zm7f4,chaos-testing,/kubepods/burstable/pod7d3e8284-7c72-4577-a8fb-79d957f69104,1780923673,0.0023840655665699
cpu_rate,minikube,chaos-dns-server-6bccb5bb76-gscmn,chaos-testing,/kubepods/burstable/pod8a82a436-ef3f-4750-8f39-dbfde680d0b8,1780923673,0.0021364832992434336
cpu_rate,minikube,coredns-7d764666f9-gmlgd,kube-system,/kubepods/burstable/pod9289fad3-6e91-4617-b97d-6da4631c2f35,1780923673,0.0021389579839498937
cpu_rate,minikube,adservice-8576649cff-5bvst,boutique,/kubepods/burstable/pod9d685cd3-17df-43af-a26e-7743c006902d,1780923673,0.0017174765658059083
cpu_rate,minikube,kube-apiserver-minikube,kube-system,/kubepods/burstable/poda6dc00f40d27725f15407f95751ce5f7,1780923673,0.0518869912790696
cpu_rate,minikube,alertmanager-monitoring-kube-prometheus-alertmanager-0,monitoring,/kubepods/burstable/podb5fde93f-2f9a-427f-aa16-8a257f179975,1780923673,0.0005703431845985469
cpu_rate,minikube,currencyservice-fd8f5dfb7-js8gr,boutique,/kubepods/burstable/podc827ec2d-8a9d-4e1c-8017-62c3901eccb4,1780923673,0.006118831328259535
cpu_rate,minikube,redis-cart-6899b65948-ms767,boutique,/kubepods/burstable/podd425db0f-53f9-4bec-9ee1-49e4ced03bb6,1780923673,0.0019189969840272593
cpu_rate,minikube,chaos-controller-manager-659785674d-wbwg8,chaos-testing,/kubepods/burstable/podd7abbfc2-2af5-4b28-b438-3ebef4bafcce,1780923673,0.00046131896293200643
cpu_rate,minikube,paymentservice-6b76dfb449-n8mm2,boutique,/kubepods/burstable/podd9986049-5066-4a99-a156-0bc7b2391961,1780923673,0.0005874353606384415
cpu_rate,minikube,checkoutservice-75b9cd684f-vzdsz,boutique,/kubepods/burstable/pod5827d8c7-6a98-4352-9825-164648474ddc,1780923673,0.0006669910566579416
cpu_rate,minikube,frontend-694b9f76cd-z2pk6,boutique,/kubepods/burstable/podcf6049c2-3667-4622-87ba-b06efa553d48,1780923673,0.010808079316138284
cpu_rate,minikube,productcatalogservice-fb49fc9cc-wptz6,boutique,/kubepods/burstable/pode9d4586d-6739-497d-ae8d-4fd70972eea8,1780923673,0.0050338901015468335
cpu_rate,minikube,loadgenerator-7694cd65db-bdz8c,boutique,/kubepods/burstable/pod38d6ef8e-d456-4bd4-95a0-ea6760631a9d,1780923673,0.0030043488830663032
memory_working_set,minikube,kube-proxy-fshvh,kube-system,/kubepods/besteffort/pod2f4efb93-ee48-4c37-b1e1-6f2e54a917c7,1780923673,38686720.0
memory_working_set,minikube,monitoring-kube-state-metrics-868694bc4b-689cm,monitoring,/kubepods/besteffort/pod59c52cc8-67e3-4946-aac6-7ff0ef74285f,1780923673,37548032.0
memory_working_set,minikube,prometheus-monitoring-kube-prometheus-prometheus-0,monitoring,/kubepods/besteffort/pod6bff50b8-f988-4ff2-a8c1-8f95f2c25189,1780923673,289058816.0
memory_working_set,minikube,storage-provisioner,kube-system,/kubepods/besteffort/pod9bffcac8-a0cd-49a4-ad59-cdbf60a579cb,1780923673,20361216.0
memory_working_set,minikube,monitoring-grafana-6f66955c48-hlrcn,monitoring,/kubepods/besteffort/pod9d3fe3f0-8989-47b4-8478-0ae7be66df8d,1780923673,397377536.0
memory_working_set,minikube,chaos-daemon-n6ghj,chaos-testing,/kubepods/besteffort/poda051be83-a7cd-43e4-83d3-76f3c90e8474,1780923673,18329600.0
memory_working_set,minikube,monitoring-kube-prometheus-operator-556b56cc6d-n6dg9,monitoring,/kubepods/besteffort/podc8122519-a592-495f-9353-00a2f23fdf80,1780923673,39964672.0
memory_working_set,minikube,monitoring-prometheus-node-exporter-pdw8p,monitoring,/kubepods/besteffort/podd35abb3b-34f0-40fa-af55-3ab246fc64c8,1780923673,19128320.0
memory_working_set,minikube,kube-scheduler-minikube,kube-system,/kubepods/burstable/pod1c7123a121598343200ffd5b015ca580,1780923673,40075264.0
memory_working_set,minikube,shippingservice-55656785c7-lk4mx,boutique,/kubepods/burstable/pod1df51271-c9ea-47fa-8fb2-cf15bbc7c216,1780923673,15093760.0
memory_working_set,minikube,chaos-controller-manager-659785674d-29q42,chaos-testing,/kubepods/burstable/pod21ab858c-cee8-438c-8682-c786dc3dc044,1780923673,28958720.0
memory_working_set,minikube,chaos-controller-manager-659785674d-fjb2r,chaos-testing,/kubepods/burstable/pod2569141a-4d05-422e-bcf2-2f01e2f5056d,1780923673,36335616.0
memory_working_set,minikube,coredns-7d764666f9-hxxb8,kube-system,/kubepods/burstable/pod596c18fb-891c-4e87-9b11-83d99dd6d264,1780923673,39022592.0
memory_working_set,minikube,recommendationservice-6f8f67d69-fhrns,boutique,/kubepods/burstable/pod5ded7b1a-44d9-4178-8596-57a9e25f6171,1780923673,57360384.0
memory_working_set,minikube,etcd-minikube,kube-system,/kubepods/burstable/pod5ff8e3b06bbaa8cb7ebc2bf531e48a2f,1780923673,90177536.0
memory_working_set,minikube,emailservice-7466dc585-sv4wh,boutique,/kubepods/burstable/pod6116940a-da83-4761-97dc-892a207b789e,1780923673,53399552.0
memory_working_set,minikube,cartservice-546c548494-cb4lb,boutique,/kubepods/burstable/pod6ec732c5-cf34-4e25-a3ce-ff4b44ce8d19,1780923673,70651904.0
memory_working_set,minikube,kube-controller-manager-minikube,kube-system,/kubepods/burstable/pod740363cf4388c2d0df59fc97f96b889c,1780923673,93970432.0
memory_working_set,minikube,chaos-dashboard-5b77585c6c-zm7f4,chaos-testing,/kubepods/burstable/pod7d3e8284-7c72-4577-a8fb-79d957f69104,1780923673,47239168.0
memory_working_set,minikube,chaos-dns-server-6bccb5bb76-gscmn,chaos-testing,/kubepods/burstable/pod8a82a436-ef3f-4750-8f39-dbfde680d0b8,1780923673,27324416.0
memory_working_set,minikube,coredns-7d764666f9-gmlgd,kube-system,/kubepods/burstable/pod9289fad3-6e91-4617-b97d-6da4631c2f35,1780923673,30900224.0
memory_working_set,minikube,adservice-8576649cff-5bvst,boutique,/kubepods/burstable/pod9d685cd3-17df-43af-a26e-7743c006902d,1780923673,111792128.0
memory_working_set,minikube,kube-apiserver-minikube,kube-system,/kubepods/burstable/poda6dc00f40d27725f15407f95751ce5f7,1780923673,564076544.0
memory_working_set,minikube,alertmanager-monitoring-kube-prometheus-alertmanager-0,monitoring,/kubepods/burstable/podb5fde93f-2f9a-427f-aa16-8a257f179975,1780923673,54542336.0
memory_working_set,minikube,currencyservice-fd8f5dfb7-js8gr,boutique,/kubepods/burstable/podc827ec2d-8a9d-4e1c-8017-62c3901eccb4,1780923673,123256832.0
memory_working_set,minikube,redis-cart-6899b65948-ms767,boutique,/kubepods/burstable/podd425db0f-53f9-4bec-9ee1-49e4ced03bb6,1780923673,13488128.0
memory_working_set,minikube,chaos-controller-manager-659785674d-wbwg8,chaos-testing,/kubepods/burstable/podd7abbfc2-2af5-4b28-b438-3ebef4bafcce,1780923673,27422720.0
memory_working_set,minikube,paymentservice-6b76dfb449-n8mm2,boutique,/kubepods/burstable/podd9986049-5066-4a99-a156-0bc7b2391961,1780923673,105639936.0
memory_working_set,minikube,checkoutservice-75b9cd684f-vzdsz,boutique,/kubepods/burstable/pod5827d8c7-6a98-4352-9825-164648474ddc,1780923673,17633280.0
memory_working_set,minikube,frontend-694b9f76cd-z2pk6,boutique,/kubepods/burstable/podcf6049c2-3667-4622-87ba-b06efa553d48,1780923673,23498752.0
memory_working_set,minikube,productcatalogservice-fb49fc9cc-wptz6,boutique,/kubepods/burstable/pode9d4586d-6739-497d-ae8d-4fd70972eea8,1780923673,18579456.0
memory_working_set,minikube,loadgenerator-7694cd65db-bdz8c,boutique,/kubepods/burstable/pod38d6ef8e-d456-4bd4-95a0-ea6760631a9d,1780923673,78258176.0
cpu_rate,minikube,kube-proxy-fshvh,kube-system,/kubepods/besteffort/pod2f4efb93-ee48-4c37-b1e1-6f2e54a917c7,1780923702,0.0006440043778004418
cpu_rate,minikube,monitoring-kube-state-metrics-868694bc4b-689cm,monitoring,/kubepods/besteffort/pod59c52cc8-67e3-4946-aac6-7ff0ef74285f,1780923702,0.000918697232265895
cpu_rate,minikube,prometheus-monitoring-kube-prometheus-prometheus-0,monitoring,/kubepods/besteffort/pod6bff50b8-f988-4ff2-a8c1-8f95f2c25189,1780923702,0.03273750077060643
cpu_rate,minikube,storage-provisioner,kube-system,/kubepods/besteffort/pod9bffcac8-a0cd-49a4-ad59-cdbf60a579cb,1780923702,0.0015986404509723197
cpu_rate,minikube,monitoring-grafana-6f66955c48-hlrcn,monitoring,/kubepods/besteffort/pod9d3fe3f0-8989-47b4-8478-0ae7be66df8d,1780923702,0.010612480895648955
cpu_rate,minikube,chaos-daemon-n6ghj,chaos-testing,/kubepods/besteffort/poda051be83-a7cd-43e4-83d3-76f3c90e8474,1780923702,3.139116530082011e-05
cpu_rate,minikube,monitoring-kube-prometheus-operator-556b56cc6d-n6dg9,monitoring,/kubepods/besteffort/podc8122519-a592-495f-9353-00a2f23fdf80,1780923702,0.002924288010551123
cpu_rate,minikube,monitoring-prometheus-node-exporter-pdw8p,monitoring,/kubepods/besteffort/podd35abb3b-34f0-40fa-af55-3ab246fc64c8,1780923702,0.0009935705312719724
cpu_rate,minikube,kube-scheduler-minikube,kube-system,/kubepods/burstable/pod1c7123a121598343200ffd5b015ca580,1780923702,0.005178363720697855
cpu_rate,minikube,shippingservice-55656785c7-lk4mx,boutique,/kubepods/burstable/pod1df51271-c9ea-47fa-8fb2-cf15bbc7c216,1780923702,0.000966200351216404
cpu_rate,minikube,chaos-controller-manager-659785674d-29q42,chaos-testing,/kubepods/burstable/pod21ab858c-cee8-438c-8682-c786dc3dc044,1780923702,0.0005127409577982583
cpu_rate,minikube,chaos-controller-manager-659785674d-fjb2r,chaos-testing,/kubepods/burstable/pod2569141a-4d05-422e-bcf2-2f01e2f5056d,1780923702,0.006045256241787136
cpu_rate,minikube,coredns-7d764666f9-hxxb8,kube-system,/kubepods/burstable/pod596c18fb-891c-4e87-9b11-83d99dd6d264,1780923702,0.002233249645618656
cpu_rate,minikube,recommendationservice-6f8f67d69-fhrns,boutique,/kubepods/burstable/pod5ded7b1a-44d9-4178-8596-57a9e25f6171,1780923702,0.005799412572836236
cpu_rate,minikube,etcd-minikube,kube-system,/kubepods/burstable/pod5ff8e3b06bbaa8cb7ebc2bf531e48a2f,1780923702,0.027864134927515875
cpu_rate,minikube,emailservice-7466dc585-sv4wh,boutique,/kubepods/burstable/pod6116940a-da83-4761-97dc-892a207b789e,1780923702,0.0016316700726612024
cpu_rate,minikube,cartservice-546c548494-cb4lb,boutique,/kubepods/burstable/pod6ec732c5-cf34-4e25-a3ce-ff4b44ce8d19,1780923702,0.0040749664803923875
cpu_rate,minikube,kube-controller-manager-minikube,kube-system,/kubepods/burstable/pod740363cf4388c2d0df59fc97f96b889c,1780923702,0.01604414672107003
cpu_rate,minikube,chaos-dashboard-5b77585c6c-zm7f4,chaos-testing,/kubepods/burstable/pod7d3e8284-7c72-4577-a8fb-79d957f69104,1780923702,0.0025157142408014114
cpu_rate,minikube,chaos-dns-server-6bccb5bb76-gscmn,chaos-testing,/kubepods/burstable/pod8a82a436-ef3f-4750-8f39-dbfde680d0b8,1780923702,0.0023066751234887784
cpu_rate,minikube,coredns-7d764666f9-gmlgd,kube-system,/kubepods/burstable/pod9289fad3-6e91-4617-b97d-6da4631c2f35,1780923702,0.002053616477296734
cpu_rate,minikube,adservice-8576649cff-5bvst,boutique,/kubepods/burstable/pod9d685cd3-17df-43af-a26e-7743c006902d,1780923702,0.0020131685476555096
cpu_rate,minikube,kube-apiserver-minikube,kube-system,/kubepods/burstable/poda6dc00f40d27725f15407f95751ce5f7,1780923702,0.05310073550883428
cpu_rate,minikube,alertmanager-monitoring-kube-prometheus-alertmanager-0,monitoring,/kubepods/burstable/podb5fde93f-2f9a-427f-aa16-8a257f179975,1780923702,0.0006551427409669995
cpu_rate,minikube,currencyservice-fd8f5dfb7-js8gr,boutique,/kubepods/burstable/podc827ec2d-8a9d-4e1c-8017-62c3901eccb4,1780923702,0.006115396278964344
cpu_rate,minikube,redis-cart-6899b65948-ms767,boutique,/kubepods/burstable/podd425db0f-53f9-4bec-9ee1-49e4ced03bb6,1780923702,0.0019745600841537835
cpu_rate,minikube,chaos-controller-manager-659785674d-wbwg8,chaos-testing,/kubepods/burstable/podd7abbfc2-2af5-4b28-b438-3ebef4bafcce,1780923702,0.0005062803382875254
cpu_rate,minikube,paymentservice-6b76dfb449-n8mm2,boutique,/kubepods/burstable/podd9986049-5066-4a99-a156-0bc7b2391961,1780923702,0.000550845316841761
cpu_rate,minikube,checkoutservice-75b9cd684f-vzdsz,boutique,/kubepods/burstable/pod5827d8c7-6a98-4352-9825-164648474ddc,1780923702,0.0007062143790562466
cpu_rate,minikube,frontend-694b9f76cd-z2pk6,boutique,/kubepods/burstable/podcf6049c2-3667-4622-87ba-b06efa553d48,1780923702,0.011060259858760465
cpu_rate,minikube,productcatalogservice-fb49fc9cc-wptz6,boutique,/kubepods/burstable/pode9d4586d-6739-497d-ae8d-4fd70972eea8,1780923702,0.005076554071177749
cpu_rate,minikube,loadgenerator-7694cd65db-bdz8c,boutique,/kubepods/burstable/pod38d6ef8e-d456-4bd4-95a0-ea6760631a9d,1780923702,0.003053670658889363
memory_working_set,minikube,kube-proxy-fshvh,kube-system,/kubepods/besteffort/pod2f4efb93-ee48-4c37-b1e1-6f2e54a917c7,1780923702,39890944.0
memory_working_set,minikube,monitoring-kube-state-metrics-868694bc4b-689cm,monitoring,/kubepods/besteffort/pod59c52cc8-67e3-4946-aac6-7ff0ef74285f,1780923702,37552128.0
memory_working_set,minikube,prometheus-monitoring-kube-prometheus-prometheus-0,monitoring,/kubepods/besteffort/pod6bff50b8-f988-4ff2-a8c1-8f95f2c25189,1780923702,303775744.0
memory_working_set,minikube,storage-provisioner,kube-system,/kubepods/besteffort/pod9bffcac8-a0cd-49a4-ad59-cdbf60a579cb,1780923702,20508672.0
memory_working_set,minikube,monitoring-grafana-6f66955c48-hlrcn,monitoring,/kubepods/besteffort/pod9d3fe3f0-8989-47b4-8478-0ae7be66df8d,1780923702,397426688.0
memory_working_set,minikube,chaos-daemon-n6ghj,chaos-testing,/kubepods/besteffort/poda051be83-a7cd-43e4-83d3-76f3c90e8474,1780923702,18329600.0
memory_working_set,minikube,monitoring-kube-prometheus-operator-556b56cc6d-n6dg9,monitoring,/kubepods/besteffort/podc8122519-a592-495f-9353-00a2f23fdf80,1780923702,39727104.0
memory_working_set,minikube,monitoring-prometheus-node-exporter-pdw8p,monitoring,/kubepods/besteffort/podd35abb3b-34f0-40fa-af55-3ab246fc64c8,1780923702,18411520.0
memory_working_set,minikube,kube-scheduler-minikube,kube-system,/kubepods/burstable/pod1c7123a121598343200ffd5b015ca580,1780923702,39813120.0
memory_working_set,minikube,shippingservice-55656785c7-lk4mx,boutique,/kubepods/burstable/pod1df51271-c9ea-47fa-8fb2-cf15bbc7c216,1780923702,15093760.0
memory_working_set,minikube,chaos-controller-manager-659785674d-29q42,chaos-testing,/kubepods/burstable/pod21ab858c-cee8-438c-8682-c786dc3dc044,1780923702,28958720.0
memory_working_set,minikube,chaos-controller-manager-659785674d-fjb2r,chaos-testing,/kubepods/burstable/pod2569141a-4d05-422e-bcf2-2f01e2f5056d,1780923702,36331520.0
memory_working_set,minikube,coredns-7d764666f9-hxxb8,kube-system,/kubepods/burstable/pod596c18fb-891c-4e87-9b11-83d99dd6d264,1780923702,38916096.0
memory_working_set,minikube,recommendationservice-6f8f67d69-fhrns,boutique,/kubepods/burstable/pod5ded7b1a-44d9-4178-8596-57a9e25f6171,1780923702,57360384.0
memory_working_set,minikube,etcd-minikube,kube-system,/kubepods/burstable/pod5ff8e3b06bbaa8cb7ebc2bf531e48a2f,1780923702,90464256.0
memory_working_set,minikube,emailservice-7466dc585-sv4wh,boutique,/kubepods/burstable/pod6116940a-da83-4761-97dc-892a207b789e,1780923702,53399552.0
memory_working_set,minikube,cartservice-546c548494-cb4lb,boutique,/kubepods/burstable/pod6ec732c5-cf34-4e25-a3ce-ff4b44ce8d19,1780923702,70656000.0
memory_working_set,minikube,kube-controller-manager-minikube,kube-system,/kubepods/burstable/pod740363cf4388c2d0df59fc97f96b889c,1780923702,93970432.0
memory_working_set,minikube,chaos-dashboard-5b77585c6c-zm7f4,chaos-testing,/kubepods/burstable/pod7d3e8284-7c72-4577-a8fb-79d957f69104,1780923702,47239168.0
memory_working_set,minikube,chaos-dns-server-6bccb5bb76-gscmn,chaos-testing,/kubepods/burstable/pod8a82a436-ef3f-4750-8f39-dbfde680d0b8,1780923702,27586560.0
memory_working_set,minikube,coredns-7d764666f9-gmlgd,kube-system,/kubepods/burstable/pod9289fad3-6e91-4617-b97d-6da4631c2f35,1780923702,30916608.0
memory_working_set,minikube,adservice-8576649cff-5bvst,boutique,/kubepods/burstable/pod9d685cd3-17df-43af-a26e-7743c006902d,1780923702,111792128.0
memory_working_set,minikube,kube-apiserver-minikube,kube-system,/kubepods/burstable/poda6dc00f40d27725f15407f95751ce5f7,1780923702,564076544.0
memory_working_set,minikube,alertmanager-monitoring-kube-prometheus-alertmanager-0,monitoring,/kubepods/burstable/podb5fde93f-2f9a-427f-aa16-8a257f179975,1780923702,54657024.0
memory_working_set,minikube,currencyservice-fd8f5dfb7-js8gr,boutique,/kubepods/burstable/podc827ec2d-8a9d-4e1c-8017-62c3901eccb4,1780923702,122789888.0
memory_working_set,minikube,redis-cart-6899b65948-ms767,boutique,/kubepods/burstable/podd425db0f-53f9-4bec-9ee1-49e4ced03bb6,1780923702,13225984.0
memory_working_set,minikube,chaos-controller-manager-659785674d-wbwg8,chaos-testing,/kubepods/burstable/podd7abbfc2-2af5-4b28-b438-3ebef4bafcce,1780923702,27422720.0
memory_working_set,minikube,paymentservice-6b76dfb449-n8mm2,boutique,/kubepods/burstable/podd9986049-5066-4a99-a156-0bc7b2391961,1780923702,106209280.0
memory_working_set,minikube,checkoutservice-75b9cd684f-vzdsz,boutique,/kubepods/burstable/pod5827d8c7-6a98-4352-9825-164648474ddc,1780923702,17633280.0
memory_working_set,minikube,frontend-694b9f76cd-z2pk6,boutique,/kubepods/burstable/podcf6049c2-3667-4622-87ba-b06efa553d48,1780923702,23506944.0
memory_working_set,minikube,productcatalogservice-fb49fc9cc-wptz6,boutique,/kubepods/burstable/pode9d4586d-6739-497d-ae8d-4fd70972eea8,1780923702,18145280.0
memory_working_set,minikube,loadgenerator-7694cd65db-bdz8c,boutique,/kubepods/burstable/pod38d6ef8e-d456-4bd4-95a0-ea6760631a9d,1780923702,78266368.0
