metric,node,pod,namespace,container,timestamp,value
cpu_rate,minikube,kube-proxy-fshvh,kube-system,/kubepods/besteffort/pod2f4efb93-ee48-4c37-b1e1-6f2e54a917c7,1780921433,0.0006679977240986737
cpu_rate,minikube,monitoring-kube-state-metrics-868694bc4b-689cm,monitoring,/kubepods/besteffort/pod59c52cc8-67e3-4946-aac6-7ff0ef74285f,1780921433,0.0010231766235278222
cpu_rate,minikube,prometheus-monitoring-kube-prometheus-prometheus-0,monitoring,/kubepods/besteffort/pod6bff50b8-f988-4ff2-a8c1-8f95f2c25189,1780921433,0.013073731004416674
cpu_rate,minikube,storage-provisioner,kube-system,/kubepods/besteffort/pod9bffcac8-a0cd-49a4-ad59-cdbf60a579cb,1780921433,0.00160681159551944
cpu_rate,minikube,monitoring-grafana-6f66955c48-hlrcn,monitoring,/kubepods/besteffort/pod9d3fe3f0-8989-47b4-8478-0ae7be66df8d,1780921433,0.01251001731387594
cpu_rate,minikube,chaos-daemon-n6ghj,chaos-testing,/kubepods/besteffort/poda051be83-a7cd-43e4-83d3-76f3c90e8474,1780921433,0.00027589445115218267
cpu_rate,minikube,monitoring-kube-prometheus-operator-556b56cc6d-n6dg9,monitoring,/kubepods/besteffort/podc8122519-a592-495f-9353-00a2f23fdf80,1780921433,0.0031701137583171773
cpu_rate,minikube,monitoring-prometheus-node-exporter-pdw8p,monitoring,/kubepods/besteffort/podd35abb3b-34f0-40fa-af55-3ab246fc64c8,1780921433,0.0012368340544556054
cpu_rate,minikube,kube-scheduler-minikube,kube-system,/kubepods/burstable/pod1c7123a121598343200ffd5b015ca580,1780921433,0.00504475105195668
cpu_rate,minikube,shippingservice-55656785c7-lk4mx,boutique,/kubepods/burstable/pod1df51271-c9ea-47fa-8fb2-cf15bbc7c216,1780921433,0.0009299922714558976
cpu_rate,minikube,chaos-controller-manager-659785674d-29q42,chaos-testing,/kubepods/burstable/pod21ab858c-cee8-438c-8682-c786dc3dc044,1780921433,0.0006344602433693908
cpu_rate,minikube,chaos-controller-manager-659785674d-fjb2r,chaos-testing,/kubepods/burstable/pod2569141a-4d05-422e-bcf2-2f01e2f5056d,1780921433,0.0064444702581468475
cpu_rate,minikube,coredns-7d764666f9-hxxb8,kube-system,/kubepods/burstable/pod596c18fb-891c-4e87-9b11-83d99dd6d264,1780921433,0.0027334035929070747
cpu_rate,minikube,recommendationservice-6f8f67d69-fhrns,boutique,/kubepods/burstable/pod5ded7b1a-44d9-4178-8596-57a9e25f6171,1780921433,0.006287839375711319
cpu_rate,minikube,etcd-minikube,kube-system,/kubepods/burstable/pod5ff8e3b06bbaa8cb7ebc2bf531e48a2f,1780921433,0.028871287890443815
cpu_rate,minikube,emailservice-7466dc585-sv4wh,boutique,/kubepods/burstable/pod6116940a-da83-4761-97dc-892a207b789e,1780921433,0.0016005061563323553
cpu_rate,minikube,cartservice-546c548494-cb4lb,boutique,/kubepods/burstable/pod6ec732c5-cf34-4e25-a3ce-ff4b44ce8d19,1780921433,0.004433232389475936
cpu_rate,minikube,kube-controller-manager-minikube,kube-system,/kubepods/burstable/pod740363cf4388c2d0df59fc97f96b889c,1780921433,0.014979699749206479
cpu_rate,minikube,chaos-dashboard-5b77585c6c-zm7f4,chaos-testing,/kubepods/burstable/pod7d3e8284-7c72-4577-a8fb-79d957f69104,1780921433,0.0027184370136866492
cpu_rate,minikube,chaos-dns-server-6bccb5bb76-gscmn,chaos-testing,/kubepods/burstable/pod8a82a436-ef3f-4750-8f39-dbfde680d0b8,1780921433,0.0027747030683090684
cpu_rate,minikube,coredns-7d764666f9-gmlgd,kube-system,/kubepods/burstable/pod9289fad3-6e91-4617-b97d-6da4631c2f35,1780921433,0.002453196430530639
cpu_rate,minikube,adservice-8576649cff-5bvst,boutique,/kubepods/burstable/pod9d685cd3-17df-43af-a26e-7743c006902d,1780921433,0.0015079213525858123
cpu_rate,minikube,kube-apiserver-minikube,kube-system,/kubepods/burstable/poda6dc00f40d27725f15407f95751ce5f7,1780921433,0.057183294097686604
cpu_rate,minikube,alertmanager-monitoring-kube-prometheus-alertmanager-0,monitoring,/kubepods/burstable/podb5fde93f-2f9a-427f-aa16-8a257f179975,1780921433,0.0010105022706382461
cpu_rate,minikube,currencyservice-fd8f5dfb7-js8gr,boutique,/kubepods/burstable/podc827ec2d-8a9d-4e1c-8017-62c3901eccb4,1780921433,0.007603589788957718
cpu_rate,minikube,redis-cart-6899b65948-ms767,boutique,/kubepods/burstable/podd425db0f-53f9-4bec-9ee1-49e4ced03bb6,1780921433,0.0019410508114325426
cpu_rate,minikube,chaos-controller-manager-659785674d-wbwg8,chaos-testing,/kubepods/burstable/podd7abbfc2-2af5-4b28-b438-3ebef4bafcce,1780921433,0.0003660354725387612
cpu_rate,minikube,paymentservice-6b76dfb449-n8mm2,boutique,/kubepods/burstable/podd9986049-5066-4a99-a156-0bc7b2391961,1780921433,0.0007397004100850396
cpu_rate,minikube,checkoutservice-75b9cd684f-vzdsz,boutique,/kubepods/burstable/pod5827d8c7-6a98-4352-9825-164648474ddc,1780921433,0.00079425264617904
cpu_rate,minikube,frontend-694b9f76cd-z2pk6,boutique,/kubepods/burstable/podcf6049c2-3667-4622-87ba-b06efa553d48,1780921433,0.012453716865155924
cpu_rate,minikube,productcatalogservice-fb49fc9cc-wptz6,boutique,/kubepods/burstable/pode9d4586d-6739-497d-ae8d-4fd70972eea8,1780921433,0.0055490862449910595
cpu_rate,minikube,loadgenerator-7694cd65db-bdz8c,boutique,/kubepods/burstable/pod38d6ef8e-d456-4bd4-95a0-ea6760631a9d,1780921433,0.003382856262349734
memory_working_set,minikube,kube-proxy-fshvh,kube-system,/kubepods/besteffort/pod2f4efb93-ee48-4c37-b1e1-6f2e54a917c7,1780921433,39460864.0
memory_working_set,minikube,monitoring-kube-state-metrics-868694bc4b-689cm,monitoring,/kubepods/besteffort/pod59c52cc8-67e3-4946-aac6-7ff0ef74285f,1780921433,38551552.0
memory_working_set,minikube,prometheus-monitoring-kube-prometheus-prometheus-0,monitoring,/kubepods/besteffort/pod6bff50b8-f988-4ff2-a8c1-8f95f2c25189,1780921433,315510784.0
memory_working_set,minikube,storage-provisioner,kube-system,/kubepods/besteffort/pod9bffcac8-a0cd-49a4-ad59-cdbf60a579cb,1780921433,20824064.0
memory_working_set,minikube,monitoring-grafana-6f66955c48-hlrcn,monitoring,/kubepods/besteffort/pod9d3fe3f0-8989-47b4-8478-0ae7be66df8d,1780921433,404467712.0
memory_working_set,minikube,chaos-daemon-n6ghj,chaos-testing,/kubepods/besteffort/poda051be83-a7cd-43e4-83d3-76f3c90e8474,1780921433,19193856.0
memory_working_set,minikube,monitoring-kube-prometheus-operator-556b56cc6d-n6dg9,monitoring,/kubepods/besteffort/podc8122519-a592-495f-9353-00a2f23fdf80,1780921433,40112128.0
memory_working_set,minikube,monitoring-prometheus-node-exporter-pdw8p,monitoring,/kubepods/besteffort/podd35abb3b-34f0-40fa-af55-3ab246fc64c8,1780921433,20058112.0
memory_working_set,minikube,kube-scheduler-minikube,kube-system,/kubepods/burstable/pod1c7123a121598343200ffd5b015ca580,1780921433,40878080.0
memory_working_set,minikube,shippingservice-55656785c7-lk4mx,boutique,/kubepods/burstable/pod1df51271-c9ea-47fa-8fb2-cf15bbc7c216,1780921433,15089664.0
memory_working_set,minikube,chaos-controller-manager-659785674d-29q42,chaos-testing,/kubepods/burstable/pod21ab858c-cee8-438c-8682-c786dc3dc044,1780921433,29573120.0
memory_working_set,minikube,chaos-controller-manager-659785674d-fjb2r,chaos-testing,/kubepods/burstable/pod2569141a-4d05-422e-bcf2-2f01e2f5056d,1780921433,36524032.0
memory_working_set,minikube,coredns-7d764666f9-hxxb8,kube-system,/kubepods/burstable/pod596c18fb-891c-4e87-9b11-83d99dd6d264,1780921433,38592512.0
memory_working_set,minikube,recommendationservice-6f8f67d69-fhrns,boutique,/kubepods/burstable/pod5ded7b1a-44d9-4178-8596-57a9e25f6171,1780921433,57823232.0
memory_working_set,minikube,etcd-minikube,kube-system,/kubepods/burstable/pod5ff8e3b06bbaa8cb7ebc2bf531e48a2f,1780921433,94720000.0
memory_working_set,minikube,emailservice-7466dc585-sv4wh,boutique,/kubepods/burstable/pod6116940a-da83-4761-97dc-892a207b789e,1780921433,53198848.0
memory_working_set,minikube,cartservice-546c548494-cb4lb,boutique,/kubepods/burstable/pod6ec732c5-cf34-4e25-a3ce-ff4b44ce8d19,1780921433,71868416.0
memory_working_set,minikube,kube-controller-manager-minikube,kube-system,/kubepods/burstable/pod740363cf4388c2d0df59fc97f96b889c,1780921433,96088064.0
memory_working_set,minikube,chaos-dashboard-5b77585c6c-zm7f4,chaos-testing,/kubepods/burstable/pod7d3e8284-7c72-4577-a8fb-79d957f69104,1780921433,48250880.0
memory_working_set,minikube,chaos-dns-server-6bccb5bb76-gscmn,chaos-testing,/kubepods/burstable/pod8a82a436-ef3f-4750-8f39-dbfde680d0b8,1780921433,28446720.0
memory_working_set,minikube,coredns-7d764666f9-gmlgd,kube-system,/kubepods/burstable/pod9289fad3-6e91-4617-b97d-6da4631c2f35,1780921433,30330880.0
memory_working_set,minikube,adservice-8576649cff-5bvst,boutique,/kubepods/burstable/pod9d685cd3-17df-43af-a26e-7743c006902d,1780921433,112472064.0
memory_working_set,minikube,kube-apiserver-minikube,kube-system,/kubepods/burstable/poda6dc00f40d27725f15407f95751ce5f7,1780921433,603226112.0
memory_working_set,minikube,alertmanager-monitoring-kube-prometheus-alertmanager-0,monitoring,/kubepods/burstable/podb5fde93f-2f9a-427f-aa16-8a257f179975,1780921433,52273152.0
memory_working_set,minikube,currencyservice-fd8f5dfb7-js8gr,boutique,/kubepods/burstable/podc827ec2d-8a9d-4e1c-8017-62c3901eccb4,1780921433,115486720.0
memory_working_set,minikube,redis-cart-6899b65948-ms767,boutique,/kubepods/burstable/podd425db0f-53f9-4bec-9ee1-49e4ced03bb6,1780921433,13557760.0
memory_working_set,minikube,chaos-controller-manager-659785674d-wbwg8,chaos-testing,/kubepods/burstable/podd7abbfc2-2af5-4b28-b438-3ebef4bafcce,1780921433,27738112.0
memory_working_set,minikube,paymentservice-6b76dfb449-n8mm2,boutique,/kubepods/burstable/podd9986049-5066-4a99-a156-0bc7b2391961,1780921433,87683072.0
memory_working_set,minikube,checkoutservice-75b9cd684f-vzdsz,boutique,/kubepods/burstable/pod5827d8c7-6a98-4352-9825-164648474ddc,1780921433,17670144.0
memory_working_set,minikube,frontend-694b9f76cd-z2pk6,boutique,/kubepods/burstable/podcf6049c2-3667-4622-87ba-b06efa553d48,1780921433,23859200.0
memory_working_set,minikube,productcatalogservice-fb49fc9cc-wptz6,boutique,/kubepods/burstable/pode9d4586d-6739-497d-ae8d-4fd70972eea8,1780921433,18735104.0
memory_working_set,minikube,loadgenerator-7694cd65db-bdz8c,boutique,/kubepods/burstable/pod38d6ef8e-d456-4bd4-95a0-ea6760631a9d,1780921433,77832192.0
cpu_rate,minikube,kube-proxy-fshvh,kube-system,/kubepods/besteffort/pod2f4efb93-ee48-4c37-b1e1-6f2e54a917c7,1780921462,0.0006383493174785127
cpu_rate,minikube,monitoring-kube-state-metrics-868694bc4b-689cm,monitoring,/kubepods/besteffort/pod59c52cc8-67e3-4946-aac6-7ff0ef74285f,1780921462,0.0010228807623461926
cpu_rate,minikube,prometheus-monitoring-kube-prometheus-prometheus-0,monitoring,/kubepods/besteffort/pod6bff50b8-f988-4ff2-a8c1-8f95f2c25189,1780921462,0.0124330997572277
cpu_rate,minikube,storage-provisioner,kube-system,/kubepods/besteffort/pod9bffcac8-a0cd-49a4-ad59-cdbf60a579cb,1780921462,0.0015547106449939892
cpu_rate,minikube,monitoring-grafana-6f66955c48-hlrcn,monitoring,/kubepods/besteffort/pod9d3fe3f0-8989-47b4-8478-0ae7be66df8d,1780921462,0.012187434544222414
cpu_rate,minikube,chaos-daemon-n6ghj,chaos-testing,/kubepods/besteffort/poda051be83-a7cd-43e4-83d3-76f3c90e8474,1780921462,0.00025652588475665706
cpu_rate,minikube,monitoring-kube-prometheus-operator-556b56cc6d-n6dg9,monitoring,/kubepods/besteffort/podc8122519-a592-495f-9353-00a2f23fdf80,1780921462,0.002955018424285019
cpu_rate,minikube,monitoring-prometheus-node-exporter-pdw8p,monitoring,/kubepods/besteffort/podd35abb3b-34f0-40fa-af55-3ab246fc64c8,1780921462,0.0012787375563590368
cpu_rate,minikube,kube-scheduler-minikube,kube-system,/kubepods/burstable/pod1c7123a121598343200ffd5b015ca580,1780921462,0.0049377725143993165
cpu_rate,minikube,shippingservice-55656785c7-lk4mx,boutique,/kubepods/burstable/pod1df51271-c9ea-47fa-8fb2-cf15bbc7c216,1780921462,0.0009044918652549648
cpu_rate,minikube,chaos-controller-manager-659785674d-29q42,chaos-testing,/kubepods/burstable/pod21ab858c-cee8-438c-8682-c786dc3dc044,1780921462,0.0006295634484275607
cpu_rate,minikube,chaos-controller-manager-659785674d-fjb2r,chaos-testing,/kubepods/burstable/pod2569141a-4d05-422e-bcf2-2f01e2f5056d,1780921462,0.006403410527498823
cpu_rate,minikube,coredns-7d764666f9-hxxb8,kube-system,/kubepods/burstable/pod596c18fb-891c-4e87-9b11-83d99dd6d264,1780921462,0.0023981211801798455
cpu_rate,minikube,recommendationservice-6f8f67d69-fhrns,boutique,/kubepods/burstable/pod5ded7b1a-44d9-4178-8596-57a9e25f6171,1780921462,0.006339046482102584
cpu_rate,minikube,etcd-minikube,kube-system,/kubepods/burstable/pod5ff8e3b06bbaa8cb7ebc2bf531e48a2f,1780921462,0.0288940050242423
cpu_rate,minikube,emailservice-7466dc585-sv4wh,boutique,/kubepods/burstable/pod6116940a-da83-4761-97dc-892a207b789e,1780921462,0.0016681066937730693
cpu_rate,minikube,cartservice-546c548494-cb4lb,boutique,/kubepods/burstable/pod6ec732c5-cf34-4e25-a3ce-ff4b44ce8d19,1780921462,0.004526006322869102
cpu_rate,minikube,kube-controller-manager-minikube,kube-system,/kubepods/burstable/pod740363cf4388c2d0df59fc97f96b889c,1780921462,0.014709751885687097
cpu_rate,minikube,chaos-dashboard-5b77585c6c-zm7f4,chaos-testing,/kubepods/burstable/pod7d3e8284-7c72-4577-a8fb-79d957f69104,1780921462,0.002675489582401809
cpu_rate,minikube,chaos-dns-server-6bccb5bb76-gscmn,chaos-testing,/kubepods/burstable/pod8a82a436-ef3f-4750-8f39-dbfde680d0b8,1780921462,0.0022800481976101524
cpu_rate,minikube,coredns-7d764666f9-gmlgd,kube-system,/kubepods/burstable/pod9289fad3-6e91-4617-b97d-6da4631c2f35,1780921462,0.0024351297405188865
cpu_rate,minikube,adservice-8576649cff-5bvst,boutique,/kubepods/burstable/pod9d685cd3-17df-43af-a26e-7743c006902d,1780921462,0.0016390789809340495
cpu_rate,minikube,kube-apiserver-minikube,kube-system,/kubepods/burstable/poda6dc00f40d27725f15407f95751ce5f7,1780921462,0.05127922700446162
cpu_rate,minikube,alertmanager-monitoring-kube-prometheus-alertmanager-0,monitoring,/kubepods/burstable/podb5fde93f-2f9a-427f-aa16-8a257f179975,1780921462,0.0011353591928708578
cpu_rate,minikube,currencyservice-fd8f5dfb7-js8gr,boutique,/kubepods/burstable/podc827ec2d-8a9d-4e1c-8017-62c3901eccb4,1780921462,0.007891753514299618
cpu_rate,minikube,redis-cart-6899b65948-ms767,boutique,/kubepods/burstable/podd425db0f-53f9-4bec-9ee1-49e4ced03bb6,1780921462,0.002169043898539079
cpu_rate,minikube,chaos-controller-manager-659785674d-wbwg8,chaos-testing,/kubepods/burstable/podd7abbfc2-2af5-4b28-b438-3ebef4bafcce,1780921462,0.0004616578587530931
cpu_rate,minikube,paymentservice-6b76dfb449-n8mm2,boutique,/kubepods/burstable/podd9986049-5066-4a99-a156-0bc7b2391961,1780921462,0.0007517388473117701
cpu_rate,minikube,checkoutservice-75b9cd684f-vzdsz,boutique,/kubepods/burstable/pod5827d8c7-6a98-4352-9825-164648474ddc,1780921462,0.0008899511839413482
cpu_rate,minikube,frontend-694b9f76cd-z2pk6,boutique,/kubepods/burstable/podcf6049c2-3667-4622-87ba-b06efa553d48,1780921462,0.011910793767798902
cpu_rate,minikube,productcatalogservice-fb49fc9cc-wptz6,boutique,/kubepods/burstable/pode9d4586d-6739-497d-ae8d-4fd70972eea8,1780921462,0.005946921463020364
cpu_rate,minikube,loadgenerator-7694cd65db-bdz8c,boutique,/kubepods/burstable/pod38d6ef8e-d456-4bd4-95a0-ea6760631a9d,1780921462,0.0033709822651998545
memory_working_set,minikube,kube-proxy-fshvh,kube-system,/kubepods/besteffort/pod2f4efb93-ee48-4c37-b1e1-6f2e54a917c7,1780921462,39464960.0
memory_working_set,minikube,monitoring-kube-state-metrics-868694bc4b-689cm,monitoring,/kubepods/besteffort/pod59c52cc8-67e3-4946-aac6-7ff0ef74285f,1780921462,38551552.0
memory_working_set,minikube,prometheus-monitoring-kube-prometheus-prometheus-0,monitoring,/kubepods/besteffort/pod6bff50b8-f988-4ff2-a8c1-8f95f2c25189,1780921462,316002304.0
memory_working_set,minikube,storage-provisioner,kube-system,/kubepods/besteffort/pod9bffcac8-a0cd-49a4-ad59-cdbf60a579cb,1780921462,20996096.0
memory_working_set,minikube,monitoring-grafana-6f66955c48-hlrcn,monitoring,/kubepods/besteffort/pod9d3fe3f0-8989-47b4-8478-0ae7be66df8d,1780921462,404459520.0
memory_working_set,minikube,chaos-daemon-n6ghj,chaos-testing,/kubepods/besteffort/poda051be83-a7cd-43e4-83d3-76f3c90e8474,1780921462,19193856.0
memory_working_set,minikube,monitoring-kube-prometheus-operator-556b56cc6d-n6dg9,monitoring,/kubepods/besteffort/podc8122519-a592-495f-9353-00a2f23fdf80,1780921462,40116224.0
memory_working_set,minikube,monitoring-prometheus-node-exporter-pdw8p,monitoring,/kubepods/besteffort/podd35abb3b-34f0-40fa-af55-3ab246fc64c8,1780921462,19968000.0
memory_working_set,minikube,kube-scheduler-minikube,kube-system,/kubepods/burstable/pod1c7123a121598343200ffd5b015ca580,1780921462,40882176.0
memory_working_set,minikube,shippingservice-55656785c7-lk4mx,boutique,/kubepods/burstable/pod1df51271-c9ea-47fa-8fb2-cf15bbc7c216,1780921462,15126528.0
memory_working_set,minikube,chaos-controller-manager-659785674d-29q42,chaos-testing,/kubepods/burstable/pod21ab858c-cee8-438c-8682-c786dc3dc044,1780921462,29573120.0
memory_working_set,minikube,chaos-controller-manager-659785674d-fjb2r,chaos-testing,/kubepods/burstable/pod2569141a-4d05-422e-bcf2-2f01e2f5056d,1780921462,36524032.0
memory_working_set,minikube,coredns-7d764666f9-hxxb8,kube-system,/kubepods/burstable/pod596c18fb-891c-4e87-9b11-83d99dd6d264,1780921462,38703104.0
memory_working_set,minikube,recommendationservice-6f8f67d69-fhrns,boutique,/kubepods/burstable/pod5ded7b1a-44d9-4178-8596-57a9e25f6171,1780921462,57827328.0
memory_working_set,minikube,etcd-minikube,kube-system,/kubepods/burstable/pod5ff8e3b06bbaa8cb7ebc2bf531e48a2f,1780921462,88125440.0
memory_working_set,minikube,emailservice-7466dc585-sv4wh,boutique,/kubepods/burstable/pod6116940a-da83-4761-97dc-892a207b789e,1780921462,53198848.0
memory_working_set,minikube,cartservice-546c548494-cb4lb,boutique,/kubepods/burstable/pod6ec732c5-cf34-4e25-a3ce-ff4b44ce8d19,1780921462,71569408.0
memory_working_set,minikube,kube-controller-manager-minikube,kube-system,/kubepods/burstable/pod740363cf4388c2d0df59fc97f96b889c,1780921462,96088064.0
memory_working_set,minikube,chaos-dashboard-5b77585c6c-zm7f4,chaos-testing,/kubepods/burstable/pod7d3e8284-7c72-4577-a8fb-79d957f69104,1780921462,48250880.0
memory_working_set,minikube,chaos-dns-server-6bccb5bb76-gscmn,chaos-testing,/kubepods/burstable/pod8a82a436-ef3f-4750-8f39-dbfde680d0b8,1780921462,28524544.0
memory_working_set,minikube,coredns-7d764666f9-gmlgd,kube-system,/kubepods/burstable/pod9289fad3-6e91-4617-b97d-6da4631c2f35,1780921462,30158848.0
memory_working_set,minikube,adservice-8576649cff-5bvst,boutique,/kubepods/burstable/pod9d685cd3-17df-43af-a26e-7743c006902d,1780921462,112480256.0
memory_working_set,minikube,kube-apiserver-minikube,kube-system,/kubepods/burstable/poda6dc00f40d27725f15407f95751ce5f7,1780921462,603488256.0
memory_working_set,minikube,alertmanager-monitoring-kube-prometheus-alertmanager-0,monitoring,/kubepods/burstable/podb5fde93f-2f9a-427f-aa16-8a257f179975,1780921462,52305920.0
memory_working_set,minikube,currencyservice-fd8f5dfb7-js8gr,boutique,/kubepods/burstable/podc827ec2d-8a9d-4e1c-8017-62c3901eccb4,1780921462,115896320.0
memory_working_set,minikube,redis-cart-6899b65948-ms767,boutique,/kubepods/burstable/podd425db0f-53f9-4bec-9ee1-49e4ced03bb6,1780921462,13819904.0
memory_working_set,minikube,chaos-controller-manager-659785674d-wbwg8,chaos-testing,/kubepods/burstable/podd7abbfc2-2af5-4b28-b438-3ebef4bafcce,1780921462,27738112.0
memory_working_set,minikube,paymentservice-6b76dfb449-n8mm2,boutique,/kubepods/burstable/podd9986049-5066-4a99-a156-0bc7b2391961,1780921462,87244800.0
memory_working_set,minikube,checkoutservice-75b9cd684f-vzdsz,boutique,/kubepods/burstable/pod5827d8c7-6a98-4352-9825-164648474ddc,1780921462,17694720.0
memory_working_set,minikube,frontend-694b9f76cd-z2pk6,boutique,/kubepods/burstable/podcf6049c2-3667-4622-87ba-b06efa553d48,1780921462,23625728.0
memory_working_set,minikube,productcatalogservice-fb49fc9cc-wptz6,boutique,/kubepods/burstable/pode9d4586d-6739-497d-ae8d-4fd70972eea8,1780921462,18538496.0
memory_working_set,minikube,loadgenerator-7694cd65db-bdz8c,boutique,/kubepods/burstable/pod38d6ef8e-d456-4bd4-95a0-ea6760631a9d,1780921462,77832192.0
cpu_rate,minikube,kube-proxy-fshvh,kube-system,/kubepods/besteffort/pod2f4efb93-ee48-4c37-b1e1-6f2e54a917c7,1780921491,0.0005391401571035811
cpu_rate,minikube,monitoring-kube-state-metrics-868694bc4b-689cm,monitoring,/kubepods/besteffort/pod59c52cc8-67e3-4946-aac6-7ff0ef74285f,1780921491,0.0009797040931100783
cpu_rate,minikube,prometheus-monitoring-kube-prometheus-prometheus-0,monitoring,/kubepods/besteffort/pod6bff50b8-f988-4ff2-a8c1-8f95f2c25189,1780921491,0.012055026488067222
cpu_rate,minikube,storage-provisioner,kube-system,/kubepods/besteffort/pod9bffcac8-a0cd-49a4-ad59-cdbf60a579cb,1780921491,0.0017034749801429674
cpu_rate,minikube,monitoring-grafana-6f66955c48-hlrcn,monitoring,/kubepods/besteffort/pod9d3fe3f0-8989-47b4-8478-0ae7be66df8d,1780921491,0.012302551853919545
cpu_rate,minikube,chaos-daemon-n6ghj,chaos-testing,/kubepods/besteffort/poda051be83-a7cd-43e4-83d3-76f3c90e8474,1780921491,8.611555521492881e-05
cpu_rate,minikube,monitoring-kube-prometheus-operator-556b56cc6d-n6dg9,monitoring,/kubepods/besteffort/podc8122519-a592-495f-9353-00a2f23fdf80,1780921491,0.0028095354139037504
cpu_rate,minikube,monitoring-prometheus-node-exporter-pdw8p,monitoring,/kubepods/besteffort/podd35abb3b-34f0-40fa-af55-3ab246fc64c8,1780921491,0.001105108577744156
cpu_rate,minikube,kube-scheduler-minikube,kube-system,/kubepods/burstable/pod1c7123a121598343200ffd5b015ca580,1780921491,0.0048331978319782806
cpu_rate,minikube,shippingservice-55656785c7-lk4mx,boutique,/kubepods/burstable/pod1df51271-c9ea-47fa-8fb2-cf15bbc7c216,1780921491,0.0008741122650384937
cpu_rate,minikube,chaos-controller-manager-659785674d-29q42,chaos-testing,/kubepods/burstable/pod21ab858c-cee8-438c-8682-c786dc3dc044,1780921491,0.0005300981724147184
cpu_rate,minikube,chaos-controller-manager-659785674d-fjb2r,chaos-testing,/kubepods/burstable/pod2569141a-4d05-422e-bcf2-2f01e2f5056d,1780921491,0.0051840937591074695
cpu_rate,minikube,coredns-7d764666f9-hxxb8,kube-system,/kubepods/burstable/pod596c18fb-891c-4e87-9b11-83d99dd6d264,1780921491,0.0024487165215842286
cpu_rate,minikube,recommendationservice-6f8f67d69-fhrns,boutique,/kubepods/burstable/pod5ded7b1a-44d9-4178-8596-57a9e25f6171,1780921491,0.004976552777777836
cpu_rate,minikube,etcd-minikube,kube-system,/kubepods/burstable/pod5ff8e3b06bbaa8cb7ebc2bf531e48a2f,1780921491,0.023283214552093746
cpu_rate,minikube,emailservice-7466dc585-sv4wh,boutique,/kubepods/burstable/pod6116940a-da83-4761-97dc-892a207b789e,1780921491,0.0016171182577867137
cpu_rate,minikube,cartservice-546c548494-cb4lb,boutique,/kubepods/burstable/pod6ec732c5-cf34-4e25-a3ce-ff4b44ce8d19,1780921491,0.004265426483671534
cpu_rate,minikube,kube-controller-manager-minikube,kube-system,/kubepods/burstable/pod740363cf4388c2d0df59fc97f96b889c,1780921491,0.013023140808559918
cpu_rate,minikube,chaos-dashboard-5b77585c6c-zm7f4,chaos-testing,/kubepods/burstable/pod7d3e8284-7c72-4577-a8fb-79d957f69104,1780921491,0.0026136758759773633
cpu_rate,minikube,chaos-dns-server-6bccb5bb76-gscmn,chaos-testing,/kubepods/burstable/pod8a82a436-ef3f-4750-8f39-dbfde680d0b8,1780921491,0.0023714128090676612
cpu_rate,minikube,coredns-7d764666f9-gmlgd,kube-system,/kubepods/burstable/pod9289fad3-6e91-4617-b97d-6da4631c2f35,1780921491,0.002364987531172019
cpu_rate,minikube,adservice-8576649cff-5bvst,boutique,/kubepods/burstable/pod9d685cd3-17df-43af-a26e-7743c006902d,1780921491,0.0015372844666716535
cpu_rate,minikube,kube-apiserver-minikube,kube-system,/kubepods/burstable/poda6dc00f40d27725f15407f95751ce5f7,1780921491,0.04460591733909054
cpu_rate,minikube,alertmanager-monitoring-kube-prometheus-alertmanager-0,monitoring,/kubepods/burstable/podb5fde93f-2f9a-427f-aa16-8a257f179975,1780921491,0.000674148215842797
cpu_rate,minikube,currencyservice-fd8f5dfb7-js8gr,boutique,/kubepods/burstable/podc827ec2d-8a9d-4e1c-8017-62c3901eccb4,1780921491,0.0068447877341208194
cpu_rate,minikube,redis-cart-6899b65948-ms767,boutique,/kubepods/burstable/podd425db0f-53f9-4bec-9ee1-49e4ced03bb6,1780921491,0.0018447487065111508
cpu_rate,minikube,chaos-controller-manager-659785674d-wbwg8,chaos-testing,/kubepods/burstable/podd7abbfc2-2af5-4b28-b438-3ebef4bafcce,1780921491,0.0004227717986660696
cpu_rate,minikube,paymentservice-6b76dfb449-n8mm2,boutique,/kubepods/burstable/podd9986049-5066-4a99-a156-0bc7b2391961,1780921491,0.000740440525949454
cpu_rate,minikube,checkoutservice-75b9cd684f-vzdsz,boutique,/kubepods/burstable/pod5827d8c7-6a98-4352-9825-164648474ddc,1780921491,0.0008731083535109268
cpu_rate,minikube,frontend-694b9f76cd-z2pk6,boutique,/kubepods/burstable/podcf6049c2-3667-4622-87ba-b06efa553d48,1780921491,0.01041794830519554
cpu_rate,minikube,productcatalogservice-fb49fc9cc-wptz6,boutique,/kubepods/burstable/pode9d4586d-6739-497d-ae8d-4fd70972eea8,1780921491,0.005704959563480703
cpu_rate,minikube,loadgenerator-7694cd65db-bdz8c,boutique,/kubepods/burstable/pod38d6ef8e-d456-4bd4-95a0-ea6760631a9d,1780921491,0.002843332961667322
memory_working_set,minikube,kube-proxy-fshvh,kube-system,/kubepods/besteffort/pod2f4efb93-ee48-4c37-b1e1-6f2e54a917c7,1780921491,39456768.0
memory_working_set,minikube,monitoring-kube-state-metrics-868694bc4b-689cm,monitoring,/kubepods/besteffort/pod59c52cc8-67e3-4946-aac6-7ff0ef74285f,1780921491,38576128.0
memory_working_set,minikube,prometheus-monitoring-kube-prometheus-prometheus-0,monitoring,/kubepods/besteffort/pod6bff50b8-f988-4ff2-a8c1-8f95f2c25189,1780921491,318156800.0
memory_working_set,minikube,storage-provisioner,kube-system,/kubepods/besteffort/pod9bffcac8-a0cd-49a4-ad59-cdbf60a579cb,1780921491,20709376.0
memory_working_set,minikube,monitoring-grafana-6f66955c48-hlrcn,monitoring,/kubepods/besteffort/pod9d3fe3f0-8989-47b4-8478-0ae7be66df8d,1780921491,404447232.0
memory_working_set,minikube,chaos-daemon-n6ghj,chaos-testing,/kubepods/besteffort/poda051be83-a7cd-43e4-83d3-76f3c90e8474,1780921491,19193856.0
memory_working_set,minikube,monitoring-kube-prometheus-operator-556b56cc6d-n6dg9,monitoring,/kubepods/besteffort/podc8122519-a592-495f-9353-00a2f23fdf80,1780921491,40124416.0
memory_working_set,minikube,monitoring-prometheus-node-exporter-pdw8p,monitoring,/kubepods/besteffort/podd35abb3b-34f0-40fa-af55-3ab246fc64c8,1780921491,19968000.0
memory_working_set,minikube,kube-scheduler-minikube,kube-system,/kubepods/burstable/pod1c7123a121598343200ffd5b015ca580,1780921491,40878080.0
memory_working_set,minikube,shippingservice-55656785c7-lk4mx,boutique,/kubepods/burstable/pod1df51271-c9ea-47fa-8fb2-cf15bbc7c216,1780921491,15130624.0
memory_working_set,minikube,chaos-controller-manager-659785674d-29q42,chaos-testing,/kubepods/burstable/pod21ab858c-cee8-438c-8682-c786dc3dc044,1780921491,29573120.0
memory_working_set,minikube,chaos-controller-manager-659785674d-fjb2r,chaos-testing,/kubepods/burstable/pod2569141a-4d05-422e-bcf2-2f01e2f5056d,1780921491,36524032.0
memory_working_set,minikube,coredns-7d764666f9-hxxb8,kube-system,/kubepods/burstable/pod596c18fb-891c-4e87-9b11-83d99dd6d264,1780921491,39596032.0
memory_working_set,minikube,recommendationservice-6f8f67d69-fhrns,boutique,/kubepods/burstable/pod5ded7b1a-44d9-4178-8596-57a9e25f6171,1780921491,57839616.0
memory_working_set,minikube,etcd-minikube,kube-system,/kubepods/burstable/pod5ff8e3b06bbaa8cb7ebc2bf531e48a2f,1780921491,87728128.0
memory_working_set,minikube,emailservice-7466dc585-sv4wh,boutique,/kubepods/burstable/pod6116940a-da83-4761-97dc-892a207b789e,1780921491,53198848.0
memory_working_set,minikube,cartservice-546c548494-cb4lb,boutique,/kubepods/burstable/pod6ec732c5-cf34-4e25-a3ce-ff4b44ce8d19,1780921491,71565312.0
memory_working_set,minikube,kube-controller-manager-minikube,kube-system,/kubepods/burstable/pod740363cf4388c2d0df59fc97f96b889c,1780921491,96092160.0
memory_working_set,minikube,chaos-dashboard-5b77585c6c-zm7f4,chaos-testing,/kubepods/burstable/pod7d3e8284-7c72-4577-a8fb-79d957f69104,1780921491,48250880.0
memory_working_set,minikube,chaos-dns-server-6bccb5bb76-gscmn,chaos-testing,/kubepods/burstable/pod8a82a436-ef3f-4750-8f39-dbfde680d0b8,1780921491,28270592.0
memory_working_set,minikube,coredns-7d764666f9-gmlgd,kube-system,/kubepods/burstable/pod9289fad3-6e91-4617-b97d-6da4631c2f35,1780921491,29888512.0
memory_working_set,minikube,adservice-8576649cff-5bvst,boutique,/kubepods/burstable/pod9d685cd3-17df-43af-a26e-7743c006902d,1780921491,112353280.0
memory_working_set,minikube,kube-apiserver-minikube,kube-system,/kubepods/burstable/poda6dc00f40d27725f15407f95751ce5f7,1780921491,603238400.0
memory_working_set,minikube,alertmanager-monitoring-kube-prometheus-alertmanager-0,monitoring,/kubepods/burstable/podb5fde93f-2f9a-427f-aa16-8a257f179975,1780921491,52301824.0
memory_working_set,minikube,currencyservice-fd8f5dfb7-js8gr,boutique,/kubepods/burstable/podc827ec2d-8a9d-4e1c-8017-62c3901eccb4,1780921491,115798016.0
memory_working_set,minikube,redis-cart-6899b65948-ms767,boutique,/kubepods/burstable/podd425db0f-53f9-4bec-9ee1-49e4ced03bb6,1780921491,13819904.0
memory_working_set,minikube,chaos-controller-manager-659785674d-wbwg8,chaos-testing,/kubepods/burstable/podd7abbfc2-2af5-4b28-b438-3ebef4bafcce,1780921491,27738112.0
memory_working_set,minikube,paymentservice-6b76dfb449-n8mm2,boutique,/kubepods/burstable/podd9986049-5066-4a99-a156-0bc7b2391961,1780921491,87396352.0
memory_working_set,minikube,checkoutservice-75b9cd684f-vzdsz,boutique,/kubepods/burstable/pod5827d8c7-6a98-4352-9825-164648474ddc,1780921491,17694720.0
memory_working_set,minikube,frontend-694b9f76cd-z2pk6,boutique,/kubepods/burstable/podcf6049c2-3667-4622-87ba-b06efa553d48,1780921491,23330816.0
memory_working_set,minikube,productcatalogservice-fb49fc9cc-wptz6,boutique,/kubepods/burstable/pode9d4586d-6739-497d-ae8d-4fd70972eea8,1780921491,19611648.0
memory_working_set,minikube,loadgenerator-7694cd65db-bdz8c,boutique,/kubepods/burstable/pod38d6ef8e-d456-4bd4-95a0-ea6760631a9d,1780921491,77840384.0
cpu_rate,minikube,kube-proxy-fshvh,kube-system,/kubepods/besteffort/pod2f4efb93-ee48-4c37-b1e1-6f2e54a917c7,1780921520,0.0006251679263277711
cpu_rate,minikube,monitoring-kube-state-metrics-868694bc4b-689cm,monitoring,/kubepods/besteffort/pod59c52cc8-67e3-4946-aac6-7ff0ef74285f,1780921520,0.0009686871540987158
cpu_rate,minikube,prometheus-monitoring-kube-prometheus-prometheus-0,monitoring,/kubepods/besteffort/pod6bff50b8-f988-4ff2-a8c1-8f95f2c25189,1780921520,0.011546407725777107
cpu_rate,minikube,storage-provisioner,kube-system,/kubepods/besteffort/pod9bffcac8-a0cd-49a4-ad59-cdbf60a579cb,1780921520,0.001371739607655311
cpu_rate,minikube,monitoring-grafana-6f66955c48-hlrcn,monitoring,/kubepods/besteffort/pod9d3fe3f0-8989-47b4-8478-0ae7be66df8d,1780921520,0.009230286362320485
cpu_rate,minikube,chaos-daemon-n6ghj,chaos-testing,/kubepods/besteffort/poda051be83-a7cd-43e4-83d3-76f3c90e8474,1780921520,8.472116191176251e-05
cpu_rate,minikube,monitoring-kube-prometheus-operator-556b56cc6d-n6dg9,monitoring,/kubepods/besteffort/podc8122519-a592-495f-9353-00a2f23fdf80,1780921520,0.00234134444444434
cpu_rate,minikube,monitoring-prometheus-node-exporter-pdw8p,monitoring,/kubepods/besteffort/podd35abb3b-34f0-40fa-af55-3ab246fc64c8,1780921520,0.0009393935726370231
cpu_rate,minikube,kube-scheduler-minikube,kube-system,/kubepods/burstable/pod1c7123a121598343200ffd5b015ca580,1780921520,0.004642080228317798
cpu_rate,minikube,shippingservice-55656785c7-lk4mx,boutique,/kubepods/burstable/pod1df51271-c9ea-47fa-8fb2-cf15bbc7c216,1780921520,0.0008369418346764015
cpu_rate,minikube,chaos-controller-manager-659785674d-29q42,chaos-testing,/kubepods/burstable/pod21ab858c-cee8-438c-8682-c786dc3dc044,1780921520,0.00053556536295845
cpu_rate,minikube,chaos-controller-manager-659785674d-fjb2r,chaos-testing,/kubepods/burstable/pod2569141a-4d05-422e-bcf2-2f01e2f5056d,1780921520,0.005039209054379363
cpu_rate,minikube,coredns-7d764666f9-hxxb8,kube-system,/kubepods/burstable/pod596c18fb-891c-4e87-9b11-83d99dd6d264,1780921520,0.002209719019891403
cpu_rate,minikube,recommendationservice-6f8f67d69-fhrns,boutique,/kubepods/burstable/pod5ded7b1a-44d9-4178-8596-57a9e25f6171,1780921520,0.00561095041768308
cpu_rate,minikube,etcd-minikube,kube-system,/kubepods/burstable/pod5ff8e3b06bbaa8cb7ebc2bf531e48a2f,1780921520,0.02173736525611791
cpu_rate,minikube,emailservice-7466dc585-sv4wh,boutique,/kubepods/burstable/pod6116940a-da83-4761-97dc-892a207b789e,1780921520,0.001560851151740582
cpu_rate,minikube,cartservice-546c548494-cb4lb,boutique,/kubepods/burstable/pod6ec732c5-cf34-4e25-a3ce-ff4b44ce8d19,1780921520,0.004197600473980256
cpu_rate,minikube,kube-controller-manager-minikube,kube-system,/kubepods/burstable/pod740363cf4388c2d0df59fc97f96b889c,1780921520,0.011372449184182136
cpu_rate,minikube,chaos-dashboard-5b77585c6c-zm7f4,chaos-testing,/kubepods/burstable/pod7d3e8284-7c72-4577-a8fb-79d957f69104,1780921520,0.0018783951038023345
cpu_rate,minikube,chaos-dns-server-6bccb5bb76-gscmn,chaos-testing,/kubepods/burstable/pod8a82a436-ef3f-4750-8f39-dbfde680d0b8,1780921520,0.002236185392720862
cpu_rate,minikube,coredns-7d764666f9-gmlgd,kube-system,/kubepods/burstable/pod9289fad3-6e91-4617-b97d-6da4631c2f35,1780921520,0.0021355893436731054
cpu_rate,minikube,adservice-8576649cff-5bvst,boutique,/kubepods/burstable/pod9d685cd3-17df-43af-a26e-7743c006902d,1780921520,0.001425725004137574
cpu_rate,minikube,kube-apiserver-minikube,kube-system,/kubepods/burstable/poda6dc00f40d27725f15407f95751ce5f7,1780921520,0.04055462790995502
cpu_rate,minikube,alertmanager-monitoring-kube-prometheus-alertmanager-0,monitoring,/kubepods/burstable/podb5fde93f-2f9a-427f-aa16-8a257f179975,1780921520,0.0009454169301847052
cpu_rate,minikube,currencyservice-fd8f5dfb7-js8gr,boutique,/kubepods/burstable/podc827ec2d-8a9d-4e1c-8017-62c3901eccb4,1780921520,0.006526557901193984
cpu_rate,minikube,redis-cart-6899b65948-ms767,boutique,/kubepods/burstable/podd425db0f-53f9-4bec-9ee1-49e4ced03bb6,1780921520,0.001960371728724998
cpu_rate,minikube,chaos-controller-manager-659785674d-wbwg8,chaos-testing,/kubepods/burstable/podd7abbfc2-2af5-4b28-b438-3ebef4bafcce,1780921520,0.00046828810593121576
cpu_rate,minikube,paymentservice-6b76dfb449-n8mm2,boutique,/kubepods/burstable/podd9986049-5066-4a99-a156-0bc7b2391961,1780921520,0.0009466204263570299
cpu_rate,minikube,checkoutservice-75b9cd684f-vzdsz,boutique,/kubepods/burstable/pod5827d8c7-6a98-4352-9825-164648474ddc,1780921520,0.0009667931332406876
cpu_rate,minikube,frontend-694b9f76cd-z2pk6,boutique,/kubepods/burstable/podcf6049c2-3667-4622-87ba-b06efa553d48,1780921520,0.009456350570116769
cpu_rate,minikube,productcatalogservice-fb49fc9cc-wptz6,boutique,/kubepods/burstable/pode9d4586d-6739-497d-ae8d-4fd70972eea8,1780921520,0.00479749540619501
cpu_rate,minikube,loadgenerator-7694cd65db-bdz8c,boutique,/kubepods/burstable/pod38d6ef8e-d456-4bd4-95a0-ea6760631a9d,1780921520,0.0027442006993398855
memory_working_set,minikube,kube-proxy-fshvh,kube-system,/kubepods/besteffort/pod2f4efb93-ee48-4c37-b1e1-6f2e54a917c7,1780921520,38940672.0
memory_working_set,minikube,monitoring-kube-state-metrics-868694bc4b-689cm,monitoring,/kubepods/besteffort/pod59c52cc8-67e3-4946-aac6-7ff0ef74285f,1780921520,38576128.0
memory_working_set,minikube,prometheus-monitoring-kube-prometheus-prometheus-0,monitoring,/kubepods/besteffort/pod6bff50b8-f988-4ff2-a8c1-8f95f2c25189,1780921520,321830912.0
memory_working_set,minikube,storage-provisioner,kube-system,/kubepods/besteffort/pod9bffcac8-a0cd-49a4-ad59-cdbf60a579cb,1780921520,20701184.0
memory_working_set,minikube,monitoring-grafana-6f66955c48-hlrcn,monitoring,/kubepods/besteffort/pod9d3fe3f0-8989-47b4-8478-0ae7be66df8d,1780921520,404447232.0
memory_working_set,minikube,chaos-daemon-n6ghj,chaos-testing,/kubepods/besteffort/poda051be83-a7cd-43e4-83d3-76f3c90e8474,1780921520,19193856.0
memory_working_set,minikube,monitoring-kube-prometheus-operator-556b56cc6d-n6dg9,monitoring,/kubepods/besteffort/podc8122519-a592-495f-9353-00a2f23fdf80,1780921520,40124416.0
memory_working_set,minikube,monitoring-prometheus-node-exporter-pdw8p,monitoring,/kubepods/besteffort/podd35abb3b-34f0-40fa-af55-3ab246fc64c8,1780921520,20205568.0
memory_working_set,minikube,kube-scheduler-minikube,kube-system,/kubepods/burstable/pod1c7123a121598343200ffd5b015ca580,1780921520,40873984.0
memory_working_set,minikube,shippingservice-55656785c7-lk4mx,boutique,/kubepods/burstable/pod1df51271-c9ea-47fa-8fb2-cf15bbc7c216,1780921520,15147008.0
memory_working_set,minikube,chaos-controller-manager-659785674d-29q42,chaos-testing,/kubepods/burstable/pod21ab858c-cee8-438c-8682-c786dc3dc044,1780921520,29573120.0
memory_working_set,minikube,chaos-controller-manager-659785674d-fjb2r,chaos-testing,/kubepods/burstable/pod2569141a-4d05-422e-bcf2-2f01e2f5056d,1780921520,36524032.0
memory_working_set,minikube,coredns-7d764666f9-hxxb8,kube-system,/kubepods/burstable/pod596c18fb-891c-4e87-9b11-83d99dd6d264,1780921520,39632896.0
memory_working_set,minikube,recommendationservice-6f8f67d69-fhrns,boutique,/kubepods/burstable/pod5ded7b1a-44d9-4178-8596-57a9e25f6171,1780921520,57827328.0
memory_working_set,minikube,etcd-minikube,kube-system,/kubepods/burstable/pod5ff8e3b06bbaa8cb7ebc2bf531e48a2f,1780921520,88268800.0
memory_working_set,minikube,emailservice-7466dc585-sv4wh,boutique,/kubepods/burstable/pod6116940a-da83-4761-97dc-892a207b789e,1780921520,53198848.0
memory_working_set,minikube,cartservice-546c548494-cb4lb,boutique,/kubepods/burstable/pod6ec732c5-cf34-4e25-a3ce-ff4b44ce8d19,1780921520,71634944.0
memory_working_set,minikube,kube-controller-manager-minikube,kube-system,/kubepods/burstable/pod740363cf4388c2d0df59fc97f96b889c,1780921520,96083968.0
memory_working_set,minikube,chaos-dashboard-5b77585c6c-zm7f4,chaos-testing,/kubepods/burstable/pod7d3e8284-7c72-4577-a8fb-79d957f69104,1780921520,48250880.0
memory_working_set,minikube,chaos-dns-server-6bccb5bb76-gscmn,chaos-testing,/kubepods/burstable/pod8a82a436-ef3f-4750-8f39-dbfde680d0b8,1780921520,28270592.0
memory_working_set,minikube,coredns-7d764666f9-gmlgd,kube-system,/kubepods/burstable/pod9289fad3-6e91-4617-b97d-6da4631c2f35,1780921520,29896704.0
memory_working_set,minikube,adservice-8576649cff-5bvst,boutique,/kubepods/burstable/pod9d685cd3-17df-43af-a26e-7743c006902d,1780921520,112345088.0
memory_working_set,minikube,kube-apiserver-minikube,kube-system,/kubepods/burstable/poda6dc00f40d27725f15407f95751ce5f7,1780921520,603217920.0
memory_working_set,minikube,alertmanager-monitoring-kube-prometheus-alertmanager-0,monitoring,/kubepods/burstable/podb5fde93f-2f9a-427f-aa16-8a257f179975,1780921520,52961280.0
memory_working_set,minikube,currencyservice-fd8f5dfb7-js8gr,boutique,/kubepods/burstable/podc827ec2d-8a9d-4e1c-8017-62c3901eccb4,1780921520,116379648.0
memory_working_set,minikube,redis-cart-6899b65948-ms767,boutique,/kubepods/burstable/podd425db0f-53f9-4bec-9ee1-49e4ced03bb6,1780921520,13819904.0
memory_working_set,minikube,chaos-controller-manager-659785674d-wbwg8,chaos-testing,/kubepods/burstable/podd7abbfc2-2af5-4b28-b438-3ebef4bafcce,1780921520,27742208.0
memory_working_set,minikube,paymentservice-6b76dfb449-n8mm2,boutique,/kubepods/burstable/podd9986049-5066-4a99-a156-0bc7b2391961,1780921520,87953408.0
memory_working_set,minikube,checkoutservice-75b9cd684f-vzdsz,boutique,/kubepods/burstable/pod5827d8c7-6a98-4352-9825-164648474ddc,1780921520,17391616.0
memory_working_set,minikube,frontend-694b9f76cd-z2pk6,boutique,/kubepods/burstable/podcf6049c2-3667-4622-87ba-b06efa553d48,1780921520,23736320.0
memory_working_set,minikube,productcatalogservice-fb49fc9cc-wptz6,boutique,/kubepods/burstable/pode9d4586d-6739-497d-ae8d-4fd70972eea8,1780921520,18870272.0
memory_working_set,minikube,loadgenerator-7694cd65db-bdz8c,boutique,/kubepods/burstable/pod38d6ef8e-d456-4bd4-95a0-ea6760631a9d,1780921520,77852672.0
cpu_rate,minikube,kube-proxy-fshvh,kube-system,/kubepods/besteffort/pod2f4efb93-ee48-4c37-b1e1-6f2e54a917c7,1780921549,0.0005901239825388068
cpu_rate,minikube,monitoring-kube-state-metrics-868694bc4b-689cm,monitoring,/kubepods/besteffort/pod59c52cc8-67e3-4946-aac6-7ff0ef74285f,1780921549,0.0009170006180593002
cpu_rate,minikube,prometheus-monitoring-kube-prometheus-prometheus-0,monitoring,/kubepods/besteffort/pod6bff50b8-f988-4ff2-a8c1-8f95f2c25189,1780921549,0.01056659832185051
cpu_rate,minikube,storage-provisioner,kube-system,/kubepods/besteffort/pod9bffcac8-a0cd-49a4-ad59-cdbf60a579cb,1780921549,0.0011556850759035788
cpu_rate,minikube,monitoring-grafana-6f66955c48-hlrcn,monitoring,/kubepods/besteffort/pod9d3fe3f0-8989-47b4-8478-0ae7be66df8d,1780921549,0.008548778972093472
cpu_rate,minikube,chaos-daemon-n6ghj,chaos-testing,/kubepods/besteffort/poda051be83-a7cd-43e4-83d3-76f3c90e8474,1780921549,8.762018775144364e-05
cpu_rate,minikube,monitoring-kube-prometheus-operator-556b56cc6d-n6dg9,monitoring,/kubepods/besteffort/podc8122519-a592-495f-9353-00a2f23fdf80,1780921549,0.002391196269869043
cpu_rate,minikube,monitoring-prometheus-node-exporter-pdw8p,monitoring,/kubepods/besteffort/podd35abb3b-34f0-40fa-af55-3ab246fc64c8,1780921549,0.0008751719026172417
cpu_rate,minikube,kube-scheduler-minikube,kube-system,/kubepods/burstable/pod1c7123a121598343200ffd5b015ca580,1780921549,0.004161727543823753
cpu_rate,minikube,shippingservice-55656785c7-lk4mx,boutique,/kubepods/burstable/pod1df51271-c9ea-47fa-8fb2-cf15bbc7c216,1780921549,0.0007956960017695019
cpu_rate,minikube,chaos-controller-manager-659785674d-29q42,chaos-testing,/kubepods/burstable/pod21ab858c-cee8-438c-8682-c786dc3dc044,1780921549,0.0003386481459745071
cpu_rate,minikube,chaos-controller-manager-659785674d-fjb2r,chaos-testing,/kubepods/burstable/pod2569141a-4d05-422e-bcf2-2f01e2f5056d,1780921549,0.005179672473997806
cpu_rate,minikube,coredns-7d764666f9-hxxb8,kube-system,/kubepods/burstable/pod596c18fb-891c-4e87-9b11-83d99dd6d264,1780921549,0.0018578677317924275
cpu_rate,minikube,recommendationservice-6f8f67d69-fhrns,boutique,/kubepods/burstable/pod5ded7b1a-44d9-4178-8596-57a9e25f6171,1780921549,0.005349189918136982
cpu_rate,minikube,etcd-minikube,kube-system,/kubepods/burstable/pod5ff8e3b06bbaa8cb7ebc2bf531e48a2f,1780921549,0.021732880408673227
cpu_rate,minikube,emailservice-7466dc585-sv4wh,boutique,/kubepods/burstable/pod6116940a-da83-4761-97dc-892a207b789e,1780921549,0.001504188180025264
cpu_rate,minikube,cartservice-546c548494-cb4lb,boutique,/kubepods/burstable/pod6ec732c5-cf34-4e25-a3ce-ff4b44ce8d19,1780921549,0.003929044222539239
cpu_rate,minikube,kube-controller-manager-minikube,kube-system,/kubepods/burstable/pod740363cf4388c2d0df59fc97f96b889c,1780921549,0.012703468302579774
cpu_rate,minikube,chaos-dashboard-5b77585c6c-zm7f4,chaos-testing,/kubepods/burstable/pod7d3e8284-7c72-4577-a8fb-79d957f69104,1780921549,0.002184527269076668
cpu_rate,minikube,chaos-dns-server-6bccb5bb76-gscmn,chaos-testing,/kubepods/burstable/pod8a82a436-ef3f-4750-8f39-dbfde680d0b8,1780921549,0.002186009004771202
cpu_rate,minikube,coredns-7d764666f9-gmlgd,kube-system,/kubepods/burstable/pod9289fad3-6e91-4617-b97d-6da4631c2f35,1780921549,0.0019718985539748145
cpu_rate,minikube,adservice-8576649cff-5bvst,boutique,/kubepods/burstable/pod9d685cd3-17df-43af-a26e-7743c006902d,1780921549,0.0013534935074739792
cpu_rate,minikube,kube-apiserver-minikube,kube-system,/kubepods/burstable/poda6dc00f40d27725f15407f95751ce5f7,1780921549,0.044817492490301654
cpu_rate,minikube,alertmanager-monitoring-kube-prometheus-alertmanager-0,monitoring,/kubepods/burstable/podb5fde93f-2f9a-427f-aa16-8a257f179975,1780921549,0.000802295534104538
cpu_rate,minikube,currencyservice-fd8f5dfb7-js8gr,boutique,/kubepods/burstable/podc827ec2d-8a9d-4e1c-8017-62c3901eccb4,1780921549,0.00884664033178031
cpu_rate,minikube,redis-cart-6899b65948-ms767,boutique,/kubepods/burstable/podd425db0f-53f9-4bec-9ee1-49e4ced03bb6,1780921549,0.0015203603099581866
cpu_rate,minikube,chaos-controller-manager-659785674d-wbwg8,chaos-testing,/kubepods/burstable/podd7abbfc2-2af5-4b28-b438-3ebef4bafcce,1780921549,0.00044446163845131265
cpu_rate,minikube,paymentservice-6b76dfb449-n8mm2,boutique,/kubepods/burstable/podd9986049-5066-4a99-a156-0bc7b2391961,1780921549,0.0007067716863420962
cpu_rate,minikube,checkoutservice-75b9cd684f-vzdsz,boutique,/kubepods/burstable/pod5827d8c7-6a98-4352-9825-164648474ddc,1780921549,0.0008487009489850886
cpu_rate,minikube,frontend-694b9f76cd-z2pk6,boutique,/kubepods/burstable/podcf6049c2-3667-4622-87ba-b06efa553d48,1780921549,0.008668551551267228
cpu_rate,minikube,productcatalogservice-fb49fc9cc-wptz6,boutique,/kubepods/burstable/pode9d4586d-6739-497d-ae8d-4fd70972eea8,1780921549,0.004762690879075607
cpu_rate,minikube,loadgenerator-7694cd65db-bdz8c,boutique,/kubepods/burstable/pod38d6ef8e-d456-4bd4-95a0-ea6760631a9d,1780921549,0.002417675125769426
memory_working_set,minikube,kube-proxy-fshvh,kube-system,/kubepods/besteffort/pod2f4efb93-ee48-4c37-b1e1-6f2e54a917c7,1780921549,38932480.0
memory_working_set,minikube,monitoring-kube-state-metrics-868694bc4b-689cm,monitoring,/kubepods/besteffort/pod59c52cc8-67e3-4946-aac6-7ff0ef74285f,1780921549,38572032.0
memory_working_set,minikube,prometheus-monitoring-kube-prometheus-prometheus-0,monitoring,/kubepods/besteffort/pod6bff50b8-f988-4ff2-a8c1-8f95f2c25189,1780921549,323309568.0
memory_working_set,minikube,storage-provisioner,kube-system,/kubepods/besteffort/pod9bffcac8-a0cd-49a4-ad59-cdbf60a579cb,1780921549,20783104.0
memory_working_set,minikube,monitoring-grafana-6f66955c48-hlrcn,monitoring,/kubepods/besteffort/pod9d3fe3f0-8989-47b4-8478-0ae7be66df8d,1780921549,404299776.0
memory_working_set,minikube,chaos-daemon-n6ghj,chaos-testing,/kubepods/besteffort/poda051be83-a7cd-43e4-83d3-76f3c90e8474,1780921549,19193856.0
memory_working_set,minikube,monitoring-kube-prometheus-operator-556b56cc6d-n6dg9,monitoring,/kubepods/besteffort/podc8122519-a592-495f-9353-00a2f23fdf80,1780921549,40173568.0
memory_working_set,minikube,monitoring-prometheus-node-exporter-pdw8p,monitoring,/kubepods/besteffort/podd35abb3b-34f0-40fa-af55-3ab246fc64c8,1780921549,19865600.0
memory_working_set,minikube,kube-scheduler-minikube,kube-system,/kubepods/burstable/pod1c7123a121598343200ffd5b015ca580,1780921549,40882176.0
memory_working_set,minikube,shippingservice-55656785c7-lk4mx,boutique,/kubepods/burstable/pod1df51271-c9ea-47fa-8fb2-cf15bbc7c216,1780921549,15138816.0
memory_working_set,minikube,chaos-controller-manager-659785674d-29q42,chaos-testing,/kubepods/burstable/pod21ab858c-cee8-438c-8682-c786dc3dc044,1780921549,29573120.0
memory_working_set,minikube,chaos-controller-manager-659785674d-fjb2r,chaos-testing,/kubepods/burstable/pod2569141a-4d05-422e-bcf2-2f01e2f5056d,1780921549,36524032.0
memory_working_set,minikube,coredns-7d764666f9-hxxb8,kube-system,/kubepods/burstable/pod596c18fb-891c-4e87-9b11-83d99dd6d264,1780921549,39628800.0
memory_working_set,minikube,recommendationservice-6f8f67d69-fhrns,boutique,/kubepods/burstable/pod5ded7b1a-44d9-4178-8596-57a9e25f6171,1780921549,57823232.0
memory_working_set,minikube,etcd-minikube,kube-system,/kubepods/burstable/pod5ff8e3b06bbaa8cb7ebc2bf531e48a2f,1780921549,86528000.0
memory_working_set,minikube,emailservice-7466dc585-sv4wh,boutique,/kubepods/burstable/pod6116940a-da83-4761-97dc-892a207b789e,1780921549,53198848.0
memory_working_set,minikube,cartservice-546c548494-cb4lb,boutique,/kubepods/burstable/pod6ec732c5-cf34-4e25-a3ce-ff4b44ce8d19,1780921549,71839744.0
memory_working_set,minikube,kube-controller-manager-minikube,kube-system,/kubepods/burstable/pod740363cf4388c2d0df59fc97f96b889c,1780921549,96083968.0
memory_working_set,minikube,chaos-dashboard-5b77585c6c-zm7f4,chaos-testing,/kubepods/burstable/pod7d3e8284-7c72-4577-a8fb-79d957f69104,1780921549,48254976.0
memory_working_set,minikube,chaos-dns-server-6bccb5bb76-gscmn,chaos-testing,/kubepods/burstable/pod8a82a436-ef3f-4750-8f39-dbfde680d0b8,1780921549,28266496.0
memory_working_set,minikube,coredns-7d764666f9-gmlgd,kube-system,/kubepods/burstable/pod9289fad3-6e91-4617-b97d-6da4631c2f35,1780921549,30683136.0
memory_working_set,minikube,adservice-8576649cff-5bvst,boutique,/kubepods/burstable/pod9d685cd3-17df-43af-a26e-7743c006902d,1780921549,112353280.0
memory_working_set,minikube,kube-apiserver-minikube,kube-system,/kubepods/burstable/poda6dc00f40d27725f15407f95751ce5f7,1780921549,530690048.0
memory_working_set,minikube,alertmanager-monitoring-kube-prometheus-alertmanager-0,monitoring,/kubepods/burstable/podb5fde93f-2f9a-427f-aa16-8a257f179975,1780921549,52961280.0
memory_working_set,minikube,currencyservice-fd8f5dfb7-js8gr,boutique,/kubepods/burstable/podc827ec2d-8a9d-4e1c-8017-62c3901eccb4,1780921549,116846592.0
memory_working_set,minikube,redis-cart-6899b65948-ms767,boutique,/kubepods/burstable/podd425db0f-53f9-4bec-9ee1-49e4ced03bb6,1780921549,13819904.0
memory_working_set,minikube,chaos-controller-manager-659785674d-wbwg8,chaos-testing,/kubepods/burstable/podd7abbfc2-2af5-4b28-b438-3ebef4bafcce,1780921549,27742208.0
memory_working_set,minikube,paymentservice-6b76dfb449-n8mm2,boutique,/kubepods/burstable/podd9986049-5066-4a99-a156-0bc7b2391961,1780921549,87613440.0
memory_working_set,minikube,checkoutservice-75b9cd684f-vzdsz,boutique,/kubepods/burstable/pod5827d8c7-6a98-4352-9825-164648474ddc,1780921549,17399808.0
memory_working_set,minikube,frontend-694b9f76cd-z2pk6,boutique,/kubepods/burstable/podcf6049c2-3667-4622-87ba-b06efa553d48,1780921549,23449600.0
memory_working_set,minikube,productcatalogservice-fb49fc9cc-wptz6,boutique,/kubepods/burstable/pode9d4586d-6739-497d-ae8d-4fd70972eea8,1780921549,19103744.0
memory_working_set,minikube,loadgenerator-7694cd65db-bdz8c,boutique,/kubepods/burstable/pod38d6ef8e-d456-4bd4-95a0-ea6760631a9d,1780921549,77860864.0
cpu_rate,minikube,kube-proxy-fshvh,kube-system,/kubepods/besteffort/pod2f4efb93-ee48-4c37-b1e1-6f2e54a917c7,1780921579,0.0004916419728867347
cpu_rate,minikube,monitoring-kube-state-metrics-868694bc4b-689cm,monitoring,/kubepods/besteffort/pod59c52cc8-67e3-4946-aac6-7ff0ef74285f,1780921579,0.0009519355084036724
cpu_rate,minikube,prometheus-monitoring-kube-prometheus-prometheus-0,monitoring,/kubepods/besteffort/pod6bff50b8-f988-4ff2-a8c1-8f95f2c25189,1780921579,0.01170154116964112
cpu_rate,minikube,storage-provisioner,kube-system,/kubepods/besteffort/pod9bffcac8-a0cd-49a4-ad59-cdbf60a579cb,1780921579,0.0014749006616082338
cpu_rate,minikube,monitoring-grafana-6f66955c48-hlrcn,monitoring,/kubepods/besteffort/pod9d3fe3f0-8989-47b4-8478-0ae7be66df8d,1780921579,0.008755107094439302
cpu_rate,minikube,chaos-daemon-n6ghj,chaos-testing,/kubepods/besteffort/poda051be83-a7cd-43e4-83d3-76f3c90e8474,1780921579,9.043653797628139e-05
cpu_rate,minikube,monitoring-kube-prometheus-operator-556b56cc6d-n6dg9,monitoring,/kubepods/besteffort/podc8122519-a592-495f-9353-00a2f23fdf80,1780921579,0.002180307291586604
cpu_rate,minikube,monitoring-prometheus-node-exporter-pdw8p,monitoring,/kubepods/besteffort/podd35abb3b-34f0-40fa-af55-3ab246fc64c8,1780921579,0.0007889622362758824
cpu_rate,minikube,kube-scheduler-minikube,kube-system,/kubepods/burstable/pod1c7123a121598343200ffd5b015ca580,1780921579,0.004440962647280258
cpu_rate,minikube,shippingservice-55656785c7-lk4mx,boutique,/kubepods/burstable/pod1df51271-c9ea-47fa-8fb2-cf15bbc7c216,1780921579,0.0008463819808457788
cpu_rate,minikube,chaos-controller-manager-659785674d-29q42,chaos-testing,/kubepods/burstable/pod21ab858c-cee8-438c-8682-c786dc3dc044,1780921579,0.00047405707643591414
cpu_rate,minikube,chaos-controller-manager-659785674d-fjb2r,chaos-testing,/kubepods/burstable/pod2569141a-4d05-422e-bcf2-2f01e2f5056d,1780921579,0.004927180285343858
cpu_rate,minikube,coredns-7d764666f9-hxxb8,kube-system,/kubepods/burstable/pod596c18fb-891c-4e87-9b11-83d99dd6d264,1780921579,0.0017876106383619926
cpu_rate,minikube,recommendationservice-6f8f67d69-fhrns,boutique,/kubepods/burstable/pod5ded7b1a-44d9-4178-8596-57a9e25f6171,1780921579,0.005285732130331687
cpu_rate,minikube,etcd-minikube,kube-system,/kubepods/burstable/pod5ff8e3b06bbaa8cb7ebc2bf531e48a2f,1780921579,0.023366028683397426
cpu_rate,minikube,emailservice-7466dc585-sv4wh,boutique,/kubepods/burstable/pod6116940a-da83-4761-97dc-892a207b789e,1780921579,0.001508188792895043
cpu_rate,minikube,cartservice-546c548494-cb4lb,boutique,/kubepods/burstable/pod6ec732c5-cf34-4e25-a3ce-ff4b44ce8d19,1780921579,0.003963730779333568
cpu_rate,minikube,kube-controller-manager-minikube,kube-system,/kubepods/burstable/pod740363cf4388c2d0df59fc97f96b889c,1780921579,0.012691073610015282
cpu_rate,minikube,chaos-dashboard-5b77585c6c-zm7f4,chaos-testing,/kubepods/burstable/pod7d3e8284-7c72-4577-a8fb-79d957f69104,1780921579,0.0021215305113142548
cpu_rate,minikube,chaos-dns-server-6bccb5bb76-gscmn,chaos-testing,/kubepods/burstable/pod8a82a436-ef3f-4750-8f39-dbfde680d0b8,1780921579,0.0020384304244734715
cpu_rate,minikube,coredns-7d764666f9-gmlgd,kube-system,/kubepods/burstable/pod9289fad3-6e91-4617-b97d-6da4631c2f35,1780921579,0.0018779047926157967
cpu_rate,minikube,adservice-8576649cff-5bvst,boutique,/kubepods/burstable/pod9d685cd3-17df-43af-a26e-7743c006902d,1780921579,0.001246939158058801
cpu_rate,minikube,kube-apiserver-minikube,kube-system,/kubepods/burstable/poda6dc00f40d27725f15407f95751ce5f7,1780921579,0.04381717800643213
cpu_rate,minikube,alertmanager-monitoring-kube-prometheus-alertmanager-0,monitoring,/kubepods/burstable/podb5fde93f-2f9a-427f-aa16-8a257f179975,1780921579,0.0008373636843794953
cpu_rate,minikube,currencyservice-fd8f5dfb7-js8gr,boutique,/kubepods/burstable/podc827ec2d-8a9d-4e1c-8017-62c3901eccb4,1780921579,0.008753666542024785
cpu_rate,minikube,redis-cart-6899b65948-ms767,boutique,/kubepods/burstable/podd425db0f-53f9-4bec-9ee1-49e4ced03bb6,1780921579,0.0015530505210048736
cpu_rate,minikube,chaos-controller-manager-659785674d-wbwg8,chaos-testing,/kubepods/burstable/podd7abbfc2-2af5-4b28-b438-3ebef4bafcce,1780921579,0.0009237482053039243
cpu_rate,minikube,paymentservice-6b76dfb449-n8mm2,boutique,/kubepods/burstable/podd9986049-5066-4a99-a156-0bc7b2391961,1780921579,0.0006363432124948245
cpu_rate,minikube,checkoutservice-75b9cd684f-vzdsz,boutique,/kubepods/burstable/pod5827d8c7-6a98-4352-9825-164648474ddc,1780921579,0.0009200851883778618
cpu_rate,minikube,frontend-694b9f76cd-z2pk6,boutique,/kubepods/burstable/podcf6049c2-3667-4622-87ba-b06efa553d48,1780921579,0.009367979465175117
cpu_rate,minikube,productcatalogservice-fb49fc9cc-wptz6,boutique,/kubepods/burstable/pode9d4586d-6739-497d-ae8d-4fd70972eea8,1780921579,0.004746191484835333
cpu_rate,minikube,loadgenerator-7694cd65db-bdz8c,boutique,/kubepods/burstable/pod38d6ef8e-d456-4bd4-95a0-ea6760631a9d,1780921579,0.0027682702862450123
memory_working_set,minikube,kube-proxy-fshvh,kube-system,/kubepods/besteffort/pod2f4efb93-ee48-4c37-b1e1-6f2e54a917c7,1780921579,38985728.0
memory_working_set,minikube,monitoring-kube-state-metrics-868694bc4b-689cm,monitoring,/kubepods/besteffort/pod59c52cc8-67e3-4946-aac6-7ff0ef74285f,1780921579,38256640.0
memory_working_set,minikube,prometheus-monitoring-kube-prometheus-prometheus-0,monitoring,/kubepods/besteffort/pod6bff50b8-f988-4ff2-a8c1-8f95f2c25189,1780921579,326475776.0
memory_working_set,minikube,storage-provisioner,kube-system,/kubepods/besteffort/pod9bffcac8-a0cd-49a4-ad59-cdbf60a579cb,1780921579,20791296.0
memory_working_set,minikube,monitoring-grafana-6f66955c48-hlrcn,monitoring,/kubepods/besteffort/pod9d3fe3f0-8989-47b4-8478-0ae7be66df8d,1780921579,404295680.0
memory_working_set,minikube,chaos-daemon-n6ghj,chaos-testing,/kubepods/besteffort/poda051be83-a7cd-43e4-83d3-76f3c90e8474,1780921579,19193856.0
memory_working_set,minikube,monitoring-kube-prometheus-operator-556b56cc6d-n6dg9,monitoring,/kubepods/besteffort/podc8122519-a592-495f-9353-00a2f23fdf80,1780921579,40185856.0
memory_working_set,minikube,monitoring-prometheus-node-exporter-pdw8p,monitoring,/kubepods/besteffort/podd35abb3b-34f0-40fa-af55-3ab246fc64c8,1780921579,20070400.0
memory_working_set,minikube,kube-scheduler-minikube,kube-system,/kubepods/burstable/pod1c7123a121598343200ffd5b015ca580,1780921579,40873984.0
memory_working_set,minikube,shippingservice-55656785c7-lk4mx,boutique,/kubepods/burstable/pod1df51271-c9ea-47fa-8fb2-cf15bbc7c216,1780921579,15519744.0
memory_working_set,minikube,chaos-controller-manager-659785674d-29q42,chaos-testing,/kubepods/burstable/pod21ab858c-cee8-438c-8682-c786dc3dc044,1780921579,29835264.0
memory_working_set,minikube,chaos-controller-manager-659785674d-fjb2r,chaos-testing,/kubepods/burstable/pod2569141a-4d05-422e-bcf2-2f01e2f5056d,1780921579,36524032.0
memory_working_set,minikube,coredns-7d764666f9-hxxb8,kube-system,/kubepods/burstable/pod596c18fb-891c-4e87-9b11-83d99dd6d264,1780921579,40161280.0
memory_working_set,minikube,recommendationservice-6f8f67d69-fhrns,boutique,/kubepods/burstable/pod5ded7b1a-44d9-4178-8596-57a9e25f6171,1780921579,57823232.0
memory_working_set,minikube,etcd-minikube,kube-system,/kubepods/burstable/pod5ff8e3b06bbaa8cb7ebc2bf531e48a2f,1780921579,87216128.0
memory_working_set,minikube,emailservice-7466dc585-sv4wh,boutique,/kubepods/burstable/pod6116940a-da83-4761-97dc-892a207b789e,1780921579,53198848.0
memory_working_set,minikube,cartservice-546c548494-cb4lb,boutique,/kubepods/burstable/pod6ec732c5-cf34-4e25-a3ce-ff4b44ce8d19,1780921579,71569408.0
memory_working_set,minikube,kube-controller-manager-minikube,kube-system,/kubepods/burstable/pod740363cf4388c2d0df59fc97f96b889c,1780921579,96088064.0
memory_working_set,minikube,chaos-dashboard-5b77585c6c-zm7f4,chaos-testing,/kubepods/burstable/pod7d3e8284-7c72-4577-a8fb-79d957f69104,1780921579,48250880.0
memory_working_set,minikube,chaos-dns-server-6bccb5bb76-gscmn,chaos-testing,/kubepods/burstable/pod8a82a436-ef3f-4750-8f39-dbfde680d0b8,1780921579,28266496.0
memory_working_set,minikube,coredns-7d764666f9-gmlgd,kube-system,/kubepods/burstable/pod9289fad3-6e91-4617-b97d-6da4631c2f35,1780921579,31637504.0
memory_working_set,minikube,adservice-8576649cff-5bvst,boutique,/kubepods/burstable/pod9d685cd3-17df-43af-a26e-7743c006902d,1780921579,112345088.0
memory_working_set,minikube,kube-apiserver-minikube,kube-system,/kubepods/burstable/poda6dc00f40d27725f15407f95751ce5f7,1780921579,533041152.0
memory_working_set,minikube,alertmanager-monitoring-kube-prometheus-alertmanager-0,monitoring,/kubepods/burstable/podb5fde93f-2f9a-427f-aa16-8a257f179975,1780921579,52490240.0
memory_working_set,minikube,currencyservice-fd8f5dfb7-js8gr,boutique,/kubepods/burstable/podc827ec2d-8a9d-4e1c-8017-62c3901eccb4,1780921579,116047872.0
memory_working_set,minikube,redis-cart-6899b65948-ms767,boutique,/kubepods/burstable/podd425db0f-53f9-4bec-9ee1-49e4ced03bb6,1780921579,13819904.0
memory_working_set,minikube,chaos-controller-manager-659785674d-wbwg8,chaos-testing,/kubepods/burstable/podd7abbfc2-2af5-4b28-b438-3ebef4bafcce,1780921579,27922432.0
memory_working_set,minikube,paymentservice-6b76dfb449-n8mm2,boutique,/kubepods/burstable/podd9986049-5066-4a99-a156-0bc7b2391961,1780921579,88154112.0
memory_working_set,minikube,checkoutservice-75b9cd684f-vzdsz,boutique,/kubepods/burstable/pod5827d8c7-6a98-4352-9825-164648474ddc,1780921579,17399808.0
memory_working_set,minikube,frontend-694b9f76cd-z2pk6,boutique,/kubepods/burstable/podcf6049c2-3667-4622-87ba-b06efa553d48,1780921579,23498752.0
memory_working_set,minikube,productcatalogservice-fb49fc9cc-wptz6,boutique,/kubepods/burstable/pode9d4586d-6739-497d-ae8d-4fd70972eea8,1780921579,18718720.0
memory_working_set,minikube,loadgenerator-7694cd65db-bdz8c,boutique,/kubepods/burstable/pod38d6ef8e-d456-4bd4-95a0-ea6760631a9d,1780921579,77869056.0
cpu_rate,minikube,kube-proxy-fshvh,kube-system,/kubepods/besteffort/pod2f4efb93-ee48-4c37-b1e1-6f2e54a917c7,1780921608,0.0004545879668166071
cpu_rate,minikube,monitoring-kube-state-metrics-868694bc4b-689cm,monitoring,/kubepods/besteffort/pod59c52cc8-67e3-4946-aac6-7ff0ef74285f,1780921608,0.0008346581355228702
cpu_rate,minikube,prometheus-monitoring-kube-prometheus-prometheus-0,monitoring,/kubepods/besteffort/pod6bff50b8-f988-4ff2-a8c1-8f95f2c25189,1780921608,0.010304474182211849
cpu_rate,minikube,storage-provisioner,kube-system,/kubepods/besteffort/pod9bffcac8-a0cd-49a4-ad59-cdbf60a579cb,1780921608,0.001353436006164293
cpu_rate,minikube,monitoring-grafana-6f66955c48-hlrcn,monitoring,/kubepods/besteffort/pod9d3fe3f0-8989-47b4-8478-0ae7be66df8d,1780921608,0.010374611770327308
cpu_rate,minikube,chaos-daemon-n6ghj,chaos-testing,/kubepods/besteffort/poda051be83-a7cd-43e4-83d3-76f3c90e8474,1780921608,2.7190449427315312e-05
cpu_rate,minikube,monitoring-kube-prometheus-operator-556b56cc6d-n6dg9,monitoring,/kubepods/besteffort/podc8122519-a592-495f-9353-00a2f23fdf80,1780921608,0.002243241498747529
cpu_rate,minikube,monitoring-prometheus-node-exporter-pdw8p,monitoring,/kubepods/besteffort/podd35abb3b-34f0-40fa-af55-3ab246fc64c8,1780921608,0.0008744971521886094
cpu_rate,minikube,kube-scheduler-minikube,kube-system,/kubepods/burstable/pod1c7123a121598343200ffd5b015ca580,1780921608,0.00434369056380162
cpu_rate,minikube,shippingservice-55656785c7-lk4mx,boutique,/kubepods/burstable/pod1df51271-c9ea-47fa-8fb2-cf15bbc7c216,1780921608,0.0007503637867320028
cpu_rate,minikube,chaos-controller-manager-659785674d-29q42,chaos-testing,/kubepods/burstable/pod21ab858c-cee8-438c-8682-c786dc3dc044,1780921608,0.0004416023364268999
cpu_rate,minikube,chaos-controller-manager-659785674d-fjb2r,chaos-testing,/kubepods/burstable/pod2569141a-4d05-422e-bcf2-2f01e2f5056d,1780921608,0.004755136114674476
cpu_rate,minikube,coredns-7d764666f9-hxxb8,kube-system,/kubepods/burstable/pod596c18fb-891c-4e87-9b11-83d99dd6d264,1780921608,0.0016061584982059941
cpu_rate,minikube,recommendationservice-6f8f67d69-fhrns,boutique,/kubepods/burstable/pod5ded7b1a-44d9-4178-8596-57a9e25f6171,1780921608,0.004998388101009778
cpu_rate,minikube,etcd-minikube,kube-system,/kubepods/burstable/pod5ff8e3b06bbaa8cb7ebc2bf531e48a2f,1780921608,0.02395776172168864
cpu_rate,minikube,emailservice-7466dc585-sv4wh,boutique,/kubepods/burstable/pod6116940a-da83-4761-97dc-892a207b789e,1780921608,0.0012915619831287634
cpu_rate,minikube,cartservice-546c548494-cb4lb,boutique,/kubepods/burstable/pod6ec732c5-cf34-4e25-a3ce-ff4b44ce8d19,1780921608,0.003747893022796779
cpu_rate,minikube,kube-controller-manager-minikube,kube-system,/kubepods/burstable/pod740363cf4388c2d0df59fc97f96b889c,1780921608,0.011510208791316485
cpu_rate,minikube,chaos-dashboard-5b77585c6c-zm7f4,chaos-testing,/kubepods/burstable/pod7d3e8284-7c72-4577-a8fb-79d957f69104,1780921608,0.0019337980233112744
cpu_rate,minikube,chaos-dns-server-6bccb5bb76-gscmn,chaos-testing,/kubepods/burstable/pod8a82a436-ef3f-4750-8f39-dbfde680d0b8,1780921608,0.0017778425970085665
cpu_rate,minikube,coredns-7d764666f9-gmlgd,kube-system,/kubepods/burstable/pod9289fad3-6e91-4617-b97d-6da4631c2f35,1780921608,0.0020038706084373236
cpu_rate,minikube,adservice-8576649cff-5bvst,boutique,/kubepods/burstable/pod9d685cd3-17df-43af-a26e-7743c006902d,1780921608,0.0012778300407650762
cpu_rate,minikube,kube-apiserver-minikube,kube-system,/kubepods/burstable/poda6dc00f40d27725f15407f95751ce5f7,1780921608,0.04412790406934278
cpu_rate,minikube,alertmanager-monitoring-kube-prometheus-alertmanager-0,monitoring,/kubepods/burstable/podb5fde93f-2f9a-427f-aa16-8a257f179975,1780921608,0.0006036530314605479
cpu_rate,minikube,currencyservice-fd8f5dfb7-js8gr,boutique,/kubepods/burstable/podc827ec2d-8a9d-4e1c-8017-62c3901eccb4,1780921608,0.007814915703966344
cpu_rate,minikube,redis-cart-6899b65948-ms767,boutique,/kubepods/burstable/podd425db0f-53f9-4bec-9ee1-49e4ced03bb6,1780921608,0.001733841127381527
cpu_rate,minikube,chaos-controller-manager-659785674d-wbwg8,chaos-testing,/kubepods/burstable/podd7abbfc2-2af5-4b28-b438-3ebef4bafcce,1780921608,0.0011327791405469243
cpu_rate,minikube,paymentservice-6b76dfb449-n8mm2,boutique,/kubepods/burstable/podd9986049-5066-4a99-a156-0bc7b2391961,1780921608,0.00039045416666664396
cpu_rate,minikube,checkoutservice-75b9cd684f-vzdsz,boutique,/kubepods/burstable/pod5827d8c7-6a98-4352-9825-164648474ddc,1780921608,0.00076003451912937
cpu_rate,minikube,frontend-694b9f76cd-z2pk6,boutique,/kubepods/burstable/podcf6049c2-3667-4622-87ba-b06efa553d48,1780921608,0.009025834396994897
cpu_rate,minikube,productcatalogservice-fb49fc9cc-wptz6,boutique,/kubepods/burstable/pode9d4586d-6739-497d-ae8d-4fd70972eea8,1780921608,0.004112888471437834
cpu_rate,minikube,loadgenerator-7694cd65db-bdz8c,boutique,/kubepods/burstable/pod38d6ef8e-d456-4bd4-95a0-ea6760631a9d,1780921608,0.0027140736923473635
memory_working_set,minikube,kube-proxy-fshvh,kube-system,/kubepods/besteffort/pod2f4efb93-ee48-4c37-b1e1-6f2e54a917c7,1780921608,38981632.0
memory_working_set,minikube,monitoring-kube-state-metrics-868694bc4b-689cm,monitoring,/kubepods/besteffort/pod59c52cc8-67e3-4946-aac6-7ff0ef74285f,1780921608,38256640.0
memory_working_set,minikube,prometheus-monitoring-kube-prometheus-prometheus-0,monitoring,/kubepods/besteffort/pod6bff50b8-f988-4ff2-a8c1-8f95f2c25189,1780921608,326713344.0
memory_working_set,minikube,storage-provisioner,kube-system,/kubepods/besteffort/pod9bffcac8-a0cd-49a4-ad59-cdbf60a579cb,1780921608,20881408.0
memory_working_set,minikube,monitoring-grafana-6f66955c48-hlrcn,monitoring,/kubepods/besteffort/pod9d3fe3f0-8989-47b4-8478-0ae7be66df8d,1780921608,404353024.0
memory_working_set,minikube,chaos-daemon-n6ghj,chaos-testing,/kubepods/besteffort/poda051be83-a7cd-43e4-83d3-76f3c90e8474,1780921608,19193856.0
memory_working_set,minikube,monitoring-kube-prometheus-operator-556b56cc6d-n6dg9,monitoring,/kubepods/besteffort/podc8122519-a592-495f-9353-00a2f23fdf80,1780921608,40194048.0
memory_working_set,minikube,monitoring-prometheus-node-exporter-pdw8p,monitoring,/kubepods/besteffort/podd35abb3b-34f0-40fa-af55-3ab246fc64c8,1780921608,19513344.0
memory_working_set,minikube,kube-scheduler-minikube,kube-system,/kubepods/burstable/pod1c7123a121598343200ffd5b015ca580,1780921608,40878080.0
memory_working_set,minikube,shippingservice-55656785c7-lk4mx,boutique,/kubepods/burstable/pod1df51271-c9ea-47fa-8fb2-cf15bbc7c216,1780921608,15691776.0
memory_working_set,minikube,chaos-controller-manager-659785674d-29q42,chaos-testing,/kubepods/burstable/pod21ab858c-cee8-438c-8682-c786dc3dc044,1780921608,29573120.0
memory_working_set,minikube,chaos-controller-manager-659785674d-fjb2r,chaos-testing,/kubepods/burstable/pod2569141a-4d05-422e-bcf2-2f01e2f5056d,1780921608,36524032.0
memory_working_set,minikube,coredns-7d764666f9-hxxb8,kube-system,/kubepods/burstable/pod596c18fb-891c-4e87-9b11-83d99dd6d264,1780921608,39067648.0
memory_working_set,minikube,recommendationservice-6f8f67d69-fhrns,boutique,/kubepods/burstable/pod5ded7b1a-44d9-4178-8596-57a9e25f6171,1780921608,57823232.0
memory_working_set,minikube,etcd-minikube,kube-system,/kubepods/burstable/pod5ff8e3b06bbaa8cb7ebc2bf531e48a2f,1780921608,89395200.0
memory_working_set,minikube,emailservice-7466dc585-sv4wh,boutique,/kubepods/burstable/pod6116940a-da83-4761-97dc-892a207b789e,1780921608,53186560.0
memory_working_set,minikube,cartservice-546c548494-cb4lb,boutique,/kubepods/burstable/pod6ec732c5-cf34-4e25-a3ce-ff4b44ce8d19,1780921608,71598080.0
memory_working_set,minikube,kube-controller-manager-minikube,kube-system,/kubepods/burstable/pod740363cf4388c2d0df59fc97f96b889c,1780921608,96088064.0
memory_working_set,minikube,chaos-dashboard-5b77585c6c-zm7f4,chaos-testing,/kubepods/burstable/pod7d3e8284-7c72-4577-a8fb-79d957f69104,1780921608,48250880.0
memory_working_set,minikube,chaos-dns-server-6bccb5bb76-gscmn,chaos-testing,/kubepods/burstable/pod8a82a436-ef3f-4750-8f39-dbfde680d0b8,1780921608,28274688.0
memory_working_set,minikube,coredns-7d764666f9-gmlgd,kube-system,/kubepods/burstable/pod9289fad3-6e91-4617-b97d-6da4631c2f35,1780921608,31641600.0
memory_working_set,minikube,adservice-8576649cff-5bvst,boutique,/kubepods/burstable/pod9d685cd3-17df-43af-a26e-7743c006902d,1780921608,112345088.0
memory_working_set,minikube,kube-apiserver-minikube,kube-system,/kubepods/burstable/poda6dc00f40d27725f15407f95751ce5f7,1780921608,537661440.0
memory_working_set,minikube,alertmanager-monitoring-kube-prometheus-alertmanager-0,monitoring,/kubepods/burstable/podb5fde93f-2f9a-427f-aa16-8a257f179975,1780921608,52940800.0
memory_working_set,minikube,currencyservice-fd8f5dfb7-js8gr,boutique,/kubepods/burstable/podc827ec2d-8a9d-4e1c-8017-62c3901eccb4,1780921608,115924992.0
memory_working_set,minikube,redis-cart-6899b65948-ms767,boutique,/kubepods/burstable/podd425db0f-53f9-4bec-9ee1-49e4ced03bb6,1780921608,13557760.0
memory_working_set,minikube,chaos-controller-manager-659785674d-wbwg8,chaos-testing,/kubepods/burstable/podd7abbfc2-2af5-4b28-b438-3ebef4bafcce,1780921608,27942912.0
memory_working_set,minikube,paymentservice-6b76dfb449-n8mm2,boutique,/kubepods/burstable/podd9986049-5066-4a99-a156-0bc7b2391961,1780921608,88391680.0
memory_working_set,minikube,checkoutservice-75b9cd684f-vzdsz,boutique,/kubepods/burstable/pod5827d8c7-6a98-4352-9825-164648474ddc,1780921608,17399808.0
memory_working_set,minikube,frontend-694b9f76cd-z2pk6,boutique,/kubepods/burstable/podcf6049c2-3667-4622-87ba-b06efa553d48,1780921608,24186880.0
memory_working_set,minikube,productcatalogservice-fb49fc9cc-wptz6,boutique,/kubepods/burstable/pode9d4586d-6739-497d-ae8d-4fd70972eea8,1780921608,18477056.0
memory_working_set,minikube,loadgenerator-7694cd65db-bdz8c,boutique,/kubepods/burstable/pod38d6ef8e-d456-4bd4-95a0-ea6760631a9d,1780921608,77881344.0
cpu_rate,minikube,kube-proxy-fshvh,kube-system,/kubepods/besteffort/pod2f4efb93-ee48-4c37-b1e1-6f2e54a917c7,1780921637,0.0006793922744621079
cpu_rate,minikube,monitoring-kube-state-metrics-868694bc4b-689cm,monitoring,/kubepods/besteffort/pod59c52cc8-67e3-4946-aac6-7ff0ef74285f,1780921637,0.000758073449208774
cpu_rate,minikube,prometheus-monitoring-kube-prometheus-prometheus-0,monitoring,/kubepods/besteffort/pod6bff50b8-f988-4ff2-a8c1-8f95f2c25189,1780921637,0.01055471914836876
cpu_rate,minikube,storage-provisioner,kube-system,/kubepods/besteffort/pod9bffcac8-a0cd-49a4-ad59-cdbf60a579cb,1780921637,0.0014994814901776992
cpu_rate,minikube,monitoring-grafana-6f66955c48-hlrcn,monitoring,/kubepods/besteffort/pod9d3fe3f0-8989-47b4-8478-0ae7be66df8d,1780921637,0.009905088106317418
cpu_rate,minikube,chaos-daemon-n6ghj,chaos-testing,/kubepods/besteffort/poda051be83-a7cd-43e4-83d3-76f3c90e8474,1780921637,2.718965901493286e-05
cpu_rate,minikube,monitoring-kube-prometheus-operator-556b56cc6d-n6dg9,monitoring,/kubepods/besteffort/podc8122519-a592-495f-9353-00a2f23fdf80,1780921637,0.0024283556838493522
cpu_rate,minikube,monitoring-prometheus-node-exporter-pdw8p,monitoring,/kubepods/besteffort/podd35abb3b-34f0-40fa-af55-3ab246fc64c8,1780921637,0.0009288094825565575
cpu_rate,minikube,kube-scheduler-minikube,kube-system,/kubepods/burstable/pod1c7123a121598343200ffd5b015ca580,1780921637,0.004415940922315335
cpu_rate,minikube,shippingservice-55656785c7-lk4mx,boutique,/kubepods/burstable/pod1df51271-c9ea-47fa-8fb2-cf15bbc7c216,1780921637,0.0007889225116178854
cpu_rate,minikube,chaos-controller-manager-659785674d-29q42,chaos-testing,/kubepods/burstable/pod21ab858c-cee8-438c-8682-c786dc3dc044,1780921637,0.00044421322353024797
cpu_rate,minikube,chaos-controller-manager-659785674d-fjb2r,chaos-testing,/kubepods/burstable/pod2569141a-4d05-422e-bcf2-2f01e2f5056d,1780921637,0.005021656735727882
cpu_rate,minikube,coredns-7d764666f9-hxxb8,kube-system,/kubepods/burstable/pod596c18fb-891c-4e87-9b11-83d99dd6d264,1780921637,0.001971988953921178
cpu_rate,minikube,recommendationservice-6f8f67d69-fhrns,boutique,/kubepods/burstable/pod5ded7b1a-44d9-4178-8596-57a9e25f6171,1780921637,0.005146680893749395
cpu_rate,minikube,etcd-minikube,kube-system,/kubepods/burstable/pod5ff8e3b06bbaa8cb7ebc2bf531e48a2f,1780921637,0.02429509453804533
cpu_rate,minikube,emailservice-7466dc585-sv4wh,boutique,/kubepods/burstable/pod6116940a-da83-4761-97dc-892a207b789e,1780921637,0.0015249463084044865
cpu_rate,minikube,cartservice-546c548494-cb4lb,boutique,/kubepods/burstable/pod6ec732c5-cf34-4e25-a3ce-ff4b44ce8d19,1780921637,0.0037938427227769893
cpu_rate,minikube,kube-controller-manager-minikube,kube-system,/kubepods/burstable/pod740363cf4388c2d0df59fc97f96b889c,1780921637,0.011904209040361841
cpu_rate,minikube,chaos-dashboard-5b77585c6c-zm7f4,chaos-testing,/kubepods/burstable/pod7d3e8284-7c72-4577-a8fb-79d957f69104,1780921637,0.001683752777777789
cpu_rate,minikube,chaos-dns-server-6bccb5bb76-gscmn,chaos-testing,/kubepods/burstable/pod8a82a436-ef3f-4750-8f39-dbfde680d0b8,1780921637,0.001875988989602337
cpu_rate,minikube,coredns-7d764666f9-gmlgd,kube-system,/kubepods/burstable/pod9289fad3-6e91-4617-b97d-6da4631c2f35,1780921637,0.0016834708333333657
cpu_rate,minikube,adservice-8576649cff-5bvst,boutique,/kubepods/burstable/pod9d685cd3-17df-43af-a26e-7743c006902d,1780921637,0.0013700821155715874
cpu_rate,minikube,kube-apiserver-minikube,kube-system,/kubepods/burstable/poda6dc00f40d27725f15407f95751ce5f7,1780921637,0.04719156451783547
cpu_rate,minikube,alertmanager-monitoring-kube-prometheus-alertmanager-0,monitoring,/kubepods/burstable/podb5fde93f-2f9a-427f-aa16-8a257f179975,1780921637,0.0007118936979146758
cpu_rate,minikube,currencyservice-fd8f5dfb7-js8gr,boutique,/kubepods/burstable/podc827ec2d-8a9d-4e1c-8017-62c3901eccb4,1780921637,0.006182769674183553
cpu_rate,minikube,redis-cart-6899b65948-ms767,boutique,/kubepods/burstable/podd425db0f-53f9-4bec-9ee1-49e4ced03bb6,1780921637,0.0017732407146656374
cpu_rate,minikube,chaos-controller-manager-659785674d-wbwg8,chaos-testing,/kubepods/burstable/podd7abbfc2-2af5-4b28-b438-3ebef4bafcce,1780921637,0.0009531719925711787
cpu_rate,minikube,paymentservice-6b76dfb449-n8mm2,boutique,/kubepods/burstable/podd9986049-5066-4a99-a156-0bc7b2391961,1780921637,0.0004968443830771659
cpu_rate,minikube,checkoutservice-75b9cd684f-vzdsz,boutique,/kubepods/burstable/pod5827d8c7-6a98-4352-9825-164648474ddc,1780921637,0.0008935619673477723
cpu_rate,minikube,frontend-694b9f76cd-z2pk6,boutique,/kubepods/burstable/podcf6049c2-3667-4622-87ba-b06efa553d48,1780921637,0.010062905942547107
cpu_rate,minikube,productcatalogservice-fb49fc9cc-wptz6,boutique,/kubepods/burstable/pode9d4586d-6739-497d-ae8d-4fd70972eea8,1780921637,0.004644921143309136
cpu_rate,minikube,loadgenerator-7694cd65db-bdz8c,boutique,/kubepods/burstable/pod38d6ef8e-d456-4bd4-95a0-ea6760631a9d,1780921637,0.0028881323437853967
memory_working_set,minikube,kube-proxy-fshvh,kube-system,/kubepods/besteffort/pod2f4efb93-ee48-4c37-b1e1-6f2e54a917c7,1780921637,39260160.0
memory_working_set,minikube,monitoring-kube-state-metrics-868694bc4b-689cm,monitoring,/kubepods/besteffort/pod59c52cc8-67e3-4946-aac6-7ff0ef74285f,1780921637,38256640.0
memory_working_set,minikube,prometheus-monitoring-kube-prometheus-prometheus-0,monitoring,/kubepods/besteffort/pod6bff50b8-f988-4ff2-a8c1-8f95f2c25189,1780921637,317493248.0
memory_working_set,minikube,storage-provisioner,kube-system,/kubepods/besteffort/pod9bffcac8-a0cd-49a4-ad59-cdbf60a579cb,1780921637,20660224.0
memory_working_set,minikube,monitoring-grafana-6f66955c48-hlrcn,monitoring,/kubepods/besteffort/pod9d3fe3f0-8989-47b4-8478-0ae7be66df8d,1780921637,404353024.0
memory_working_set,minikube,chaos-daemon-n6ghj,chaos-testing,/kubepods/besteffort/poda051be83-a7cd-43e4-83d3-76f3c90e8474,1780921637,19193856.0
memory_working_set,minikube,monitoring-kube-prometheus-operator-556b56cc6d-n6dg9,monitoring,/kubepods/besteffort/podc8122519-a592-495f-9353-00a2f23fdf80,1780921637,40185856.0
memory_working_set,minikube,monitoring-prometheus-node-exporter-pdw8p,monitoring,/kubepods/besteffort/podd35abb3b-34f0-40fa-af55-3ab246fc64c8,1780921637,19632128.0
memory_working_set,minikube,kube-scheduler-minikube,kube-system,/kubepods/burstable/pod1c7123a121598343200ffd5b015ca580,1780921637,40873984.0
memory_working_set,minikube,shippingservice-55656785c7-lk4mx,boutique,/kubepods/burstable/pod1df51271-c9ea-47fa-8fb2-cf15bbc7c216,1780921637,15183872.0
memory_working_set,minikube,chaos-controller-manager-659785674d-29q42,chaos-testing,/kubepods/burstable/pod21ab858c-cee8-438c-8682-c786dc3dc044,1780921637,29573120.0
memory_working_set,minikube,chaos-controller-manager-659785674d-fjb2r,chaos-testing,/kubepods/burstable/pod2569141a-4d05-422e-bcf2-2f01e2f5056d,1780921637,36524032.0
memory_working_set,minikube,coredns-7d764666f9-hxxb8,kube-system,/kubepods/burstable/pod596c18fb-891c-4e87-9b11-83d99dd6d264,1780921637,39079936.0
memory_working_set,minikube,recommendationservice-6f8f67d69-fhrns,boutique,/kubepods/burstable/pod5ded7b1a-44d9-4178-8596-57a9e25f6171,1780921637,57823232.0
memory_working_set,minikube,etcd-minikube,kube-system,/kubepods/burstable/pod5ff8e3b06bbaa8cb7ebc2bf531e48a2f,1780921637,89653248.0
memory_working_set,minikube,emailservice-7466dc585-sv4wh,boutique,/kubepods/burstable/pod6116940a-da83-4761-97dc-892a207b789e,1780921637,53186560.0
memory_working_set,minikube,cartservice-546c548494-cb4lb,boutique,/kubepods/burstable/pod6ec732c5-cf34-4e25-a3ce-ff4b44ce8d19,1780921637,71565312.0
memory_working_set,minikube,kube-controller-manager-minikube,kube-system,/kubepods/burstable/pod740363cf4388c2d0df59fc97f96b889c,1780921637,96092160.0
memory_working_set,minikube,chaos-dashboard-5b77585c6c-zm7f4,chaos-testing,/kubepods/burstable/pod7d3e8284-7c72-4577-a8fb-79d957f69104,1780921637,48250880.0
memory_working_set,minikube,chaos-dns-server-6bccb5bb76-gscmn,chaos-testing,/kubepods/burstable/pod8a82a436-ef3f-4750-8f39-dbfde680d0b8,1780921637,28532736.0
memory_working_set,minikube,coredns-7d764666f9-gmlgd,kube-system,/kubepods/burstable/pod9289fad3-6e91-4617-b97d-6da4631c2f35,1780921637,31637504.0
memory_working_set,minikube,adservice-8576649cff-5bvst,boutique,/kubepods/burstable/pod9d685cd3-17df-43af-a26e-7743c006902d,1780921637,112345088.0
memory_working_set,minikube,kube-apiserver-minikube,kube-system,/kubepods/burstable/poda6dc00f40d27725f15407f95751ce5f7,1780921637,582680576.0
memory_working_set,minikube,alertmanager-monitoring-kube-prometheus-alertmanager-0,monitoring,/kubepods/burstable/podb5fde93f-2f9a-427f-aa16-8a257f179975,1780921637,54079488.0
memory_working_set,minikube,currencyservice-fd8f5dfb7-js8gr,boutique,/kubepods/burstable/podc827ec2d-8a9d-4e1c-8017-62c3901eccb4,1780921637,116342784.0
memory_working_set,minikube,redis-cart-6899b65948-ms767,boutique,/kubepods/burstable/podd425db0f-53f9-4bec-9ee1-49e4ced03bb6,1780921637,13819904.0
memory_working_set,minikube,chaos-controller-manager-659785674d-wbwg8,chaos-testing,/kubepods/burstable/podd7abbfc2-2af5-4b28-b438-3ebef4bafcce,1780921637,27947008.0
memory_working_set,minikube,paymentservice-6b76dfb449-n8mm2,boutique,/kubepods/burstable/podd9986049-5066-4a99-a156-0bc7b2391961,1780921637,88190976.0
memory_working_set,minikube,checkoutservice-75b9cd684f-vzdsz,boutique,/kubepods/burstable/pod5827d8c7-6a98-4352-9825-164648474ddc,1780921637,17399808.0
memory_working_set,minikube,frontend-694b9f76cd-z2pk6,boutique,/kubepods/burstable/podcf6049c2-3667-4622-87ba-b06efa553d48,1780921637,24092672.0
memory_working_set,minikube,productcatalogservice-fb49fc9cc-wptz6,boutique,/kubepods/burstable/pode9d4586d-6739-497d-ae8d-4fd70972eea8,1780921637,18653184.0
memory_working_set,minikube,loadgenerator-7694cd65db-bdz8c,boutique,/kubepods/burstable/pod38d6ef8e-d456-4bd4-95a0-ea6760631a9d,1780921637,77889536.0
cpu_rate,minikube,kube-proxy-fshvh,kube-system,/kubepods/besteffort/pod2f4efb93-ee48-4c37-b1e1-6f2e54a917c7,1780921666,0.0007693061975945873
cpu_rate,minikube,monitoring-kube-state-metrics-868694bc4b-689cm,monitoring,/kubepods/besteffort/pod59c52cc8-67e3-4946-aac6-7ff0ef74285f,1780921666,0.0008112586037364563
cpu_rate,minikube,prometheus-monitoring-kube-prometheus-prometheus-0,monitoring,/kubepods/besteffort/pod6bff50b8-f988-4ff2-a8c1-8f95f2c25189,1780921666,0.01097291794642424
cpu_rate,minikube,storage-provisioner,kube-system,/kubepods/besteffort/pod9bffcac8-a0cd-49a4-ad59-cdbf60a579cb,1780921666,0.0013987582573794016
cpu_rate,minikube,monitoring-grafana-6f66955c48-hlrcn,monitoring,/kubepods/besteffort/pod9d3fe3f0-8989-47b4-8478-0ae7be66df8d,1780921666,0.009354662403762756
cpu_rate,minikube,chaos-daemon-n6ghj,chaos-testing,/kubepods/besteffort/poda051be83-a7cd-43e4-83d3-76f3c90e8474,1780921666,2.445351802509327e-05
cpu_rate,minikube,monitoring-kube-prometheus-operator-556b56cc6d-n6dg9,monitoring,/kubepods/besteffort/podc8122519-a592-495f-9353-00a2f23fdf80,1780921666,0.0026872035907859167
cpu_rate,minikube,monitoring-prometheus-node-exporter-pdw8p,monitoring,/kubepods/besteffort/podd35abb3b-34f0-40fa-af55-3ab246fc64c8,1780921666,0.0009563590141938806
cpu_rate,minikube,kube-scheduler-minikube,kube-system,/kubepods/burstable/pod1c7123a121598343200ffd5b015ca580,1780921666,0.0044247899933145506
cpu_rate,minikube,shippingservice-55656785c7-lk4mx,boutique,/kubepods/burstable/pod1df51271-c9ea-47fa-8fb2-cf15bbc7c216,1780921666,0.0007474317166500205
cpu_rate,minikube,chaos-controller-manager-659785674d-29q42,chaos-testing,/kubepods/burstable/pod21ab858c-cee8-438c-8682-c786dc3dc044,1780921666,0.0003750567848682267
cpu_rate,minikube,chaos-controller-manager-659785674d-fjb2r,chaos-testing,/kubepods/burstable/pod2569141a-4d05-422e-bcf2-2f01e2f5056d,1780921666,0.005158212872934315
cpu_rate,minikube,coredns-7d764666f9-hxxb8,kube-system,/kubepods/burstable/pod596c18fb-891c-4e87-9b11-83d99dd6d264,1780921666,0.0021833718967617446
cpu_rate,minikube,recommendationservice-6f8f67d69-fhrns,boutique,/kubepods/burstable/pod5ded7b1a-44d9-4178-8596-57a9e25f6171,1780921666,0.005552182038447282
cpu_rate,minikube,etcd-minikube,kube-system,/kubepods/burstable/pod5ff8e3b06bbaa8cb7ebc2bf531e48a2f,1780921666,0.024946692103588936
cpu_rate,minikube,emailservice-7466dc585-sv4wh,boutique,/kubepods/burstable/pod6116940a-da83-4761-97dc-892a207b789e,1780921666,0.0015725098455463985
cpu_rate,minikube,cartservice-546c548494-cb4lb,boutique,/kubepods/burstable/pod6ec732c5-cf34-4e25-a3ce-ff4b44ce8d19,1780921666,0.0033023337185855693
cpu_rate,minikube,kube-controller-manager-minikube,kube-system,/kubepods/burstable/pod740363cf4388c2d0df59fc97f96b889c,1780921666,0.010996952587357165
cpu_rate,minikube,chaos-dashboard-5b77585c6c-zm7f4,chaos-testing,/kubepods/burstable/pod7d3e8284-7c72-4577-a8fb-79d957f69104,1780921666,0.0019313115161056292
cpu_rate,minikube,chaos-dns-server-6bccb5bb76-gscmn,chaos-testing,/kubepods/burstable/pod8a82a436-ef3f-4750-8f39-dbfde680d0b8,1780921666,0.002032131962261877
cpu_rate,minikube,coredns-7d764666f9-gmlgd,kube-system,/kubepods/burstable/pod9289fad3-6e91-4617-b97d-6da4631c2f35,1780921666,0.0019085191211592966
cpu_rate,minikube,adservice-8576649cff-5bvst,boutique,/kubepods/burstable/pod9d685cd3-17df-43af-a26e-7743c006902d,1780921666,0.0013669407143509036
cpu_rate,minikube,kube-apiserver-minikube,kube-system,/kubepods/burstable/poda6dc00f40d27725f15407f95751ce5f7,1780921666,0.050480870657771404
cpu_rate,minikube,alertmanager-monitoring-kube-prometheus-alertmanager-0,monitoring,/kubepods/burstable/podb5fde93f-2f9a-427f-aa16-8a257f179975,1780921666,0.0007539963976134005
cpu_rate,minikube,currencyservice-fd8f5dfb7-js8gr,boutique,/kubepods/burstable/podc827ec2d-8a9d-4e1c-8017-62c3901eccb4,1780921666,0.005568727645246428
cpu_rate,minikube,redis-cart-6899b65948-ms767,boutique,/kubepods/burstable/podd425db0f-53f9-4bec-9ee1-49e4ced03bb6,1780921666,0.0018207950427978673
cpu_rate,minikube,chaos-controller-manager-659785674d-wbwg8,chaos-testing,/kubepods/burstable/podd7abbfc2-2af5-4b28-b438-3ebef4bafcce,1780921666,0.0003540540733794683
cpu_rate,minikube,paymentservice-6b76dfb449-n8mm2,boutique,/kubepods/burstable/podd9986049-5066-4a99-a156-0bc7b2391961,1780921666,0.0005341636084666283
cpu_rate,minikube,checkoutservice-75b9cd684f-vzdsz,boutique,/kubepods/burstable/pod5827d8c7-6a98-4352-9825-164648474ddc,1780921666,0.0007650280735516603
cpu_rate,minikube,frontend-694b9f76cd-z2pk6,boutique,/kubepods/burstable/podcf6049c2-3667-4622-87ba-b06efa553d48,1780921666,0.01089411601057147
cpu_rate,minikube,productcatalogservice-fb49fc9cc-wptz6,boutique,/kubepods/burstable/pode9d4586d-6739-497d-ae8d-4fd70972eea8,1780921666,0.005061467499161754
cpu_rate,minikube,loadgenerator-7694cd65db-bdz8c,boutique,/kubepods/burstable/pod38d6ef8e-d456-4bd4-95a0-ea6760631a9d,1780921666,0.002871434819426312
memory_working_set,minikube,kube-proxy-fshvh,kube-system,/kubepods/besteffort/pod2f4efb93-ee48-4c37-b1e1-6f2e54a917c7,1780921666,39325696.0
memory_working_set,minikube,monitoring-kube-state-metrics-868694bc4b-689cm,monitoring,/kubepods/besteffort/pod59c52cc8-67e3-4946-aac6-7ff0ef74285f,1780921666,38252544.0
memory_working_set,minikube,prometheus-monitoring-kube-prometheus-prometheus-0,monitoring,/kubepods/besteffort/pod6bff50b8-f988-4ff2-a8c1-8f95f2c25189,1780921666,318459904.0
memory_working_set,minikube,storage-provisioner,kube-system,/kubepods/besteffort/pod9bffcac8-a0cd-49a4-ad59-cdbf60a579cb,1780921666,20840448.0
memory_working_set,minikube,monitoring-grafana-6f66955c48-hlrcn,monitoring,/kubepods/besteffort/pod9d3fe3f0-8989-47b4-8478-0ae7be66df8d,1780921666,404389888.0
memory_working_set,minikube,chaos-daemon-n6ghj,chaos-testing,/kubepods/besteffort/poda051be83-a7cd-43e4-83d3-76f3c90e8474,1780921666,19193856.0
memory_working_set,minikube,monitoring-kube-prometheus-operator-556b56cc6d-n6dg9,monitoring,/kubepods/besteffort/podc8122519-a592-495f-9353-00a2f23fdf80,1780921666,40189952.0
memory_working_set,minikube,monitoring-prometheus-node-exporter-pdw8p,monitoring,/kubepods/besteffort/podd35abb3b-34f0-40fa-af55-3ab246fc64c8,1780921666,19361792.0
memory_working_set,minikube,kube-scheduler-minikube,kube-system,/kubepods/burstable/pod1c7123a121598343200ffd5b015ca580,1780921666,40878080.0
memory_working_set,minikube,shippingservice-55656785c7-lk4mx,boutique,/kubepods/burstable/pod1df51271-c9ea-47fa-8fb2-cf15bbc7c216,1780921666,15183872.0
memory_working_set,minikube,chaos-controller-manager-659785674d-29q42,chaos-testing,/kubepods/burstable/pod21ab858c-cee8-438c-8682-c786dc3dc044,1780921666,29577216.0
memory_working_set,minikube,chaos-controller-manager-659785674d-fjb2r,chaos-testing,/kubepods/burstable/pod2569141a-4d05-422e-bcf2-2f01e2f5056d,1780921666,36524032.0
memory_working_set,minikube,coredns-7d764666f9-hxxb8,kube-system,/kubepods/burstable/pod596c18fb-891c-4e87-9b11-83d99dd6d264,1780921666,39063552.0
memory_working_set,minikube,recommendationservice-6f8f67d69-fhrns,boutique,/kubepods/burstable/pod5ded7b1a-44d9-4178-8596-57a9e25f6171,1780921666,57827328.0
memory_working_set,minikube,etcd-minikube,kube-system,/kubepods/burstable/pod5ff8e3b06bbaa8cb7ebc2bf531e48a2f,1780921666,88236032.0
memory_working_set,minikube,emailservice-7466dc585-sv4wh,boutique,/kubepods/burstable/pod6116940a-da83-4761-97dc-892a207b789e,1780921666,53186560.0
memory_working_set,minikube,cartservice-546c548494-cb4lb,boutique,/kubepods/burstable/pod6ec732c5-cf34-4e25-a3ce-ff4b44ce8d19,1780921666,71561216.0
memory_working_set,minikube,kube-controller-manager-minikube,kube-system,/kubepods/burstable/pod740363cf4388c2d0df59fc97f96b889c,1780921666,96088064.0
memory_working_set,minikube,chaos-dashboard-5b77585c6c-zm7f4,chaos-testing,/kubepods/burstable/pod7d3e8284-7c72-4577-a8fb-79d957f69104,1780921666,48254976.0
memory_working_set,minikube,chaos-dns-server-6bccb5bb76-gscmn,chaos-testing,/kubepods/burstable/pod8a82a436-ef3f-4750-8f39-dbfde680d0b8,1780921666,28266496.0
memory_working_set,minikube,coredns-7d764666f9-gmlgd,kube-system,/kubepods/burstable/pod9289fad3-6e91-4617-b97d-6da4631c2f35,1780921666,31911936.0
memory_working_set,minikube,adservice-8576649cff-5bvst,boutique,/kubepods/burstable/pod9d685cd3-17df-43af-a26e-7743c006902d,1780921666,112345088.0
memory_working_set,minikube,kube-apiserver-minikube,kube-system,/kubepods/burstable/poda6dc00f40d27725f15407f95751ce5f7,1780921666,586014720.0
memory_working_set,minikube,alertmanager-monitoring-kube-prometheus-alertmanager-0,monitoring,/kubepods/burstable/podb5fde93f-2f9a-427f-aa16-8a257f179975,1780921666,54161408.0
memory_working_set,minikube,currencyservice-fd8f5dfb7-js8gr,boutique,/kubepods/burstable/podc827ec2d-8a9d-4e1c-8017-62c3901eccb4,1780921666,116322304.0
memory_working_set,minikube,redis-cart-6899b65948-ms767,boutique,/kubepods/burstable/podd425db0f-53f9-4bec-9ee1-49e4ced03bb6,1780921666,13819904.0
memory_working_set,minikube,chaos-controller-manager-659785674d-wbwg8,chaos-testing,/kubepods/burstable/podd7abbfc2-2af5-4b28-b438-3ebef4bafcce,1780921666,27947008.0
memory_working_set,minikube,paymentservice-6b76dfb449-n8mm2,boutique,/kubepods/burstable/podd9986049-5066-4a99-a156-0bc7b2391961,1780921666,88719360.0
memory_working_set,minikube,checkoutservice-75b9cd684f-vzdsz,boutique,/kubepods/burstable/pod5827d8c7-6a98-4352-9825-164648474ddc,1780921666,17399808.0
memory_working_set,minikube,frontend-694b9f76cd-z2pk6,boutique,/kubepods/burstable/podcf6049c2-3667-4622-87ba-b06efa553d48,1780921666,23748608.0
memory_working_set,minikube,productcatalogservice-fb49fc9cc-wptz6,boutique,/kubepods/burstable/pode9d4586d-6739-497d-ae8d-4fd70972eea8,1780921666,18624512.0
memory_working_set,minikube,loadgenerator-7694cd65db-bdz8c,boutique,/kubepods/burstable/pod38d6ef8e-d456-4bd4-95a0-ea6760631a9d,1780921666,78151680.0
cpu_rate,minikube,kube-proxy-fshvh,kube-system,/kubepods/besteffort/pod2f4efb93-ee48-4c37-b1e1-6f2e54a917c7,1780921696,0.000790423719943296
cpu_rate,minikube,monitoring-kube-state-metrics-868694bc4b-689cm,monitoring,/kubepods/besteffort/pod59c52cc8-67e3-4946-aac6-7ff0ef74285f,1780921696,0.000825378300465858
cpu_rate,minikube,prometheus-monitoring-kube-prometheus-prometheus-0,monitoring,/kubepods/besteffort/pod6bff50b8-f988-4ff2-a8c1-8f95f2c25189,1780921696,0.011620644379355827
cpu_rate,minikube,storage-provisioner,kube-system,/kubepods/besteffort/pod9bffcac8-a0cd-49a4-ad59-cdbf60a579cb,1780921696,0.0014358513809608912
cpu_rate,minikube,monitoring-grafana-6f66955c48-hlrcn,monitoring,/kubepods/besteffort/pod9d3fe3f0-8989-47b4-8478-0ae7be66df8d,1780921696,0.00942192414296553
cpu_rate,minikube,chaos-daemon-n6ghj,chaos-testing,/kubepods/besteffort/poda051be83-a7cd-43e4-83d3-76f3c90e8474,1780921696,2.574085692142902e-05
cpu_rate,minikube,monitoring-kube-prometheus-operator-556b56cc6d-n6dg9,monitoring,/kubepods/besteffort/podc8122519-a592-495f-9353-00a2f23fdf80,1780921696,0.002600122346875376
cpu_rate,minikube,monitoring-prometheus-node-exporter-pdw8p,monitoring,/kubepods/besteffort/podd35abb3b-34f0-40fa-af55-3ab246fc64c8,1780921696,0.0009011196057828164
cpu_rate,minikube,kube-scheduler-minikube,kube-system,/kubepods/burstable/pod1c7123a121598343200ffd5b015ca580,1780921696,0.0047319563362461506
cpu_rate,minikube,shippingservice-55656785c7-lk4mx,boutique,/kubepods/burstable/pod1df51271-c9ea-47fa-8fb2-cf15bbc7c216,1780921696,0.0007943954312326594
cpu_rate,minikube,chaos-controller-manager-659785674d-29q42,chaos-testing,/kubepods/burstable/pod21ab858c-cee8-438c-8682-c786dc3dc044,1780921696,0.00044215415045553203
cpu_rate,minikube,chaos-controller-manager-659785674d-fjb2r,chaos-testing,/kubepods/burstable/pod2569141a-4d05-422e-bcf2-2f01e2f5056d,1780921696,0.005357197332655352
cpu_rate,minikube,coredns-7d764666f9-hxxb8,kube-system,/kubepods/burstable/pod596c18fb-891c-4e87-9b11-83d99dd6d264,1780921696,0.0022219372908482754
cpu_rate,minikube,recommendationservice-6f8f67d69-fhrns,boutique,/kubepods/burstable/pod5ded7b1a-44d9-4178-8596-57a9e25f6171,1780921696,0.005694662465914951
cpu_rate,minikube,etcd-minikube,kube-system,/kubepods/burstable/pod5ff8e3b06bbaa8cb7ebc2bf531e48a2f,1780921696,0.025551581397122613
cpu_rate,minikube,emailservice-7466dc585-sv4wh,boutique,/kubepods/burstable/pod6116940a-da83-4761-97dc-892a207b789e,1780921696,0.0015324941451990454
cpu_rate,minikube,cartservice-546c548494-cb4lb,boutique,/kubepods/burstable/pod6ec732c5-cf34-4e25-a3ce-ff4b44ce8d19,1780921696,0.0033666524374478756
cpu_rate,minikube,kube-controller-manager-minikube,kube-system,/kubepods/burstable/pod740363cf4388c2d0df59fc97f96b889c,1780921696,0.011607229841638226
cpu_rate,minikube,chaos-dashboard-5b77585c6c-zm7f4,chaos-testing,/kubepods/burstable/pod7d3e8284-7c72-4577-a8fb-79d957f69104,1780921696,0.0020204992431696977
cpu_rate,minikube,chaos-dns-server-6bccb5bb76-gscmn,chaos-testing,/kubepods/burstable/pod8a82a436-ef3f-4750-8f39-dbfde680d0b8,1780921696,0.0020418203940654137
cpu_rate,minikube,coredns-7d764666f9-gmlgd,kube-system,/kubepods/burstable/pod9289fad3-6e91-4617-b97d-6da4631c2f35,1780921696,0.0021292388114810185
cpu_rate,minikube,adservice-8576649cff-5bvst,boutique,/kubepods/burstable/pod9d685cd3-17df-43af-a26e-7743c006902d,1780921696,0.0012599078939556875
cpu_rate,minikube,kube-apiserver-minikube,kube-system,/kubepods/burstable/poda6dc00f40d27725f15407f95751ce5f7,1780921696,0.055436537330981105
cpu_rate,minikube,alertmanager-monitoring-kube-prometheus-alertmanager-0,monitoring,/kubepods/burstable/podb5fde93f-2f9a-427f-aa16-8a257f179975,1780921696,0.0006967298039491861
cpu_rate,minikube,currencyservice-fd8f5dfb7-js8gr,boutique,/kubepods/burstable/podc827ec2d-8a9d-4e1c-8017-62c3901eccb4,1780921696,0.006725795412323974
cpu_rate,minikube,redis-cart-6899b65948-ms767,boutique,/kubepods/burstable/podd425db0f-53f9-4bec-9ee1-49e4ced03bb6,1780921696,0.0016599519085908447
cpu_rate,minikube,chaos-controller-manager-659785674d-wbwg8,chaos-testing,/kubepods/burstable/podd7abbfc2-2af5-4b28-b438-3ebef4bafcce,1780921696,0.0004983629878348555
cpu_rate,minikube,paymentservice-6b76dfb449-n8mm2,boutique,/kubepods/burstable/podd9986049-5066-4a99-a156-0bc7b2391961,1780921696,0.0005422336038176369
cpu_rate,minikube,checkoutservice-75b9cd684f-vzdsz,boutique,/kubepods/burstable/pod5827d8c7-6a98-4352-9825-164648474ddc,1780921696,0.0005856941643614612
cpu_rate,minikube,frontend-694b9f76cd-z2pk6,boutique,/kubepods/burstable/podcf6049c2-3667-4622-87ba-b06efa553d48,1780921696,0.011556586625848509
cpu_rate,minikube,productcatalogservice-fb49fc9cc-wptz6,boutique,/kubepods/burstable/pode9d4586d-6739-497d-ae8d-4fd70972eea8,1780921696,0.0047115550543265754
cpu_rate,minikube,loadgenerator-7694cd65db-bdz8c,boutique,/kubepods/burstable/pod38d6ef8e-d456-4bd4-95a0-ea6760631a9d,1780921696,0.002968735110823077
memory_working_set,minikube,kube-proxy-fshvh,kube-system,/kubepods/besteffort/pod2f4efb93-ee48-4c37-b1e1-6f2e54a917c7,1780921696,39387136.0
memory_working_set,minikube,monitoring-kube-state-metrics-868694bc4b-689cm,monitoring,/kubepods/besteffort/pod59c52cc8-67e3-4946-aac6-7ff0ef74285f,1780921696,38289408.0
memory_working_set,minikube,prometheus-monitoring-kube-prometheus-prometheus-0,monitoring,/kubepods/besteffort/pod6bff50b8-f988-4ff2-a8c1-8f95f2c25189,1780921696,322277376.0
memory_working_set,minikube,storage-provisioner,kube-system,/kubepods/besteffort/pod9bffcac8-a0cd-49a4-ad59-cdbf60a579cb,1780921696,20930560.0
memory_working_set,minikube,monitoring-grafana-6f66955c48-hlrcn,monitoring,/kubepods/besteffort/pod9d3fe3f0-8989-47b4-8478-0ae7be66df8d,1780921696,404389888.0
memory_working_set,minikube,chaos-daemon-n6ghj,chaos-testing,/kubepods/besteffort/poda051be83-a7cd-43e4-83d3-76f3c90e8474,1780921696,19193856.0
memory_working_set,minikube,monitoring-kube-prometheus-operator-556b56cc6d-n6dg9,monitoring,/kubepods/besteffort/podc8122519-a592-495f-9353-00a2f23fdf80,1780921696,40194048.0
memory_working_set,minikube,monitoring-prometheus-node-exporter-pdw8p,monitoring,/kubepods/besteffort/podd35abb3b-34f0-40fa-af55-3ab246fc64c8,1780921696,20566016.0
memory_working_set,minikube,kube-scheduler-minikube,kube-system,/kubepods/burstable/pod1c7123a121598343200ffd5b015ca580,1780921696,40878080.0
memory_working_set,minikube,shippingservice-55656785c7-lk4mx,boutique,/kubepods/burstable/pod1df51271-c9ea-47fa-8fb2-cf15bbc7c216,1780921696,15380480.0
memory_working_set,minikube,chaos-controller-manager-659785674d-29q42,chaos-testing,/kubepods/burstable/pod21ab858c-cee8-438c-8682-c786dc3dc044,1780921696,29573120.0
memory_working_set,minikube,chaos-controller-manager-659785674d-fjb2r,chaos-testing,/kubepods/burstable/pod2569141a-4d05-422e-bcf2-2f01e2f5056d,1780921696,36524032.0
memory_working_set,minikube,coredns-7d764666f9-hxxb8,kube-system,/kubepods/burstable/pod596c18fb-891c-4e87-9b11-83d99dd6d264,1780921696,39059456.0
memory_working_set,minikube,recommendationservice-6f8f67d69-fhrns,boutique,/kubepods/burstable/pod5ded7b1a-44d9-4178-8596-57a9e25f6171,1780921696,57819136.0
memory_working_set,minikube,etcd-minikube,kube-system,/kubepods/burstable/pod5ff8e3b06bbaa8cb7ebc2bf531e48a2f,1780921696,87961600.0
memory_working_set,minikube,emailservice-7466dc585-sv4wh,boutique,/kubepods/burstable/pod6116940a-da83-4761-97dc-892a207b789e,1780921696,53186560.0
memory_working_set,minikube,cartservice-546c548494-cb4lb,boutique,/kubepods/burstable/pod6ec732c5-cf34-4e25-a3ce-ff4b44ce8d19,1780921696,71553024.0
memory_working_set,minikube,kube-controller-manager-minikube,kube-system,/kubepods/burstable/pod740363cf4388c2d0df59fc97f96b889c,1780921696,96088064.0
memory_working_set,minikube,chaos-dashboard-5b77585c6c-zm7f4,chaos-testing,/kubepods/burstable/pod7d3e8284-7c72-4577-a8fb-79d957f69104,1780921696,48250880.0
memory_working_set,minikube,chaos-dns-server-6bccb5bb76-gscmn,chaos-testing,/kubepods/burstable/pod8a82a436-ef3f-4750-8f39-dbfde680d0b8,1780921696,28274688.0
memory_working_set,minikube,coredns-7d764666f9-gmlgd,kube-system,/kubepods/burstable/pod9289fad3-6e91-4617-b97d-6da4631c2f35,1780921696,32632832.0
memory_working_set,minikube,adservice-8576649cff-5bvst,boutique,/kubepods/burstable/pod9d685cd3-17df-43af-a26e-7743c006902d,1780921696,112467968.0
memory_working_set,minikube,kube-apiserver-minikube,kube-system,/kubepods/burstable/poda6dc00f40d27725f15407f95751ce5f7,1780921696,586092544.0
memory_working_set,minikube,alertmanager-monitoring-kube-prometheus-alertmanager-0,monitoring,/kubepods/burstable/podb5fde93f-2f9a-427f-aa16-8a257f179975,1780921696,54296576.0
memory_working_set,minikube,currencyservice-fd8f5dfb7-js8gr,boutique,/kubepods/burstable/podc827ec2d-8a9d-4e1c-8017-62c3901eccb4,1780921696,116629504.0
memory_working_set,minikube,redis-cart-6899b65948-ms767,boutique,/kubepods/burstable/podd425db0f-53f9-4bec-9ee1-49e4ced03bb6,1780921696,13819904.0
memory_working_set,minikube,chaos-controller-manager-659785674d-wbwg8,chaos-testing,/kubepods/burstable/podd7abbfc2-2af5-4b28-b438-3ebef4bafcce,1780921696,27987968.0
memory_working_set,minikube,paymentservice-6b76dfb449-n8mm2,boutique,/kubepods/burstable/podd9986049-5066-4a99-a156-0bc7b2391961,1780921696,89088000.0
memory_working_set,minikube,checkoutservice-75b9cd684f-vzdsz,boutique,/kubepods/burstable/pod5827d8c7-6a98-4352-9825-164648474ddc,1780921696,17399808.0
memory_working_set,minikube,frontend-694b9f76cd-z2pk6,boutique,/kubepods/burstable/podcf6049c2-3667-4622-87ba-b06efa553d48,1780921696,23412736.0
memory_working_set,minikube,productcatalogservice-fb49fc9cc-wptz6,boutique,/kubepods/burstable/pode9d4586d-6739-497d-ae8d-4fd70972eea8,1780921696,18931712.0
memory_working_set,minikube,loadgenerator-7694cd65db-bdz8c,boutique,/kubepods/burstable/pod38d6ef8e-d456-4bd4-95a0-ea6760631a9d,1780921696,77910016.0
cpu_rate,minikube,kube-proxy-fshvh,kube-system,/kubepods/besteffort/pod2f4efb93-ee48-4c37-b1e1-6f2e54a917c7,1780921725,0.0007770065275351629
cpu_rate,minikube,monitoring-kube-state-metrics-868694bc4b-689cm,monitoring,/kubepods/besteffort/pod59c52cc8-67e3-4946-aac6-7ff0ef74285f,1780921725,0.0008682942438730666
cpu_rate,minikube,prometheus-monitoring-kube-prometheus-prometheus-0,monitoring,/kubepods/besteffort/pod6bff50b8-f988-4ff2-a8c1-8f95f2c25189,1780921725,0.013432022509165685
cpu_rate,minikube,storage-provisioner,kube-system,/kubepods/besteffort/pod9bffcac8-a0cd-49a4-ad59-cdbf60a579cb,1780921725,0.001624845099234833
cpu_rate,minikube,monitoring-grafana-6f66955c48-hlrcn,monitoring,/kubepods/besteffort/pod9d3fe3f0-8989-47b4-8478-0ae7be66df8d,1780921725,0.010893629024812944
cpu_rate,minikube,chaos-daemon-n6ghj,chaos-testing,/kubepods/besteffort/poda051be83-a7cd-43e4-83d3-76f3c90e8474,1780921725,4.942057698048684e-05
cpu_rate,minikube,monitoring-kube-prometheus-operator-556b56cc6d-n6dg9,monitoring,/kubepods/besteffort/podc8122519-a592-495f-9353-00a2f23fdf80,1780921725,0.002836179161175271
cpu_rate,minikube,monitoring-prometheus-node-exporter-pdw8p,monitoring,/kubepods/besteffort/podd35abb3b-34f0-40fa-af55-3ab246fc64c8,1780921725,0.0010001073631607442
cpu_rate,minikube,kube-scheduler-minikube,kube-system,/kubepods/burstable/pod1c7123a121598343200ffd5b015ca580,1780921725,0.0049156490955820226
cpu_rate,minikube,shippingservice-55656785c7-lk4mx,boutique,/kubepods/burstable/pod1df51271-c9ea-47fa-8fb2-cf15bbc7c216,1780921725,0.0008872662511130974
cpu_rate,minikube,chaos-controller-manager-659785674d-29q42,chaos-testing,/kubepods/burstable/pod21ab858c-cee8-438c-8682-c786dc3dc044,1780921725,0.0005054915971946355
cpu_rate,minikube,chaos-controller-manager-659785674d-fjb2r,chaos-testing,/kubepods/burstable/pod2569141a-4d05-422e-bcf2-2f01e2f5056d,1780921725,0.004829543556294368
cpu_rate,minikube,coredns-7d764666f9-hxxb8,kube-system,/kubepods/burstable/pod596c18fb-891c-4e87-9b11-83d99dd6d264,1780921725,0.0021196292422332023
cpu_rate,minikube,recommendationservice-6f8f67d69-fhrns,boutique,/kubepods/burstable/pod5ded7b1a-44d9-4178-8596-57a9e25f6171,1780921725,0.005586292972119624
cpu_rate,minikube,etcd-minikube,kube-system,/kubepods/burstable/pod5ff8e3b06bbaa8cb7ebc2bf531e48a2f,1780921725,0.02668788464087652
cpu_rate,minikube,emailservice-7466dc585-sv4wh,boutique,/kubepods/burstable/pod6116940a-da83-4761-97dc-892a207b789e,1780921725,0.0013813750549733885
cpu_rate,minikube,cartservice-546c548494-cb4lb,boutique,/kubepods/burstable/pod6ec732c5-cf34-4e25-a3ce-ff4b44ce8d19,1780921725,0.003971716694956012
cpu_rate,minikube,kube-controller-manager-minikube,kube-system,/kubepods/burstable/pod740363cf4388c2d0df59fc97f96b889c,1780921725,0.012012505727655698
cpu_rate,minikube,chaos-dashboard-5b77585c6c-zm7f4,chaos-testing,/kubepods/burstable/pod7d3e8284-7c72-4577-a8fb-79d957f69104,1780921725,0.002391500839737436
cpu_rate,minikube,chaos-dns-server-6bccb5bb76-gscmn,chaos-testing,/kubepods/burstable/pod8a82a436-ef3f-4750-8f39-dbfde680d0b8,1780921725,0.002148185560515734
cpu_rate,minikube,coredns-7d764666f9-gmlgd,kube-system,/kubepods/burstable/pod9289fad3-6e91-4617-b97d-6da4631c2f35,1780921725,0.0022133689232167746
cpu_rate,minikube,adservice-8576649cff-5bvst,boutique,/kubepods/burstable/pod9d685cd3-17df-43af-a26e-7743c006902d,1780921725,0.0013771733718626242
cpu_rate,minikube,kube-apiserver-minikube,kube-system,/kubepods/burstable/poda6dc00f40d27725f15407f95751ce5f7,1780921725,0.057331732011445306
cpu_rate,minikube,alertmanager-monitoring-kube-prometheus-alertmanager-0,monitoring,/kubepods/burstable/podb5fde93f-2f9a-427f-aa16-8a257f179975,1780921725,0.0006339142158086827
cpu_rate,minikube,currencyservice-fd8f5dfb7-js8gr,boutique,/kubepods/burstable/podc827ec2d-8a9d-4e1c-8017-62c3901eccb4,1780921725,0.006006742813547148
cpu_rate,minikube,redis-cart-6899b65948-ms767,boutique,/kubepods/burstable/podd425db0f-53f9-4bec-9ee1-49e4ced03bb6,1780921725,0.0018702817745267157
cpu_rate,minikube,chaos-controller-manager-659785674d-wbwg8,chaos-testing,/kubepods/burstable/podd7abbfc2-2af5-4b28-b438-3ebef4bafcce,1780921725,0.0005108001963671968
cpu_rate,minikube,paymentservice-6b76dfb449-n8mm2,boutique,/kubepods/burstable/podd9986049-5066-4a99-a156-0bc7b2391961,1780921725,0.00043815883037798004
cpu_rate,minikube,checkoutservice-75b9cd684f-vzdsz,boutique,/kubepods/burstable/pod5827d8c7-6a98-4352-9825-164648474ddc,1780921725,0.0008133596387063144
cpu_rate,minikube,frontend-694b9f76cd-z2pk6,boutique,/kubepods/burstable/podcf6049c2-3667-4622-87ba-b06efa553d48,1780921725,0.011201881765359635
cpu_rate,minikube,productcatalogservice-fb49fc9cc-wptz6,boutique,/kubepods/burstable/pode9d4586d-6739-497d-ae8d-4fd70972eea8,1780921725,0.0053595073954709315
cpu_rate,minikube,loadgenerator-7694cd65db-bdz8c,boutique,/kubepods/burstable/pod38d6ef8e-d456-4bd4-95a0-ea6760631a9d,1780921725,0.0030348093818637714
memory_working_set,minikube,kube-proxy-fshvh,kube-system,/kubepods/besteffort/pod2f4efb93-ee48-4c37-b1e1-6f2e54a917c7,1780921725,39464960.0
memory_working_set,minikube,monitoring-kube-state-metrics-868694bc4b-689cm,monitoring,/kubepods/besteffort/pod59c52cc8-67e3-4946-aac6-7ff0ef74285f,1780921725,38297600.0
memory_working_set,minikube,prometheus-monitoring-kube-prometheus-prometheus-0,monitoring,/kubepods/besteffort/pod6bff50b8-f988-4ff2-a8c1-8f95f2c25189,1780921725,307232768.0
memory_working_set,minikube,storage-provisioner,kube-system,/kubepods/besteffort/pod9bffcac8-a0cd-49a4-ad59-cdbf60a579cb,1780921725,20676608.0
memory_working_set,minikube,monitoring-grafana-6f66955c48-hlrcn,monitoring,/kubepods/besteffort/pod9d3fe3f0-8989-47b4-8478-0ae7be66df8d,1780921725,404406272.0
memory_working_set,minikube,chaos-daemon-n6ghj,chaos-testing,/kubepods/besteffort/poda051be83-a7cd-43e4-83d3-76f3c90e8474,1780921725,19193856.0
memory_working_set,minikube,monitoring-kube-prometheus-operator-556b56cc6d-n6dg9,monitoring,/kubepods/besteffort/podc8122519-a592-495f-9353-00a2f23fdf80,1780921725,40370176.0
memory_working_set,minikube,monitoring-prometheus-node-exporter-pdw8p,monitoring,/kubepods/besteffort/podd35abb3b-34f0-40fa-af55-3ab246fc64c8,1780921725,20361216.0
memory_working_set,minikube,kube-scheduler-minikube,kube-system,/kubepods/burstable/pod1c7123a121598343200ffd5b015ca580,1780921725,41136128.0
memory_working_set,minikube,shippingservice-55656785c7-lk4mx,boutique,/kubepods/burstable/pod1df51271-c9ea-47fa-8fb2-cf15bbc7c216,1780921725,15302656.0
memory_working_set,minikube,chaos-controller-manager-659785674d-29q42,chaos-testing,/kubepods/burstable/pod21ab858c-cee8-438c-8682-c786dc3dc044,1780921725,29835264.0
memory_working_set,minikube,chaos-controller-manager-659785674d-fjb2r,chaos-testing,/kubepods/burstable/pod2569141a-4d05-422e-bcf2-2f01e2f5056d,1780921725,36524032.0
memory_working_set,minikube,coredns-7d764666f9-hxxb8,kube-system,/kubepods/burstable/pod596c18fb-891c-4e87-9b11-83d99dd6d264,1780921725,37937152.0
memory_working_set,minikube,recommendationservice-6f8f67d69-fhrns,boutique,/kubepods/burstable/pod5ded7b1a-44d9-4178-8596-57a9e25f6171,1780921725,57827328.0
memory_working_set,minikube,etcd-minikube,kube-system,/kubepods/burstable/pod5ff8e3b06bbaa8cb7ebc2bf531e48a2f,1780921725,94449664.0
memory_working_set,minikube,emailservice-7466dc585-sv4wh,boutique,/kubepods/burstable/pod6116940a-da83-4761-97dc-892a207b789e,1780921725,53186560.0
memory_working_set,minikube,cartservice-546c548494-cb4lb,boutique,/kubepods/burstable/pod6ec732c5-cf34-4e25-a3ce-ff4b44ce8d19,1780921725,71528448.0
memory_working_set,minikube,kube-controller-manager-minikube,kube-system,/kubepods/burstable/pod740363cf4388c2d0df59fc97f96b889c,1780921725,96088064.0
memory_working_set,minikube,chaos-dashboard-5b77585c6c-zm7f4,chaos-testing,/kubepods/burstable/pod7d3e8284-7c72-4577-a8fb-79d957f69104,1780921725,48250880.0
memory_working_set,minikube,chaos-dns-server-6bccb5bb76-gscmn,chaos-testing,/kubepods/burstable/pod8a82a436-ef3f-4750-8f39-dbfde680d0b8,1780921725,28008448.0
memory_working_set,minikube,coredns-7d764666f9-gmlgd,kube-system,/kubepods/burstable/pod9289fad3-6e91-4617-b97d-6da4631c2f35,1780921725,32387072.0
memory_working_set,minikube,adservice-8576649cff-5bvst,boutique,/kubepods/burstable/pod9d685cd3-17df-43af-a26e-7743c006902d,1780921725,112467968.0
memory_working_set,minikube,kube-apiserver-minikube,kube-system,/kubepods/burstable/poda6dc00f40d27725f15407f95751ce5f7,1780921725,586366976.0
memory_working_set,minikube,alertmanager-monitoring-kube-prometheus-alertmanager-0,monitoring,/kubepods/burstable/podb5fde93f-2f9a-427f-aa16-8a257f179975,1780921725,54415360.0
memory_working_set,minikube,currencyservice-fd8f5dfb7-js8gr,boutique,/kubepods/burstable/podc827ec2d-8a9d-4e1c-8017-62c3901eccb4,1780921725,116531200.0
memory_working_set,minikube,redis-cart-6899b65948-ms767,boutique,/kubepods/burstable/podd425db0f-53f9-4bec-9ee1-49e4ced03bb6,1780921725,14077952.0
memory_working_set,minikube,chaos-controller-manager-659785674d-wbwg8,chaos-testing,/kubepods/burstable/podd7abbfc2-2af5-4b28-b438-3ebef4bafcce,1780921725,27987968.0
memory_working_set,minikube,paymentservice-6b76dfb449-n8mm2,boutique,/kubepods/burstable/podd9986049-5066-4a99-a156-0bc7b2391961,1780921725,88485888.0
memory_working_set,minikube,checkoutservice-75b9cd684f-vzdsz,boutique,/kubepods/burstable/pod5827d8c7-6a98-4352-9825-164648474ddc,1780921725,17440768.0
memory_working_set,minikube,frontend-694b9f76cd-z2pk6,boutique,/kubepods/burstable/podcf6049c2-3667-4622-87ba-b06efa553d48,1780921725,23732224.0
memory_working_set,minikube,productcatalogservice-fb49fc9cc-wptz6,boutique,/kubepods/burstable/pode9d4586d-6739-497d-ae8d-4fd70972eea8,1780921725,18350080.0
memory_working_set,minikube,loadgenerator-7694cd65db-bdz8c,boutique,/kubepods/burstable/pod38d6ef8e-d456-4bd4-95a0-ea6760631a9d,1780921725,77922304.0
cpu_rate,minikube,kube-proxy-fshvh,kube-system,/kubepods/besteffort/pod2f4efb93-ee48-4c37-b1e1-6f2e54a917c7,1780921754,0.0005752743902439348
cpu_rate,minikube,monitoring-kube-state-metrics-868694bc4b-689cm,monitoring,/kubepods/besteffort/pod59c52cc8-67e3-4946-aac6-7ff0ef74285f,1780921754,0.0008723476950572208
cpu_rate,minikube,prometheus-monitoring-kube-prometheus-prometheus-0,monitoring,/kubepods/besteffort/pod6bff50b8-f988-4ff2-a8c1-8f95f2c25189,1780921754,0.014035807970979006
cpu_rate,minikube,storage-provisioner,kube-system,/kubepods/besteffort/pod9bffcac8-a0cd-49a4-ad59-cdbf60a579cb,1780921754,0.0014802463849911353
cpu_rate,minikube,monitoring-grafana-6f66955c48-hlrcn,monitoring,/kubepods/besteffort/pod9d3fe3f0-8989-47b4-8478-0ae7be66df8d,1780921754,0.009689165831791286
cpu_rate,minikube,chaos-daemon-n6ghj,chaos-testing,/kubepods/besteffort/poda051be83-a7cd-43e4-83d3-76f3c90e8474,1780921754,6.106366806760256e-05
cpu_rate,minikube,monitoring-kube-prometheus-operator-556b56cc6d-n6dg9,monitoring,/kubepods/besteffort/podc8122519-a592-495f-9353-00a2f23fdf80,1780921754,0.0024634607192325774
cpu_rate,minikube,monitoring-prometheus-node-exporter-pdw8p,monitoring,/kubepods/besteffort/podd35abb3b-34f0-40fa-af55-3ab246fc64c8,1780921754,0.000922363709441649
cpu_rate,minikube,kube-scheduler-minikube,kube-system,/kubepods/burstable/pod1c7123a121598343200ffd5b015ca580,1780921754,0.005023831401145897
cpu_rate,minikube,shippingservice-55656785c7-lk4mx,boutique,/kubepods/burstable/pod1df51271-c9ea-47fa-8fb2-cf15bbc7c216,1780921754,0.0009197501743446779
cpu_rate,minikube,chaos-controller-manager-659785674d-29q42,chaos-testing,/kubepods/burstable/pod21ab858c-cee8-438c-8682-c786dc3dc044,1780921754,0.00045112559241706606
cpu_rate,minikube,chaos-controller-manager-659785674d-fjb2r,chaos-testing,/kubepods/burstable/pod2569141a-4d05-422e-bcf2-2f01e2f5056d,1780921754,0.0056107434214850965
cpu_rate,minikube,coredns-7d764666f9-hxxb8,kube-system,/kubepods/burstable/pod596c18fb-891c-4e87-9b11-83d99dd6d264,1780921754,0.002257566250830397
cpu_rate,minikube,recommendationservice-6f8f67d69-fhrns,boutique,/kubepods/burstable/pod5ded7b1a-44d9-4178-8596-57a9e25f6171,1780921754,0.005710154307959078
cpu_rate,minikube,etcd-minikube,kube-system,/kubepods/burstable/pod5ff8e3b06bbaa8cb7ebc2bf531e48a2f,1780921754,0.027055702347577183
cpu_rate,minikube,emailservice-7466dc585-sv4wh,boutique,/kubepods/burstable/pod6116940a-da83-4761-97dc-892a207b789e,1780921754,0.0015421663513985335
cpu_rate,minikube,cartservice-546c548494-cb4lb,boutique,/kubepods/burstable/pod6ec732c5-cf34-4e25-a3ce-ff4b44ce8d19,1780921754,0.0042018886943607165
cpu_rate,minikube,kube-controller-manager-minikube,kube-system,/kubepods/burstable/pod740363cf4388c2d0df59fc97f96b889c,1780921754,0.013093722304958642
cpu_rate,minikube,chaos-dashboard-5b77585c6c-zm7f4,chaos-testing,/kubepods/burstable/pod7d3e8284-7c72-4577-a8fb-79d957f69104,1780921754,0.002277024872448989
cpu_rate,minikube,chaos-dns-server-6bccb5bb76-gscmn,chaos-testing,/kubepods/burstable/pod8a82a436-ef3f-4750-8f39-dbfde680d0b8,1780921754,0.0021590123646417826
cpu_rate,minikube,coredns-7d764666f9-gmlgd,kube-system,/kubepods/burstable/pod9289fad3-6e91-4617-b97d-6da4631c2f35,1780921754,0.0021541762710594417
cpu_rate,minikube,adservice-8576649cff-5bvst,boutique,/kubepods/burstable/pod9d685cd3-17df-43af-a26e-7743c006902d,1780921754,0.0013445364670022213
cpu_rate,minikube,kube-apiserver-minikube,kube-system,/kubepods/burstable/poda6dc00f40d27725f15407f95751ce5f7,1780921754,0.05028966444368209
cpu_rate,minikube,alertmanager-monitoring-kube-prometheus-alertmanager-0,monitoring,/kubepods/burstable/podb5fde93f-2f9a-427f-aa16-8a257f179975,1780921754,0.0007559546006520978
cpu_rate,minikube,currencyservice-fd8f5dfb7-js8gr,boutique,/kubepods/burstable/podc827ec2d-8a9d-4e1c-8017-62c3901eccb4,1780921754,0.006031581710922838
cpu_rate,minikube,redis-cart-6899b65948-ms767,boutique,/kubepods/burstable/podd425db0f-53f9-4bec-9ee1-49e4ced03bb6,1780921754,0.0019548554047305964
cpu_rate,minikube,chaos-controller-manager-659785674d-wbwg8,chaos-testing,/kubepods/burstable/podd7abbfc2-2af5-4b28-b438-3ebef4bafcce,1780921754,0.0004870941180682429
cpu_rate,minikube,paymentservice-6b76dfb449-n8mm2,boutique,/kubepods/burstable/podd9986049-5066-4a99-a156-0bc7b2391961,1780921754,0.00047560679365975424
cpu_rate,minikube,checkoutservice-75b9cd684f-vzdsz,boutique,/kubepods/burstable/pod5827d8c7-6a98-4352-9825-164648474ddc,1780921754,0.0009138080928351332
cpu_rate,minikube,frontend-694b9f76cd-z2pk6,boutique,/kubepods/burstable/podcf6049c2-3667-4622-87ba-b06efa553d48,1780921754,0.011376311414850477
cpu_rate,minikube,productcatalogservice-fb49fc9cc-wptz6,boutique,/kubepods/burstable/pode9d4586d-6739-497d-ae8d-4fd70972eea8,1780921754,0.0052381882149239965
cpu_rate,minikube,loadgenerator-7694cd65db-bdz8c,boutique,/kubepods/burstable/pod38d6ef8e-d456-4bd4-95a0-ea6760631a9d,1780921754,0.002990745063018804
memory_working_set,minikube,kube-proxy-fshvh,kube-system,/kubepods/besteffort/pod2f4efb93-ee48-4c37-b1e1-6f2e54a917c7,1780921754,37380096.0
memory_working_set,minikube,monitoring-kube-state-metrics-868694bc4b-689cm,monitoring,/kubepods/besteffort/pod59c52cc8-67e3-4946-aac6-7ff0ef74285f,1780921754,38297600.0
memory_working_set,minikube,prometheus-monitoring-kube-prometheus-prometheus-0,monitoring,/kubepods/besteffort/pod6bff50b8-f988-4ff2-a8c1-8f95f2c25189,1780921754,313282560.0
memory_working_set,minikube,storage-provisioner,kube-system,/kubepods/besteffort/pod9bffcac8-a0cd-49a4-ad59-cdbf60a579cb,1780921754,20709376.0
memory_working_set,minikube,monitoring-grafana-6f66955c48-hlrcn,monitoring,/kubepods/besteffort/pod9d3fe3f0-8989-47b4-8478-0ae7be66df8d,1780921754,404410368.0
memory_working_set,minikube,chaos-daemon-n6ghj,chaos-testing,/kubepods/besteffort/poda051be83-a7cd-43e4-83d3-76f3c90e8474,1780921754,19193856.0
memory_working_set,minikube,monitoring-kube-prometheus-operator-556b56cc6d-n6dg9,monitoring,/kubepods/besteffort/podc8122519-a592-495f-9353-00a2f23fdf80,1780921754,40398848.0
memory_working_set,minikube,monitoring-prometheus-node-exporter-pdw8p,monitoring,/kubepods/besteffort/podd35abb3b-34f0-40fa-af55-3ab246fc64c8,1780921754,20254720.0
memory_working_set,minikube,kube-scheduler-minikube,kube-system,/kubepods/burstable/pod1c7123a121598343200ffd5b015ca580,1780921754,40882176.0
memory_working_set,minikube,shippingservice-55656785c7-lk4mx,boutique,/kubepods/burstable/pod1df51271-c9ea-47fa-8fb2-cf15bbc7c216,1780921754,15306752.0
memory_working_set,minikube,chaos-controller-manager-659785674d-29q42,chaos-testing,/kubepods/burstable/pod21ab858c-cee8-438c-8682-c786dc3dc044,1780921754,29573120.0
memory_working_set,minikube,chaos-controller-manager-659785674d-fjb2r,chaos-testing,/kubepods/burstable/pod2569141a-4d05-422e-bcf2-2f01e2f5056d,1780921754,36524032.0
memory_working_set,minikube,coredns-7d764666f9-hxxb8,kube-system,/kubepods/burstable/pod596c18fb-891c-4e87-9b11-83d99dd6d264,1780921754,38608896.0
memory_working_set,minikube,recommendationservice-6f8f67d69-fhrns,boutique,/kubepods/burstable/pod5ded7b1a-44d9-4178-8596-57a9e25f6171,1780921754,57819136.0
memory_working_set,minikube,etcd-minikube,kube-system,/kubepods/burstable/pod5ff8e3b06bbaa8cb7ebc2bf531e48a2f,1780921754,89870336.0
memory_working_set,minikube,emailservice-7466dc585-sv4wh,boutique,/kubepods/burstable/pod6116940a-da83-4761-97dc-892a207b789e,1780921754,53186560.0
memory_working_set,minikube,cartservice-546c548494-cb4lb,boutique,/kubepods/burstable/pod6ec732c5-cf34-4e25-a3ce-ff4b44ce8d19,1780921754,71561216.0
memory_working_set,minikube,kube-controller-manager-minikube,kube-system,/kubepods/burstable/pod740363cf4388c2d0df59fc97f96b889c,1780921754,96092160.0
memory_working_set,minikube,chaos-dashboard-5b77585c6c-zm7f4,chaos-testing,/kubepods/burstable/pod7d3e8284-7c72-4577-a8fb-79d957f69104,1780921754,48250880.0
memory_working_set,minikube,chaos-dns-server-6bccb5bb76-gscmn,chaos-testing,/kubepods/burstable/pod8a82a436-ef3f-4750-8f39-dbfde680d0b8,1780921754,28004352.0
memory_working_set,minikube,coredns-7d764666f9-gmlgd,kube-system,/kubepods/burstable/pod9289fad3-6e91-4617-b97d-6da4631c2f35,1780921754,32432128.0
memory_working_set,minikube,adservice-8576649cff-5bvst,boutique,/kubepods/burstable/pod9d685cd3-17df-43af-a26e-7743c006902d,1780921754,112467968.0
memory_working_set,minikube,kube-apiserver-minikube,kube-system,/kubepods/burstable/poda6dc00f40d27725f15407f95751ce5f7,1780921754,586366976.0
memory_working_set,minikube,alertmanager-monitoring-kube-prometheus-alertmanager-0,monitoring,/kubepods/burstable/podb5fde93f-2f9a-427f-aa16-8a257f179975,1780921754,50847744.0
memory_working_set,minikube,currencyservice-fd8f5dfb7-js8gr,boutique,/kubepods/burstable/podc827ec2d-8a9d-4e1c-8017-62c3901eccb4,1780921754,115949568.0
memory_working_set,minikube,redis-cart-6899b65948-ms767,boutique,/kubepods/burstable/podd425db0f-53f9-4bec-9ee1-49e4ced03bb6,1780921754,13819904.0
memory_working_set,minikube,chaos-controller-manager-659785674d-wbwg8,chaos-testing,/kubepods/burstable/podd7abbfc2-2af5-4b28-b438-3ebef4bafcce,1780921754,27992064.0
memory_working_set,minikube,paymentservice-6b76dfb449-n8mm2,boutique,/kubepods/burstable/podd9986049-5066-4a99-a156-0bc7b2391961,1780921754,89096192.0
memory_working_set,minikube,checkoutservice-75b9cd684f-vzdsz,boutique,/kubepods/burstable/pod5827d8c7-6a98-4352-9825-164648474ddc,1780921754,17457152.0
memory_working_set,minikube,frontend-694b9f76cd-z2pk6,boutique,/kubepods/burstable/podcf6049c2-3667-4622-87ba-b06efa553d48,1780921754,23998464.0
memory_working_set,minikube,productcatalogservice-fb49fc9cc-wptz6,boutique,/kubepods/burstable/pode9d4586d-6739-497d-ae8d-4fd70972eea8,1780921754,18358272.0
memory_working_set,minikube,loadgenerator-7694cd65db-bdz8c,boutique,/kubepods/burstable/pod38d6ef8e-d456-4bd4-95a0-ea6760631a9d,1780921754,78180352.0
cpu_rate,minikube,kube-proxy-fshvh,kube-system,/kubepods/besteffort/pod2f4efb93-ee48-4c37-b1e1-6f2e54a917c7,1780921783,0.0005717277801717431
cpu_rate,minikube,monitoring-kube-state-metrics-868694bc4b-689cm,monitoring,/kubepods/besteffort/pod59c52cc8-67e3-4946-aac6-7ff0ef74285f,1780921783,0.000920529529898754
cpu_rate,minikube,prometheus-monitoring-kube-prometheus-prometheus-0,monitoring,/kubepods/besteffort/pod6bff50b8-f988-4ff2-a8c1-8f95f2c25189,1780921783,0.012999085628227455
cpu_rate,minikube,storage-provisioner,kube-system,/kubepods/besteffort/pod9bffcac8-a0cd-49a4-ad59-cdbf60a579cb,1780921783,0.0014669916737535163
cpu_rate,minikube,monitoring-grafana-6f66955c48-hlrcn,monitoring,/kubepods/besteffort/pod9d3fe3f0-8989-47b4-8478-0ae7be66df8d,1780921783,0.01039577743765176
cpu_rate,minikube,chaos-daemon-n6ghj,chaos-testing,/kubepods/besteffort/poda051be83-a7cd-43e4-83d3-76f3c90e8474,1780921783,5.318066897213095e-05
cpu_rate,minikube,monitoring-kube-prometheus-operator-556b56cc6d-n6dg9,monitoring,/kubepods/besteffort/podc8122519-a592-495f-9353-00a2f23fdf80,1780921783,0.002402217787369846
cpu_rate,minikube,monitoring-prometheus-node-exporter-pdw8p,monitoring,/kubepods/besteffort/podd35abb3b-34f0-40fa-af55-3ab246fc64c8,1780921783,0.0011142151481887592
cpu_rate,minikube,kube-scheduler-minikube,kube-system,/kubepods/burstable/pod1c7123a121598343200ffd5b015ca580,1780921783,0.00522374880099315
cpu_rate,minikube,shippingservice-55656785c7-lk4mx,boutique,/kubepods/burstable/pod1df51271-c9ea-47fa-8fb2-cf15bbc7c216,1780921783,0.0010226736605321125
cpu_rate,minikube,chaos-controller-manager-659785674d-29q42,chaos-testing,/kubepods/burstable/pod21ab858c-cee8-438c-8682-c786dc3dc044,1780921783,0.00037346960922626045
cpu_rate,minikube,chaos-controller-manager-659785674d-fjb2r,chaos-testing,/kubepods/burstable/pod2569141a-4d05-422e-bcf2-2f01e2f5056d,1780921783,0.005661705195127942
cpu_rate,minikube,coredns-7d764666f9-hxxb8,kube-system,/kubepods/burstable/pod596c18fb-891c-4e87-9b11-83d99dd6d264,1780921783,0.0022539441599013395
cpu_rate,minikube,recommendationservice-6f8f67d69-fhrns,boutique,/kubepods/burstable/pod5ded7b1a-44d9-4178-8596-57a9e25f6171,1780921783,0.0059485897198898454
cpu_rate,minikube,etcd-minikube,kube-system,/kubepods/burstable/pod5ff8e3b06bbaa8cb7ebc2bf531e48a2f,1780921783,0.027622881141527146
cpu_rate,minikube,emailservice-7466dc585-sv4wh,boutique,/kubepods/burstable/pod6116940a-da83-4761-97dc-892a207b789e,1780921783,0.0014406741163201767
cpu_rate,minikube,cartservice-546c548494-cb4lb,boutique,/kubepods/burstable/pod6ec732c5-cf34-4e25-a3ce-ff4b44ce8d19,1780921783,0.004279994406637429
cpu_rate,minikube,kube-controller-manager-minikube,kube-system,/kubepods/burstable/pod740363cf4388c2d0df59fc97f96b889c,1780921783,0.01375701751710554
cpu_rate,minikube,chaos-dashboard-5b77585c6c-zm7f4,chaos-testing,/kubepods/burstable/pod7d3e8284-7c72-4577-a8fb-79d957f69104,1780921783,0.0024317313077913956
cpu_rate,minikube,chaos-dns-server-6bccb5bb76-gscmn,chaos-testing,/kubepods/burstable/pod8a82a436-ef3f-4750-8f39-dbfde680d0b8,1780921783,0.0021513023388006615
cpu_rate,minikube,coredns-7d764666f9-gmlgd,kube-system,/kubepods/burstable/pod9289fad3-6e91-4617-b97d-6da4631c2f35,1780921783,0.0020106270876411535
cpu_rate,minikube,adservice-8576649cff-5bvst,boutique,/kubepods/burstable/pod9d685cd3-17df-43af-a26e-7743c006902d,1780921783,0.002440574365962877
cpu_rate,minikube,kube-apiserver-minikube,kube-system,/kubepods/burstable/poda6dc00f40d27725f15407f95751ce5f7,1780921783,0.05035048939935648
cpu_rate,minikube,alertmanager-monitoring-kube-prometheus-alertmanager-0,monitoring,/kubepods/burstable/podb5fde93f-2f9a-427f-aa16-8a257f179975,1780921783,0.0006245199335454669
cpu_rate,minikube,currencyservice-fd8f5dfb7-js8gr,boutique,/kubepods/burstable/podc827ec2d-8a9d-4e1c-8017-62c3901eccb4,1780921783,0.006782366465272963
cpu_rate,minikube,redis-cart-6899b65948-ms767,boutique,/kubepods/burstable/podd425db0f-53f9-4bec-9ee1-49e4ced03bb6,1780921783,0.0017909249507060939
cpu_rate,minikube,chaos-controller-manager-659785674d-wbwg8,chaos-testing,/kubepods/burstable/podd7abbfc2-2af5-4b28-b438-3ebef4bafcce,1780921783,0.00047331101224602355
cpu_rate,minikube,paymentservice-6b76dfb449-n8mm2,boutique,/kubepods/burstable/podd9986049-5066-4a99-a156-0bc7b2391961,1780921783,0.0005227538359405164
cpu_rate,minikube,checkoutservice-75b9cd684f-vzdsz,boutique,/kubepods/burstable/pod5827d8c7-6a98-4352-9825-164648474ddc,1780921783,0.0010060568615733391
cpu_rate,minikube,frontend-694b9f76cd-z2pk6,boutique,/kubepods/burstable/podcf6049c2-3667-4622-87ba-b06efa553d48,1780921783,0.01189407420465174
cpu_rate,minikube,productcatalogservice-fb49fc9cc-wptz6,boutique,/kubepods/burstable/pode9d4586d-6739-497d-ae8d-4fd70972eea8,1780921783,0.005184682511380008
cpu_rate,minikube,loadgenerator-7694cd65db-bdz8c,boutique,/kubepods/burstable/pod38d6ef8e-d456-4bd4-95a0-ea6760631a9d,1780921783,0.0030148034060586805
memory_working_set,minikube,kube-proxy-fshvh,kube-system,/kubepods/besteffort/pod2f4efb93-ee48-4c37-b1e1-6f2e54a917c7,1780921783,37376000.0
memory_working_set,minikube,monitoring-kube-state-metrics-868694bc4b-689cm,monitoring,/kubepods/besteffort/pod59c52cc8-67e3-4946-aac6-7ff0ef74285f,1780921783,38297600.0
memory_working_set,minikube,prometheus-monitoring-kube-prometheus-prometheus-0,monitoring,/kubepods/besteffort/pod6bff50b8-f988-4ff2-a8c1-8f95f2c25189,1780921783,313405440.0
memory_working_set,minikube,storage-provisioner,kube-system,/kubepods/besteffort/pod9bffcac8-a0cd-49a4-ad59-cdbf60a579cb,1780921783,20963328.0
memory_working_set,minikube,monitoring-grafana-6f66955c48-hlrcn,monitoring,/kubepods/besteffort/pod9d3fe3f0-8989-47b4-8478-0ae7be66df8d,1780921783,404447232.0
memory_working_set,minikube,chaos-daemon-n6ghj,chaos-testing,/kubepods/besteffort/poda051be83-a7cd-43e4-83d3-76f3c90e8474,1780921783,19193856.0
memory_working_set,minikube,monitoring-kube-prometheus-operator-556b56cc6d-n6dg9,monitoring,/kubepods/besteffort/podc8122519-a592-495f-9353-00a2f23fdf80,1780921783,40398848.0
memory_working_set,minikube,monitoring-prometheus-node-exporter-pdw8p,monitoring,/kubepods/besteffort/podd35abb3b-34f0-40fa-af55-3ab246fc64c8,1780921783,20168704.0
memory_working_set,minikube,kube-scheduler-minikube,kube-system,/kubepods/burstable/pod1c7123a121598343200ffd5b015ca580,1780921783,40882176.0
memory_working_set,minikube,shippingservice-55656785c7-lk4mx,boutique,/kubepods/burstable/pod1df51271-c9ea-47fa-8fb2-cf15bbc7c216,1780921783,15310848.0
memory_working_set,minikube,chaos-controller-manager-659785674d-29q42,chaos-testing,/kubepods/burstable/pod21ab858c-cee8-438c-8682-c786dc3dc044,1780921783,29573120.0
memory_working_set,minikube,chaos-controller-manager-659785674d-fjb2r,chaos-testing,/kubepods/burstable/pod2569141a-4d05-422e-bcf2-2f01e2f5056d,1780921783,36532224.0
memory_working_set,minikube,coredns-7d764666f9-hxxb8,kube-system,/kubepods/burstable/pod596c18fb-891c-4e87-9b11-83d99dd6d264,1780921783,39358464.0
memory_working_set,minikube,recommendationservice-6f8f67d69-fhrns,boutique,/kubepods/burstable/pod5ded7b1a-44d9-4178-8596-57a9e25f6171,1780921783,57827328.0
memory_working_set,minikube,etcd-minikube,kube-system,/kubepods/burstable/pod5ff8e3b06bbaa8cb7ebc2bf531e48a2f,1780921783,90124288.0
memory_working_set,minikube,emailservice-7466dc585-sv4wh,boutique,/kubepods/burstable/pod6116940a-da83-4761-97dc-892a207b789e,1780921783,53444608.0
memory_working_set,minikube,cartservice-546c548494-cb4lb,boutique,/kubepods/burstable/pod6ec732c5-cf34-4e25-a3ce-ff4b44ce8d19,1780921783,71589888.0
memory_working_set,minikube,kube-controller-manager-minikube,kube-system,/kubepods/burstable/pod740363cf4388c2d0df59fc97f96b889c,1780921783,96088064.0
memory_working_set,minikube,chaos-dashboard-5b77585c6c-zm7f4,chaos-testing,/kubepods/burstable/pod7d3e8284-7c72-4577-a8fb-79d957f69104,1780921783,48250880.0
memory_working_set,minikube,chaos-dns-server-6bccb5bb76-gscmn,chaos-testing,/kubepods/burstable/pod8a82a436-ef3f-4750-8f39-dbfde680d0b8,1780921783,28008448.0
memory_working_set,minikube,coredns-7d764666f9-gmlgd,kube-system,/kubepods/burstable/pod9289fad3-6e91-4617-b97d-6da4631c2f35,1780921783,32448512.0
memory_working_set,minikube,adservice-8576649cff-5bvst,boutique,/kubepods/burstable/pod9d685cd3-17df-43af-a26e-7743c006902d,1780921783,112357376.0
memory_working_set,minikube,kube-apiserver-minikube,kube-system,/kubepods/burstable/poda6dc00f40d27725f15407f95751ce5f7,1780921783,586121216.0
memory_working_set,minikube,alertmanager-monitoring-kube-prometheus-alertmanager-0,monitoring,/kubepods/burstable/podb5fde93f-2f9a-427f-aa16-8a257f179975,1780921783,51511296.0
memory_working_set,minikube,currencyservice-fd8f5dfb7-js8gr,boutique,/kubepods/burstable/podc827ec2d-8a9d-4e1c-8017-62c3901eccb4,1780921783,116326400.0
memory_working_set,minikube,redis-cart-6899b65948-ms767,boutique,/kubepods/burstable/podd425db0f-53f9-4bec-9ee1-49e4ced03bb6,1780921783,13565952.0
memory_working_set,minikube,chaos-controller-manager-659785674d-wbwg8,chaos-testing,/kubepods/burstable/podd7abbfc2-2af5-4b28-b438-3ebef4bafcce,1780921783,27996160.0
memory_working_set,minikube,paymentservice-6b76dfb449-n8mm2,boutique,/kubepods/burstable/podd9986049-5066-4a99-a156-0bc7b2391961,1780921783,89612288.0
memory_working_set,minikube,checkoutservice-75b9cd684f-vzdsz,boutique,/kubepods/burstable/pod5827d8c7-6a98-4352-9825-164648474ddc,1780921783,17965056.0
memory_working_set,minikube,frontend-694b9f76cd-z2pk6,boutique,/kubepods/burstable/podcf6049c2-3667-4622-87ba-b06efa553d48,1780921783,23379968.0
memory_working_set,minikube,productcatalogservice-fb49fc9cc-wptz6,boutique,/kubepods/burstable/pode9d4586d-6739-497d-ae8d-4fd70972eea8,1780921783,18219008.0
memory_working_set,minikube,loadgenerator-7694cd65db-bdz8c,boutique,/kubepods/burstable/pod38d6ef8e-d456-4bd4-95a0-ea6760631a9d,1780921783,77934592.0
cpu_rate,minikube,kube-proxy-fshvh,kube-system,/kubepods/besteffort/pod2f4efb93-ee48-4c37-b1e1-6f2e54a917c7,1780921813,0.000493417129660296
cpu_rate,minikube,monitoring-kube-state-metrics-868694bc4b-689cm,monitoring,/kubepods/besteffort/pod59c52cc8-67e3-4946-aac6-7ff0ef74285f,1780921813,0.000968649769224746
cpu_rate,minikube,prometheus-monitoring-kube-prometheus-prometheus-0,monitoring,/kubepods/besteffort/pod6bff50b8-f988-4ff2-a8c1-8f95f2c25189,1780921813,0.013993734007615699
cpu_rate,minikube,storage-provisioner,kube-system,/kubepods/besteffort/pod9bffcac8-a0cd-49a4-ad59-cdbf60a579cb,1780921813,0.001405218661348751
cpu_rate,minikube,monitoring-grafana-6f66955c48-hlrcn,monitoring,/kubepods/besteffort/pod9d3fe3f0-8989-47b4-8478-0ae7be66df8d,1780921813,0.010697474105033722
cpu_rate,minikube,chaos-daemon-n6ghj,chaos-testing,/kubepods/besteffort/poda051be83-a7cd-43e4-83d3-76f3c90e8474,1780921813,1.2187499999991949e-06
cpu_rate,minikube,monitoring-kube-prometheus-operator-556b56cc6d-n6dg9,monitoring,/kubepods/besteffort/podc8122519-a592-495f-9353-00a2f23fdf80,1780921813,0.0024829381799391214
cpu_rate,minikube,monitoring-prometheus-node-exporter-pdw8p,monitoring,/kubepods/besteffort/podd35abb3b-34f0-40fa-af55-3ab246fc64c8,1780921813,0.000992283546952701
cpu_rate,minikube,kube-scheduler-minikube,kube-system,/kubepods/burstable/pod1c7123a121598343200ffd5b015ca580,1780921813,0.00494227345396406
cpu_rate,minikube,shippingservice-55656785c7-lk4mx,boutique,/kubepods/burstable/pod1df51271-c9ea-47fa-8fb2-cf15bbc7c216,1780921813,0.0009390272858584489
cpu_rate,minikube,chaos-controller-manager-659785674d-29q42,chaos-testing,/kubepods/burstable/pod21ab858c-cee8-438c-8682-c786dc3dc044,1780921813,0.00042896756194994593
cpu_rate,minikube,chaos-controller-manager-659785674d-fjb2r,chaos-testing,/kubepods/burstable/pod2569141a-4d05-422e-bcf2-2f01e2f5056d,1780921813,0.005624711138499505
cpu_rate,minikube,coredns-7d764666f9-hxxb8,kube-system,/kubepods/burstable/pod596c18fb-891c-4e87-9b11-83d99dd6d264,1780921813,0.0021560679348225508
cpu_rate,minikube,recommendationservice-6f8f67d69-fhrns,boutique,/kubepods/burstable/pod5ded7b1a-44d9-4178-8596-57a9e25f6171,1780921813,0.00575345546404878
cpu_rate,minikube,etcd-minikube,kube-system,/kubepods/burstable/pod5ff8e3b06bbaa8cb7ebc2bf531e48a2f,1780921813,0.025901166040281545
cpu_rate,minikube,emailservice-7466dc585-sv4wh,boutique,/kubepods/burstable/pod6116940a-da83-4761-97dc-892a207b789e,1780921813,0.0015811365022758235
cpu_rate,minikube,cartservice-546c548494-cb4lb,boutique,/kubepods/burstable/pod6ec732c5-cf34-4e25-a3ce-ff4b44ce8d19,1780921813,0.004105357511002602
cpu_rate,minikube,kube-controller-manager-minikube,kube-system,/kubepods/burstable/pod740363cf4388c2d0df59fc97f96b889c,1780921813,0.013676463711388443
cpu_rate,minikube,chaos-dashboard-5b77585c6c-zm7f4,chaos-testing,/kubepods/burstable/pod7d3e8284-7c72-4577-a8fb-79d957f69104,1780921813,0.002179019083695726
cpu_rate,minikube,chaos-dns-server-6bccb5bb76-gscmn,chaos-testing,/kubepods/burstable/pod8a82a436-ef3f-4750-8f39-dbfde680d0b8,1780921813,0.0020983144961210444
cpu_rate,minikube,coredns-7d764666f9-gmlgd,kube-system,/kubepods/burstable/pod9289fad3-6e91-4617-b97d-6da4631c2f35,1780921813,0.002045860599468692
cpu_rate,minikube,adservice-8576649cff-5bvst,boutique,/kubepods/burstable/pod9d685cd3-17df-43af-a26e-7743c006902d,1780921813,0.0035680986931850636
cpu_rate,minikube,kube-apiserver-minikube,kube-system,/kubepods/burstable/poda6dc00f40d27725f15407f95751ce5f7,1780921813,0.045672915225576545
cpu_rate,minikube,alertmanager-monitoring-kube-prometheus-alertmanager-0,monitoring,/kubepods/burstable/podb5fde93f-2f9a-427f-aa16-8a257f179975,1780921813,0.0005803570584732783
cpu_rate,minikube,currencyservice-fd8f5dfb7-js8gr,boutique,/kubepods/burstable/podc827ec2d-8a9d-4e1c-8017-62c3901eccb4,1780921813,0.006607132105155758
cpu_rate,minikube,redis-cart-6899b65948-ms767,boutique,/kubepods/burstable/podd425db0f-53f9-4bec-9ee1-49e4ced03bb6,1780921813,0.001974105586702585
cpu_rate,minikube,chaos-controller-manager-659785674d-wbwg8,chaos-testing,/kubepods/burstable/podd7abbfc2-2af5-4b28-b438-3ebef4bafcce,1780921813,0.0004820425917818493
cpu_rate,minikube,paymentservice-6b76dfb449-n8mm2,boutique,/kubepods/burstable/podd9986049-5066-4a99-a156-0bc7b2391961,1780921813,0.0004879417564082917
cpu_rate,minikube,checkoutservice-75b9cd684f-vzdsz,boutique,/kubepods/burstable/pod5827d8c7-6a98-4352-9825-164648474ddc,1780921813,0.0008512384107221009
cpu_rate,minikube,frontend-694b9f76cd-z2pk6,boutique,/kubepods/burstable/podcf6049c2-3667-4622-87ba-b06efa553d48,1780921813,0.010990929705215313
cpu_rate,minikube,productcatalogservice-fb49fc9cc-wptz6,boutique,/kubepods/burstable/pode9d4586d-6739-497d-ae8d-4fd70972eea8,1780921813,0.004713551854128506
cpu_rate,minikube,loadgenerator-7694cd65db-bdz8c,boutique,/kubepods/burstable/pod38d6ef8e-d456-4bd4-95a0-ea6760631a9d,1780921813,0.002951738306501555
memory_working_set,minikube,kube-proxy-fshvh,kube-system,/kubepods/besteffort/pod2f4efb93-ee48-4c37-b1e1-6f2e54a917c7,1780921813,37777408.0
memory_working_set,minikube,monitoring-kube-state-metrics-868694bc4b-689cm,monitoring,/kubepods/besteffort/pod59c52cc8-67e3-4946-aac6-7ff0ef74285f,1780921813,38305792.0
memory_working_set,minikube,prometheus-monitoring-kube-prometheus-prometheus-0,monitoring,/kubepods/besteffort/pod6bff50b8-f988-4ff2-a8c1-8f95f2c25189,1780921813,317485056.0
memory_working_set,minikube,storage-provisioner,kube-system,/kubepods/besteffort/pod9bffcac8-a0cd-49a4-ad59-cdbf60a579cb,1780921813,20791296.0
memory_working_set,minikube,monitoring-grafana-6f66955c48-hlrcn,monitoring,/kubepods/besteffort/pod9d3fe3f0-8989-47b4-8478-0ae7be66df8d,1780921813,404398080.0
memory_working_set,minikube,chaos-daemon-n6ghj,chaos-testing,/kubepods/besteffort/poda051be83-a7cd-43e4-83d3-76f3c90e8474,1780921813,19193856.0
memory_working_set,minikube,monitoring-kube-prometheus-operator-556b56cc6d-n6dg9,monitoring,/kubepods/besteffort/podc8122519-a592-495f-9353-00a2f23fdf80,1780921813,40407040.0
memory_working_set,minikube,monitoring-prometheus-node-exporter-pdw8p,monitoring,/kubepods/besteffort/podd35abb3b-34f0-40fa-af55-3ab246fc64c8,1780921813,19947520.0
memory_working_set,minikube,kube-scheduler-minikube,kube-system,/kubepods/burstable/pod1c7123a121598343200ffd5b015ca580,1780921813,40882176.0
memory_working_set,minikube,shippingservice-55656785c7-lk4mx,boutique,/kubepods/burstable/pod1df51271-c9ea-47fa-8fb2-cf15bbc7c216,1780921813,15314944.0
memory_working_set,minikube,chaos-controller-manager-659785674d-29q42,chaos-testing,/kubepods/burstable/pod21ab858c-cee8-438c-8682-c786dc3dc044,1780921813,29573120.0
memory_working_set,minikube,chaos-controller-manager-659785674d-fjb2r,chaos-testing,/kubepods/burstable/pod2569141a-4d05-422e-bcf2-2f01e2f5056d,1780921813,36532224.0
memory_working_set,minikube,coredns-7d764666f9-hxxb8,kube-system,/kubepods/burstable/pod596c18fb-891c-4e87-9b11-83d99dd6d264,1780921813,39849984.0
memory_working_set,minikube,recommendationservice-6f8f67d69-fhrns,boutique,/kubepods/burstable/pod5ded7b1a-44d9-4178-8596-57a9e25f6171,1780921813,57823232.0
memory_working_set,minikube,etcd-minikube,kube-system,/kubepods/burstable/pod5ff8e3b06bbaa8cb7ebc2bf531e48a2f,1780921813,89858048.0
memory_working_set,minikube,emailservice-7466dc585-sv4wh,boutique,/kubepods/burstable/pod6116940a-da83-4761-97dc-892a207b789e,1780921813,53198848.0
memory_working_set,minikube,cartservice-546c548494-cb4lb,boutique,/kubepods/burstable/pod6ec732c5-cf34-4e25-a3ce-ff4b44ce8d19,1780921813,71581696.0
memory_working_set,minikube,kube-controller-manager-minikube,kube-system,/kubepods/burstable/pod740363cf4388c2d0df59fc97f96b889c,1780921813,96088064.0
memory_working_set,minikube,chaos-dashboard-5b77585c6c-zm7f4,chaos-testing,/kubepods/burstable/pod7d3e8284-7c72-4577-a8fb-79d957f69104,1780921813,48250880.0
memory_working_set,minikube,chaos-dns-server-6bccb5bb76-gscmn,chaos-testing,/kubepods/burstable/pod8a82a436-ef3f-4750-8f39-dbfde680d0b8,1780921813,28004352.0
memory_working_set,minikube,coredns-7d764666f9-gmlgd,kube-system,/kubepods/burstable/pod9289fad3-6e91-4617-b97d-6da4631c2f35,1780921813,31289344.0
memory_working_set,minikube,adservice-8576649cff-5bvst,boutique,/kubepods/burstable/pod9d685cd3-17df-43af-a26e-7743c006902d,1780921813,112402432.0
memory_working_set,minikube,kube-apiserver-minikube,kube-system,/kubepods/burstable/poda6dc00f40d27725f15407f95751ce5f7,1780921813,586399744.0
memory_working_set,minikube,alertmanager-monitoring-kube-prometheus-alertmanager-0,monitoring,/kubepods/burstable/podb5fde93f-2f9a-427f-aa16-8a257f179975,1780921813,52174848.0
memory_working_set,minikube,currencyservice-fd8f5dfb7-js8gr,boutique,/kubepods/burstable/podc827ec2d-8a9d-4e1c-8017-62c3901eccb4,1780921813,116609024.0
memory_working_set,minikube,redis-cart-6899b65948-ms767,boutique,/kubepods/burstable/podd425db0f-53f9-4bec-9ee1-49e4ced03bb6,1780921813,13819904.0
memory_working_set,minikube,chaos-controller-manager-659785674d-wbwg8,chaos-testing,/kubepods/burstable/podd7abbfc2-2af5-4b28-b438-3ebef4bafcce,1780921813,28053504.0
memory_working_set,minikube,paymentservice-6b76dfb449-n8mm2,boutique,/kubepods/burstable/podd9986049-5066-4a99-a156-0bc7b2391961,1780921813,89862144.0
memory_working_set,minikube,checkoutservice-75b9cd684f-vzdsz,boutique,/kubepods/burstable/pod5827d8c7-6a98-4352-9825-164648474ddc,1780921813,17547264.0
memory_working_set,minikube,frontend-694b9f76cd-z2pk6,boutique,/kubepods/burstable/podcf6049c2-3667-4622-87ba-b06efa553d48,1780921813,23379968.0
memory_working_set,minikube,productcatalogservice-fb49fc9cc-wptz6,boutique,/kubepods/burstable/pode9d4586d-6739-497d-ae8d-4fd70972eea8,1780921813,18432000.0
memory_working_set,minikube,loadgenerator-7694cd65db-bdz8c,boutique,/kubepods/burstable/pod38d6ef8e-d456-4bd4-95a0-ea6760631a9d,1780921813,77946880.0
cpu_rate,minikube,kube-proxy-fshvh,kube-system,/kubepods/besteffort/pod2f4efb93-ee48-4c37-b1e1-6f2e54a917c7,1780921842,0.00046681681823773955
cpu_rate,minikube,monitoring-kube-state-metrics-868694bc4b-689cm,monitoring,/kubepods/besteffort/pod59c52cc8-67e3-4946-aac6-7ff0ef74285f,1780921842,0.0009512548307929713
cpu_rate,minikube,prometheus-monitoring-kube-prometheus-prometheus-0,monitoring,/kubepods/besteffort/pod6bff50b8-f988-4ff2-a8c1-8f95f2c25189,1780921842,0.013167891245787869
cpu_rate,minikube,storage-provisioner,kube-system,/kubepods/besteffort/pod9bffcac8-a0cd-49a4-ad59-cdbf60a579cb,1780921842,0.0014260530145121238
cpu_rate,minikube,monitoring-grafana-6f66955c48-hlrcn,monitoring,/kubepods/besteffort/pod9d3fe3f0-8989-47b4-8478-0ae7be66df8d,1780921842,0.0109796057501266
cpu_rate,minikube,chaos-daemon-n6ghj,chaos-testing,/kubepods/besteffort/poda051be83-a7cd-43e4-83d3-76f3c90e8474,1780921842,4.1432407485104245e-05
cpu_rate,minikube,monitoring-kube-prometheus-operator-556b56cc6d-n6dg9,monitoring,/kubepods/besteffort/podc8122519-a592-495f-9353-00a2f23fdf80,1780921842,0.0027073962340898286
cpu_rate,minikube,monitoring-prometheus-node-exporter-pdw8p,monitoring,/kubepods/besteffort/podd35abb3b-34f0-40fa-af55-3ab246fc64c8,1780921842,0.0009486433471924056
cpu_rate,minikube,kube-scheduler-minikube,kube-system,/kubepods/burstable/pod1c7123a121598343200ffd5b015ca580,1780921842,0.004505315085581263
cpu_rate,minikube,shippingservice-55656785c7-lk4mx,boutique,/kubepods/burstable/pod1df51271-c9ea-47fa-8fb2-cf15bbc7c216,1780921842,0.0009307197543192956
cpu_rate,minikube,chaos-controller-manager-659785674d-29q42,chaos-testing,/kubepods/burstable/pod21ab858c-cee8-438c-8682-c786dc3dc044,1780921842,0.0005196487559334748
cpu_rate,minikube,chaos-controller-manager-659785674d-fjb2r,chaos-testing,/kubepods/burstable/pod2569141a-4d05-422e-bcf2-2f01e2f5056d,1780921842,0.005576596745367356
cpu_rate,minikube,coredns-7d764666f9-hxxb8,kube-system,/kubepods/burstable/pod596c18fb-891c-4e87-9b11-83d99dd6d264,1780921842,0.002231062644119883
cpu_rate,minikube,recommendationservice-6f8f67d69-fhrns,boutique,/kubepods/burstable/pod5ded7b1a-44d9-4178-8596-57a9e25f6171,1780921842,0.005847134205742513
cpu_rate,minikube,etcd-minikube,kube-system,/kubepods/burstable/pod5ff8e3b06bbaa8cb7ebc2bf531e48a2f,1780921842,0.026517027206369958
cpu_rate,minikube,emailservice-7466dc585-sv4wh,boutique,/kubepods/burstable/pod6116940a-da83-4761-97dc-892a207b789e,1780921842,0.0015651976336141316
cpu_rate,minikube,cartservice-546c548494-cb4lb,boutique,/kubepods/burstable/pod6ec732c5-cf34-4e25-a3ce-ff4b44ce8d19,1780921842,0.003711556663695783
cpu_rate,minikube,kube-controller-manager-minikube,kube-system,/kubepods/burstable/pod740363cf4388c2d0df59fc97f96b889c,1780921842,0.01374309173710026
cpu_rate,minikube,chaos-dashboard-5b77585c6c-zm7f4,chaos-testing,/kubepods/burstable/pod7d3e8284-7c72-4577-a8fb-79d957f69104,1780921842,0.0024020611513951118
cpu_rate,minikube,chaos-dns-server-6bccb5bb76-gscmn,chaos-testing,/kubepods/burstable/pod8a82a436-ef3f-4750-8f39-dbfde680d0b8,1780921842,0.0021195482253692343
cpu_rate,minikube,coredns-7d764666f9-gmlgd,kube-system,/kubepods/burstable/pod9289fad3-6e91-4617-b97d-6da4631c2f35,1780921842,0.002063140362860612
cpu_rate,minikube,adservice-8576649cff-5bvst,boutique,/kubepods/burstable/pod9d685cd3-17df-43af-a26e-7743c006902d,1780921842,0.0033654848986419987
cpu_rate,minikube,kube-apiserver-minikube,kube-system,/kubepods/burstable/poda6dc00f40d27725f15407f95751ce5f7,1780921842,0.049436359911817655
cpu_rate,minikube,alertmanager-monitoring-kube-prometheus-alertmanager-0,monitoring,/kubepods/burstable/podb5fde93f-2f9a-427f-aa16-8a257f179975,1780921842,0.0004845844020725567
cpu_rate,minikube,currencyservice-fd8f5dfb7-js8gr,boutique,/kubepods/burstable/podc827ec2d-8a9d-4e1c-8017-62c3901eccb4,1780921842,0.006750404173030912
cpu_rate,minikube,redis-cart-6899b65948-ms767,boutique,/kubepods/burstable/podd425db0f-53f9-4bec-9ee1-49e4ced03bb6,1780921842,0.0017617313416663789
cpu_rate,minikube,chaos-controller-manager-659785674d-wbwg8,chaos-testing,/kubepods/burstable/podd7abbfc2-2af5-4b28-b438-3ebef4bafcce,1780921842,0.0005273044366932477
cpu_rate,minikube,paymentservice-6b76dfb449-n8mm2,boutique,/kubepods/burstable/podd9986049-5066-4a99-a156-0bc7b2391961,1780921842,0.0005915964822483697
cpu_rate,minikube,checkoutservice-75b9cd684f-vzdsz,boutique,/kubepods/burstable/pod5827d8c7-6a98-4352-9825-164648474ddc,1780921842,0.0009868712360717625
cpu_rate,minikube,frontend-694b9f76cd-z2pk6,boutique,/kubepods/burstable/podcf6049c2-3667-4622-87ba-b06efa553d48,1780921842,0.011494230219353831
cpu_rate,minikube,productcatalogservice-fb49fc9cc-wptz6,boutique,/kubepods/burstable/pode9d4586d-6739-497d-ae8d-4fd70972eea8,1780921842,0.00557468765371368
cpu_rate,minikube,loadgenerator-7694cd65db-bdz8c,boutique,/kubepods/burstable/pod38d6ef8e-d456-4bd4-95a0-ea6760631a9d,1780921842,0.0030832892781262637
memory_working_set,minikube,kube-proxy-fshvh,kube-system,/kubepods/besteffort/pod2f4efb93-ee48-4c37-b1e1-6f2e54a917c7,1780921842,38440960.0
memory_working_set,minikube,monitoring-kube-state-metrics-868694bc4b-689cm,monitoring,/kubepods/besteffort/pod59c52cc8-67e3-4946-aac6-7ff0ef74285f,1780921842,38301696.0
memory_working_set,minikube,prometheus-monitoring-kube-prometheus-prometheus-0,monitoring,/kubepods/besteffort/pod6bff50b8-f988-4ff2-a8c1-8f95f2c25189,1780921842,317050880.0
memory_working_set,minikube,storage-provisioner,kube-system,/kubepods/besteffort/pod9bffcac8-a0cd-49a4-ad59-cdbf60a579cb,1780921842,20889600.0
memory_working_set,minikube,monitoring-grafana-6f66955c48-hlrcn,monitoring,/kubepods/besteffort/pod9d3fe3f0-8989-47b4-8478-0ae7be66df8d,1780921842,404369408.0
memory_working_set,minikube,chaos-daemon-n6ghj,chaos-testing,/kubepods/besteffort/poda051be83-a7cd-43e4-83d3-76f3c90e8474,1780921842,19193856.0
memory_working_set,minikube,monitoring-kube-prometheus-operator-556b56cc6d-n6dg9,monitoring,/kubepods/besteffort/podc8122519-a592-495f-9353-00a2f23fdf80,1780921842,40681472.0
memory_working_set,minikube,monitoring-prometheus-node-exporter-pdw8p,monitoring,/kubepods/besteffort/podd35abb3b-34f0-40fa-af55-3ab246fc64c8,1780921842,19927040.0
memory_working_set,minikube,kube-scheduler-minikube,kube-system,/kubepods/burstable/pod1c7123a121598343200ffd5b015ca580,1780921842,40878080.0
memory_working_set,minikube,shippingservice-55656785c7-lk4mx,boutique,/kubepods/burstable/pod1df51271-c9ea-47fa-8fb2-cf15bbc7c216,1780921842,15093760.0
memory_working_set,minikube,chaos-controller-manager-659785674d-29q42,chaos-testing,/kubepods/burstable/pod21ab858c-cee8-438c-8682-c786dc3dc044,1780921842,29573120.0
memory_working_set,minikube,chaos-controller-manager-659785674d-fjb2r,chaos-testing,/kubepods/burstable/pod2569141a-4d05-422e-bcf2-2f01e2f5056d,1780921842,36528128.0
memory_working_set,minikube,coredns-7d764666f9-hxxb8,kube-system,/kubepods/burstable/pod596c18fb-891c-4e87-9b11-83d99dd6d264,1780921842,39858176.0
memory_working_set,minikube,recommendationservice-6f8f67d69-fhrns,boutique,/kubepods/burstable/pod5ded7b1a-44d9-4178-8596-57a9e25f6171,1780921842,57823232.0
memory_working_set,minikube,etcd-minikube,kube-system,/kubepods/burstable/pod5ff8e3b06bbaa8cb7ebc2bf531e48a2f,1780921842,87359488.0
memory_working_set,minikube,emailservice-7466dc585-sv4wh,boutique,/kubepods/burstable/pod6116940a-da83-4761-97dc-892a207b789e,1780921842,53194752.0
memory_working_set,minikube,cartservice-546c548494-cb4lb,boutique,/kubepods/burstable/pod6ec732c5-cf34-4e25-a3ce-ff4b44ce8d19,1780921842,71577600.0
memory_working_set,minikube,kube-controller-manager-minikube,kube-system,/kubepods/burstable/pod740363cf4388c2d0df59fc97f96b889c,1780921842,96088064.0
memory_working_set,minikube,chaos-dashboard-5b77585c6c-zm7f4,chaos-testing,/kubepods/burstable/pod7d3e8284-7c72-4577-a8fb-79d957f69104,1780921842,48250880.0
memory_working_set,minikube,chaos-dns-server-6bccb5bb76-gscmn,chaos-testing,/kubepods/burstable/pod8a82a436-ef3f-4750-8f39-dbfde680d0b8,1780921842,28012544.0
memory_working_set,minikube,coredns-7d764666f9-gmlgd,kube-system,/kubepods/burstable/pod9289fad3-6e91-4617-b97d-6da4631c2f35,1780921842,31305728.0
memory_working_set,minikube,adservice-8576649cff-5bvst,boutique,/kubepods/burstable/pod9d685cd3-17df-43af-a26e-7743c006902d,1780921842,112525312.0
memory_working_set,minikube,kube-apiserver-minikube,kube-system,/kubepods/burstable/poda6dc00f40d27725f15407f95751ce5f7,1780921842,588238848.0
memory_working_set,minikube,alertmanager-monitoring-kube-prometheus-alertmanager-0,monitoring,/kubepods/burstable/podb5fde93f-2f9a-427f-aa16-8a257f179975,1780921842,52170752.0
memory_working_set,minikube,currencyservice-fd8f5dfb7-js8gr,boutique,/kubepods/burstable/podc827ec2d-8a9d-4e1c-8017-62c3901eccb4,1780921842,116822016.0
memory_working_set,minikube,redis-cart-6899b65948-ms767,boutique,/kubepods/burstable/podd425db0f-53f9-4bec-9ee1-49e4ced03bb6,1780921842,13557760.0
memory_working_set,minikube,chaos-controller-manager-659785674d-wbwg8,chaos-testing,/kubepods/burstable/podd7abbfc2-2af5-4b28-b438-3ebef4bafcce,1780921842,28041216.0
memory_working_set,minikube,paymentservice-6b76dfb449-n8mm2,boutique,/kubepods/burstable/podd9986049-5066-4a99-a156-0bc7b2391961,1780921842,89456640.0
memory_working_set,minikube,checkoutservice-75b9cd684f-vzdsz,boutique,/kubepods/burstable/pod5827d8c7-6a98-4352-9825-164648474ddc,1780921842,17776640.0
memory_working_set,minikube,frontend-694b9f76cd-z2pk6,boutique,/kubepods/burstable/podcf6049c2-3667-4622-87ba-b06efa553d48,1780921842,23498752.0
memory_working_set,minikube,productcatalogservice-fb49fc9cc-wptz6,boutique,/kubepods/burstable/pode9d4586d-6739-497d-ae8d-4fd70972eea8,1780921842,18632704.0
memory_working_set,minikube,loadgenerator-7694cd65db-bdz8c,boutique,/kubepods/burstable/pod38d6ef8e-d456-4bd4-95a0-ea6760631a9d,1780921842,77950976.0
cpu_rate,minikube,kube-proxy-fshvh,kube-system,/kubepods/besteffort/pod2f4efb93-ee48-4c37-b1e1-6f2e54a917c7,1780921871,0.0003324124617712924
cpu_rate,minikube,monitoring-kube-state-metrics-868694bc4b-689cm,monitoring,/kubepods/besteffort/pod59c52cc8-67e3-4946-aac6-7ff0ef74285f,1780921871,0.000891678726660087
cpu_rate,minikube,prometheus-monitoring-kube-prometheus-prometheus-0,monitoring,/kubepods/besteffort/pod6bff50b8-f988-4ff2-a8c1-8f95f2c25189,1780921871,0.010353242936995305
cpu_rate,minikube,storage-provisioner,kube-system,/kubepods/besteffort/pod9bffcac8-a0cd-49a4-ad59-cdbf60a579cb,1780921871,0.0015290406721057527
cpu_rate,minikube,monitoring-grafana-6f66955c48-hlrcn,monitoring,/kubepods/besteffort/pod9d3fe3f0-8989-47b4-8478-0ae7be66df8d,1780921871,0.010769796001783299
cpu_rate,minikube,chaos-daemon-n6ghj,chaos-testing,/kubepods/besteffort/poda051be83-a7cd-43e4-83d3-76f3c90e8474,1780921871,4.2654640158582924e-05
cpu_rate,minikube,monitoring-kube-prometheus-operator-556b56cc6d-n6dg9,monitoring,/kubepods/besteffort/podc8122519-a592-495f-9353-00a2f23fdf80,1780921871,0.002455353035996678
cpu_rate,minikube,monitoring-prometheus-node-exporter-pdw8p,monitoring,/kubepods/besteffort/podd35abb3b-34f0-40fa-af55-3ab246fc64c8,1780921871,0.00106973766328793
cpu_rate,minikube,kube-scheduler-minikube,kube-system,/kubepods/burstable/pod1c7123a121598343200ffd5b015ca580,1780921871,0.004030708243936303
cpu_rate,minikube,shippingservice-55656785c7-lk4mx,boutique,/kubepods/burstable/pod1df51271-c9ea-47fa-8fb2-cf15bbc7c216,1780921871,0.0007872774382131044
cpu_rate,minikube,chaos-controller-manager-659785674d-29q42,chaos-testing,/kubepods/burstable/pod21ab858c-cee8-438c-8682-c786dc3dc044,1780921871,0.0004748444535928452
cpu_rate,minikube,chaos-controller-manager-659785674d-fjb2r,chaos-testing,/kubepods/burstable/pod2569141a-4d05-422e-bcf2-2f01e2f5056d,1780921871,0.005632869063688778
cpu_rate,minikube,coredns-7d764666f9-hxxb8,kube-system,/kubepods/burstable/pod596c18fb-891c-4e87-9b11-83d99dd6d264,1780921871,0.0019183072997097045
cpu_rate,minikube,recommendationservice-6f8f67d69-fhrns,boutique,/kubepods/burstable/pod5ded7b1a-44d9-4178-8596-57a9e25f6171,1780921871,0.0058081244852334355
cpu_rate,minikube,etcd-minikube,kube-system,/kubepods/burstable/pod5ff8e3b06bbaa8cb7ebc2bf531e48a2f,1780921871,0.026627099688852934
cpu_rate,minikube,emailservice-7466dc585-sv4wh,boutique,/kubepods/burstable/pod6116940a-da83-4761-97dc-892a207b789e,1780921871,0.0014601962474248146
cpu_rate,minikube,cartservice-546c548494-cb4lb,boutique,/kubepods/burstable/pod6ec732c5-cf34-4e25-a3ce-ff4b44ce8d19,1780921871,0.004376685877250221
cpu_rate,minikube,kube-controller-manager-minikube,kube-system,/kubepods/burstable/pod740363cf4388c2d0df59fc97f96b889c,1780921871,0.011967596753774266
cpu_rate,minikube,chaos-dashboard-5b77585c6c-zm7f4,chaos-testing,/kubepods/burstable/pod7d3e8284-7c72-4577-a8fb-79d957f69104,1780921871,0.002243599830539235
cpu_rate,minikube,chaos-dns-server-6bccb5bb76-gscmn,chaos-testing,/kubepods/burstable/pod8a82a436-ef3f-4750-8f39-dbfde680d0b8,1780921871,0.0018989991474527375
cpu_rate,minikube,coredns-7d764666f9-gmlgd,kube-system,/kubepods/burstable/pod9289fad3-6e91-4617-b97d-6da4631c2f35,1780921871,0.0018783566135772065
cpu_rate,minikube,adservice-8576649cff-5bvst,boutique,/kubepods/burstable/pod9d685cd3-17df-43af-a26e-7743c006902d,1780921871,0.003583869263059234
cpu_rate,minikube,kube-apiserver-minikube,kube-system,/kubepods/burstable/poda6dc00f40d27725f15407f95751ce5f7,1780921871,0.0427828300026321
cpu_rate,minikube,alertmanager-monitoring-kube-prometheus-alertmanager-0,monitoring,/kubepods/burstable/podb5fde93f-2f9a-427f-aa16-8a257f179975,1780921871,0.0006503201396973261
cpu_rate,minikube,currencyservice-fd8f5dfb7-js8gr,boutique,/kubepods/burstable/podc827ec2d-8a9d-4e1c-8017-62c3901eccb4,1780921871,0.006318638137793533
cpu_rate,minikube,redis-cart-6899b65948-ms767,boutique,/kubepods/burstable/podd425db0f-53f9-4bec-9ee1-49e4ced03bb6,1780921871,0.0019238628324109019
cpu_rate,minikube,chaos-controller-manager-659785674d-wbwg8,chaos-testing,/kubepods/burstable/podd7abbfc2-2af5-4b28-b438-3ebef4bafcce,1780921871,0.0005975498243937019
cpu_rate,minikube,paymentservice-6b76dfb449-n8mm2,boutique,/kubepods/burstable/podd9986049-5066-4a99-a156-0bc7b2391961,1780921871,0.0005143898642744935
cpu_rate,minikube,checkoutservice-75b9cd684f-vzdsz,boutique,/kubepods/burstable/pod5827d8c7-6a98-4352-9825-164648474ddc,1780921871,0.0008960409883546758
cpu_rate,minikube,frontend-694b9f76cd-z2pk6,boutique,/kubepods/burstable/podcf6049c2-3667-4622-87ba-b06efa553d48,1780921871,0.011499397445167987
cpu_rate,minikube,productcatalogservice-fb49fc9cc-wptz6,boutique,/kubepods/burstable/pode9d4586d-6739-497d-ae8d-4fd70972eea8,1780921871,0.005529596932855545
cpu_rate,minikube,loadgenerator-7694cd65db-bdz8c,boutique,/kubepods/burstable/pod38d6ef8e-d456-4bd4-95a0-ea6760631a9d,1780921871,0.003064316748692714
memory_working_set,minikube,kube-proxy-fshvh,kube-system,/kubepods/besteffort/pod2f4efb93-ee48-4c37-b1e1-6f2e54a917c7,1780921871,38445056.0
memory_working_set,minikube,monitoring-kube-state-metrics-868694bc4b-689cm,monitoring,/kubepods/besteffort/pod59c52cc8-67e3-4946-aac6-7ff0ef74285f,1780921871,38309888.0
memory_working_set,minikube,prometheus-monitoring-kube-prometheus-prometheus-0,monitoring,/kubepods/besteffort/pod6bff50b8-f988-4ff2-a8c1-8f95f2c25189,1780921871,317042688.0
memory_working_set,minikube,storage-provisioner,kube-system,/kubepods/besteffort/pod9bffcac8-a0cd-49a4-ad59-cdbf60a579cb,1780921871,21143552.0
memory_working_set,minikube,monitoring-grafana-6f66955c48-hlrcn,monitoring,/kubepods/besteffort/pod9d3fe3f0-8989-47b4-8478-0ae7be66df8d,1780921871,404369408.0
memory_working_set,minikube,chaos-daemon-n6ghj,chaos-testing,/kubepods/besteffort/poda051be83-a7cd-43e4-83d3-76f3c90e8474,1780921871,19193856.0
memory_working_set,minikube,monitoring-kube-prometheus-operator-556b56cc6d-n6dg9,monitoring,/kubepods/besteffort/podc8122519-a592-495f-9353-00a2f23fdf80,1780921871,40419328.0
memory_working_set,minikube,monitoring-prometheus-node-exporter-pdw8p,monitoring,/kubepods/besteffort/podd35abb3b-34f0-40fa-af55-3ab246fc64c8,1780921871,19615744.0
memory_working_set,minikube,kube-scheduler-minikube,kube-system,/kubepods/burstable/pod1c7123a121598343200ffd5b015ca580,1780921871,40882176.0
memory_working_set,minikube,shippingservice-55656785c7-lk4mx,boutique,/kubepods/burstable/pod1df51271-c9ea-47fa-8fb2-cf15bbc7c216,1780921871,15089664.0
memory_working_set,minikube,chaos-controller-manager-659785674d-29q42,chaos-testing,/kubepods/burstable/pod21ab858c-cee8-438c-8682-c786dc3dc044,1780921871,29835264.0
memory_working_set,minikube,chaos-controller-manager-659785674d-fjb2r,chaos-testing,/kubepods/burstable/pod2569141a-4d05-422e-bcf2-2f01e2f5056d,1780921871,36528128.0
memory_working_set,minikube,coredns-7d764666f9-hxxb8,kube-system,/kubepods/burstable/pod596c18fb-891c-4e87-9b11-83d99dd6d264,1780921871,39841792.0
memory_working_set,minikube,recommendationservice-6f8f67d69-fhrns,boutique,/kubepods/burstable/pod5ded7b1a-44d9-4178-8596-57a9e25f6171,1780921871,57823232.0
memory_working_set,minikube,etcd-minikube,kube-system,/kubepods/burstable/pod5ff8e3b06bbaa8cb7ebc2bf531e48a2f,1780921871,87711744.0
memory_working_set,minikube,emailservice-7466dc585-sv4wh,boutique,/kubepods/burstable/pod6116940a-da83-4761-97dc-892a207b789e,1780921871,53194752.0
memory_working_set,minikube,cartservice-546c548494-cb4lb,boutique,/kubepods/burstable/pod6ec732c5-cf34-4e25-a3ce-ff4b44ce8d19,1780921871,71606272.0
memory_working_set,minikube,kube-controller-manager-minikube,kube-system,/kubepods/burstable/pod740363cf4388c2d0df59fc97f96b889c,1780921871,96088064.0
memory_working_set,minikube,chaos-dashboard-5b77585c6c-zm7f4,chaos-testing,/kubepods/burstable/pod7d3e8284-7c72-4577-a8fb-79d957f69104,1780921871,48250880.0
memory_working_set,minikube,chaos-dns-server-6bccb5bb76-gscmn,chaos-testing,/kubepods/burstable/pod8a82a436-ef3f-4750-8f39-dbfde680d0b8,1780921871,28024832.0
memory_working_set,minikube,coredns-7d764666f9-gmlgd,kube-system,/kubepods/burstable/pod9289fad3-6e91-4617-b97d-6da4631c2f35,1780921871,31559680.0
memory_working_set,minikube,adservice-8576649cff-5bvst,boutique,/kubepods/burstable/pod9d685cd3-17df-43af-a26e-7743c006902d,1780921871,112525312.0
memory_working_set,minikube,kube-apiserver-minikube,kube-system,/kubepods/burstable/poda6dc00f40d27725f15407f95751ce5f7,1780921871,588242944.0
memory_working_set,minikube,alertmanager-monitoring-kube-prometheus-alertmanager-0,monitoring,/kubepods/burstable/podb5fde93f-2f9a-427f-aa16-8a257f179975,1780921871,52535296.0
memory_working_set,minikube,currencyservice-fd8f5dfb7-js8gr,boutique,/kubepods/burstable/podc827ec2d-8a9d-4e1c-8017-62c3901eccb4,1780921871,117006336.0
memory_working_set,minikube,redis-cart-6899b65948-ms767,boutique,/kubepods/burstable/podd425db0f-53f9-4bec-9ee1-49e4ced03bb6,1780921871,13819904.0
memory_working_set,minikube,chaos-controller-manager-659785674d-wbwg8,chaos-testing,/kubepods/burstable/podd7abbfc2-2af5-4b28-b438-3ebef4bafcce,1780921871,28041216.0
memory_working_set,minikube,paymentservice-6b76dfb449-n8mm2,boutique,/kubepods/burstable/podd9986049-5066-4a99-a156-0bc7b2391961,1780921871,89669632.0
memory_working_set,minikube,checkoutservice-75b9cd684f-vzdsz,boutique,/kubepods/burstable/pod5827d8c7-6a98-4352-9825-164648474ddc,1780921871,17784832.0
memory_working_set,minikube,frontend-694b9f76cd-z2pk6,boutique,/kubepods/burstable/podcf6049c2-3667-4622-87ba-b06efa553d48,1780921871,24363008.0
memory_working_set,minikube,productcatalogservice-fb49fc9cc-wptz6,boutique,/kubepods/burstable/pode9d4586d-6739-497d-ae8d-4fd70972eea8,1780921871,18546688.0
memory_working_set,minikube,loadgenerator-7694cd65db-bdz8c,boutique,/kubepods/burstable/pod38d6ef8e-d456-4bd4-95a0-ea6760631a9d,1780921871,77955072.0
cpu_rate,minikube,kube-proxy-fshvh,kube-system,/kubepods/besteffort/pod2f4efb93-ee48-4c37-b1e1-6f2e54a917c7,1780921900,0.0004367968553337251
cpu_rate,minikube,monitoring-kube-state-metrics-868694bc4b-689cm,monitoring,/kubepods/besteffort/pod59c52cc8-67e3-4946-aac6-7ff0ef74285f,1780921900,0.000931207046106612
cpu_rate,minikube,prometheus-monitoring-kube-prometheus-prometheus-0,monitoring,/kubepods/besteffort/pod6bff50b8-f988-4ff2-a8c1-8f95f2c25189,1780921900,0.013303302430468554
cpu_rate,minikube,storage-provisioner,kube-system,/kubepods/besteffort/pod9bffcac8-a0cd-49a4-ad59-cdbf60a579cb,1780921900,0.0016846235177045783
cpu_rate,minikube,monitoring-grafana-6f66955c48-hlrcn,monitoring,/kubepods/besteffort/pod9d3fe3f0-8989-47b4-8478-0ae7be66df8d,1780921900,0.009314872215455421
cpu_rate,minikube,chaos-daemon-n6ghj,chaos-testing,/kubepods/besteffort/poda051be83-a7cd-43e4-83d3-76f3c90e8474,1780921900,4.0032585877364044e-05
cpu_rate,minikube,monitoring-kube-prometheus-operator-556b56cc6d-n6dg9,monitoring,/kubepods/besteffort/podc8122519-a592-495f-9353-00a2f23fdf80,1780921900,0.002510965292524881
cpu_rate,minikube,monitoring-prometheus-node-exporter-pdw8p,monitoring,/kubepods/besteffort/podd35abb3b-34f0-40fa-af55-3ab246fc64c8,1780921900,0.0011959351298881865
cpu_rate,minikube,kube-scheduler-minikube,kube-system,/kubepods/burstable/pod1c7123a121598343200ffd5b015ca580,1780921900,0.004368197251571838
cpu_rate,minikube,shippingservice-55656785c7-lk4mx,boutique,/kubepods/burstable/pod1df51271-c9ea-47fa-8fb2-cf15bbc7c216,1780921900,0.0008908540008905398
cpu_rate,minikube,chaos-controller-manager-659785674d-29q42,chaos-testing,/kubepods/burstable/pod21ab858c-cee8-438c-8682-c786dc3dc044,1780921900,0.0004671607566948018
cpu_rate,minikube,chaos-controller-manager-659785674d-fjb2r,chaos-testing,/kubepods/burstable/pod2569141a-4d05-422e-bcf2-2f01e2f5056d,1780921900,0.004761156750280211
cpu_rate,minikube,coredns-7d764666f9-hxxb8,kube-system,/kubepods/burstable/pod596c18fb-891c-4e87-9b11-83d99dd6d264,1780921900,0.0018481811753585425
cpu_rate,minikube,recommendationservice-6f8f67d69-fhrns,boutique,/kubepods/burstable/pod5ded7b1a-44d9-4178-8596-57a9e25f6171,1780921900,0.005229346746205846
cpu_rate,minikube,etcd-minikube,kube-system,/kubepods/burstable/pod5ff8e3b06bbaa8cb7ebc2bf531e48a2f,1780921900,0.022959896710398
cpu_rate,minikube,emailservice-7466dc585-sv4wh,boutique,/kubepods/burstable/pod6116940a-da83-4761-97dc-892a207b789e,1780921900,0.0014025824236521332
cpu_rate,minikube,cartservice-546c548494-cb4lb,boutique,/kubepods/burstable/pod6ec732c5-cf34-4e25-a3ce-ff4b44ce8d19,1780921900,0.003540906389152677
cpu_rate,minikube,kube-controller-manager-minikube,kube-system,/kubepods/burstable/pod740363cf4388c2d0df59fc97f96b889c,1780921900,0.013908258222189352
cpu_rate,minikube,chaos-dashboard-5b77585c6c-zm7f4,chaos-testing,/kubepods/burstable/pod7d3e8284-7c72-4577-a8fb-79d957f69104,1780921900,0.002344370039682561
cpu_rate,minikube,chaos-dns-server-6bccb5bb76-gscmn,chaos-testing,/kubepods/burstable/pod8a82a436-ef3f-4750-8f39-dbfde680d0b8,1780921900,0.0022291024809469474
cpu_rate,minikube,coredns-7d764666f9-gmlgd,kube-system,/kubepods/burstable/pod9289fad3-6e91-4617-b97d-6da4631c2f35,1780921900,0.002166593584880888
cpu_rate,minikube,adservice-8576649cff-5bvst,boutique,/kubepods/burstable/pod9d685cd3-17df-43af-a26e-7743c006902d,1780921900,0.0012566315019208107
cpu_rate,minikube,kube-apiserver-minikube,kube-system,/kubepods/burstable/poda6dc00f40d27725f15407f95751ce5f7,1780921900,0.03978483055555494
cpu_rate,minikube,alertmanager-monitoring-kube-prometheus-alertmanager-0,monitoring,/kubepods/burstable/podb5fde93f-2f9a-427f-aa16-8a257f179975,1780921900,0.000745970250748606
cpu_rate,minikube,currencyservice-fd8f5dfb7-js8gr,boutique,/kubepods/burstable/podc827ec2d-8a9d-4e1c-8017-62c3901eccb4,1780921900,0.005755539250713352
cpu_rate,minikube,redis-cart-6899b65948-ms767,boutique,/kubepods/burstable/podd425db0f-53f9-4bec-9ee1-49e4ced03bb6,1780921900,0.001902215969046801
cpu_rate,minikube,chaos-controller-manager-659785674d-wbwg8,chaos-testing,/kubepods/burstable/podd7abbfc2-2af5-4b28-b438-3ebef4bafcce,1780921900,0.0004266950045449127
cpu_rate,minikube,paymentservice-6b76dfb449-n8mm2,boutique,/kubepods/burstable/podd9986049-5066-4a99-a156-0bc7b2391961,1780921900,0.0004649100000000317
cpu_rate,minikube,checkoutservice-75b9cd684f-vzdsz,boutique,/kubepods/burstable/pod5827d8c7-6a98-4352-9825-164648474ddc,1780921900,0.0008046152732969001
cpu_rate,minikube,frontend-694b9f76cd-z2pk6,boutique,/kubepods/burstable/podcf6049c2-3667-4622-87ba-b06efa553d48,1780921900,0.011202570418763796
cpu_rate,minikube,productcatalogservice-fb49fc9cc-wptz6,boutique,/kubepods/burstable/pode9d4586d-6739-497d-ae8d-4fd70972eea8,1780921900,0.005041092370657044
cpu_rate,minikube,loadgenerator-7694cd65db-bdz8c,boutique,/kubepods/burstable/pod38d6ef8e-d456-4bd4-95a0-ea6760631a9d,1780921900,0.0027271793165437055
memory_working_set,minikube,kube-proxy-fshvh,kube-system,/kubepods/besteffort/pod2f4efb93-ee48-4c37-b1e1-6f2e54a917c7,1780921900,37642240.0
memory_working_set,minikube,monitoring-kube-state-metrics-868694bc4b-689cm,monitoring,/kubepods/besteffort/pod59c52cc8-67e3-4946-aac6-7ff0ef74285f,1780921900,38309888.0
memory_working_set,minikube,prometheus-monitoring-kube-prometheus-prometheus-0,monitoring,/kubepods/besteffort/pod6bff50b8-f988-4ff2-a8c1-8f95f2c25189,1780921900,309608448.0
memory_working_set,minikube,storage-provisioner,kube-system,/kubepods/besteffort/pod9bffcac8-a0cd-49a4-ad59-cdbf60a579cb,1780921900,20742144.0
memory_working_set,minikube,monitoring-grafana-6f66955c48-hlrcn,monitoring,/kubepods/besteffort/pod9d3fe3f0-8989-47b4-8478-0ae7be66df8d,1780921900,404373504.0
memory_working_set,minikube,chaos-daemon-n6ghj,chaos-testing,/kubepods/besteffort/poda051be83-a7cd-43e4-83d3-76f3c90e8474,1780921900,19193856.0
memory_working_set,minikube,monitoring-kube-prometheus-operator-556b56cc6d-n6dg9,monitoring,/kubepods/besteffort/podc8122519-a592-495f-9353-00a2f23fdf80,1780921900,40423424.0
memory_working_set,minikube,monitoring-prometheus-node-exporter-pdw8p,monitoring,/kubepods/besteffort/podd35abb3b-34f0-40fa-af55-3ab246fc64c8,1780921900,20353024.0
memory_working_set,minikube,kube-scheduler-minikube,kube-system,/kubepods/burstable/pod1c7123a121598343200ffd5b015ca580,1780921900,40878080.0
memory_working_set,minikube,shippingservice-55656785c7-lk4mx,boutique,/kubepods/burstable/pod1df51271-c9ea-47fa-8fb2-cf15bbc7c216,1780921900,15093760.0
memory_working_set,minikube,chaos-controller-manager-659785674d-29q42,chaos-testing,/kubepods/burstable/pod21ab858c-cee8-438c-8682-c786dc3dc044,1780921900,29573120.0
memory_working_set,minikube,chaos-controller-manager-659785674d-fjb2r,chaos-testing,/kubepods/burstable/pod2569141a-4d05-422e-bcf2-2f01e2f5056d,1780921900,36528128.0
memory_working_set,minikube,coredns-7d764666f9-hxxb8,kube-system,/kubepods/burstable/pod596c18fb-891c-4e87-9b11-83d99dd6d264,1780921900,39849984.0
memory_working_set,minikube,recommendationservice-6f8f67d69-fhrns,boutique,/kubepods/burstable/pod5ded7b1a-44d9-4178-8596-57a9e25f6171,1780921900,57823232.0
memory_working_set,minikube,etcd-minikube,kube-system,/kubepods/burstable/pod5ff8e3b06bbaa8cb7ebc2bf531e48a2f,1780921900,87728128.0
memory_working_set,minikube,emailservice-7466dc585-sv4wh,boutique,/kubepods/burstable/pod6116940a-da83-4761-97dc-892a207b789e,1780921900,53194752.0
memory_working_set,minikube,cartservice-546c548494-cb4lb,boutique,/kubepods/burstable/pod6ec732c5-cf34-4e25-a3ce-ff4b44ce8d19,1780921900,71610368.0
memory_working_set,minikube,kube-controller-manager-minikube,kube-system,/kubepods/burstable/pod740363cf4388c2d0df59fc97f96b889c,1780921900,96088064.0
memory_working_set,minikube,chaos-dashboard-5b77585c6c-zm7f4,chaos-testing,/kubepods/burstable/pod7d3e8284-7c72-4577-a8fb-79d957f69104,1780921900,48250880.0
memory_working_set,minikube,chaos-dns-server-6bccb5bb76-gscmn,chaos-testing,/kubepods/burstable/pod8a82a436-ef3f-4750-8f39-dbfde680d0b8,1780921900,28020736.0
memory_working_set,minikube,coredns-7d764666f9-gmlgd,kube-system,/kubepods/burstable/pod9289fad3-6e91-4617-b97d-6da4631c2f35,1780921900,31305728.0
memory_working_set,minikube,adservice-8576649cff-5bvst,boutique,/kubepods/burstable/pod9d685cd3-17df-43af-a26e-7743c006902d,1780921900,112402432.0
memory_working_set,minikube,kube-apiserver-minikube,kube-system,/kubepods/burstable/poda6dc00f40d27725f15407f95751ce5f7,1780921900,533590016.0
memory_working_set,minikube,alertmanager-monitoring-kube-prometheus-alertmanager-0,monitoring,/kubepods/burstable/podb5fde93f-2f9a-427f-aa16-8a257f179975,1780921900,53166080.0
memory_working_set,minikube,currencyservice-fd8f5dfb7-js8gr,boutique,/kubepods/burstable/podc827ec2d-8a9d-4e1c-8017-62c3901eccb4,1780921900,117555200.0
memory_working_set,minikube,redis-cart-6899b65948-ms767,boutique,/kubepods/burstable/podd425db0f-53f9-4bec-9ee1-49e4ced03bb6,1780921900,13819904.0
memory_working_set,minikube,chaos-controller-manager-659785674d-wbwg8,chaos-testing,/kubepods/burstable/podd7abbfc2-2af5-4b28-b438-3ebef4bafcce,1780921900,28065792.0
memory_working_set,minikube,paymentservice-6b76dfb449-n8mm2,boutique,/kubepods/burstable/podd9986049-5066-4a99-a156-0bc7b2391961,1780921900,89346048.0
memory_working_set,minikube,checkoutservice-75b9cd684f-vzdsz,boutique,/kubepods/burstable/pod5827d8c7-6a98-4352-9825-164648474ddc,1780921900,17870848.0
memory_working_set,minikube,frontend-694b9f76cd-z2pk6,boutique,/kubepods/burstable/podcf6049c2-3667-4622-87ba-b06efa553d48,1780921900,23924736.0
memory_working_set,minikube,productcatalogservice-fb49fc9cc-wptz6,boutique,/kubepods/burstable/pode9d4586d-6739-497d-ae8d-4fd70972eea8,1780921900,18726912.0
memory_working_set,minikube,loadgenerator-7694cd65db-bdz8c,boutique,/kubepods/burstable/pod38d6ef8e-d456-4bd4-95a0-ea6760631a9d,1780921900,77967360.0
cpu_rate,minikube,kube-proxy-fshvh,kube-system,/kubepods/besteffort/pod2f4efb93-ee48-4c37-b1e1-6f2e54a917c7,1780921929,0.00043947195230538785
cpu_rate,minikube,monitoring-kube-state-metrics-868694bc4b-689cm,monitoring,/kubepods/besteffort/pod59c52cc8-67e3-4946-aac6-7ff0ef74285f,1780921929,0.0007047274279189745
cpu_rate,minikube,prometheus-monitoring-kube-prometheus-prometheus-0,monitoring,/kubepods/besteffort/pod6bff50b8-f988-4ff2-a8c1-8f95f2c25189,1780921929,0.012536293007768779
cpu_rate,minikube,storage-provisioner,kube-system,/kubepods/besteffort/pod9bffcac8-a0cd-49a4-ad59-cdbf60a579cb,1780921929,0.0014249258250135428
cpu_rate,minikube,monitoring-grafana-6f66955c48-hlrcn,monitoring,/kubepods/besteffort/pod9d3fe3f0-8989-47b4-8478-0ae7be66df8d,1780921929,0.00986062315681531
cpu_rate,minikube,chaos-daemon-n6ghj,chaos-testing,/kubepods/besteffort/poda051be83-a7cd-43e4-83d3-76f3c90e8474,1780921929,4.087064163400063e-05
cpu_rate,minikube,monitoring-kube-prometheus-operator-556b56cc6d-n6dg9,monitoring,/kubepods/besteffort/podc8122519-a592-495f-9353-00a2f23fdf80,1780921929,0.0023885884559479856
cpu_rate,minikube,monitoring-prometheus-node-exporter-pdw8p,monitoring,/kubepods/besteffort/podd35abb3b-34f0-40fa-af55-3ab246fc64c8,1780921929,0.0012444903033687167
cpu_rate,minikube,kube-scheduler-minikube,kube-system,/kubepods/burstable/pod1c7123a121598343200ffd5b015ca580,1780921929,0.004463227735875634
cpu_rate,minikube,shippingservice-55656785c7-lk4mx,boutique,/kubepods/burstable/pod1df51271-c9ea-47fa-8fb2-cf15bbc7c216,1780921929,0.0008587724118281607
cpu_rate,minikube,chaos-controller-manager-659785674d-29q42,chaos-testing,/kubepods/burstable/pod21ab858c-cee8-438c-8682-c786dc3dc044,1780921929,0.0004565147970164762
cpu_rate,minikube,chaos-controller-manager-659785674d-fjb2r,chaos-testing,/kubepods/burstable/pod2569141a-4d05-422e-bcf2-2f01e2f5056d,1780921929,0.0048468370014616525
cpu_rate,minikube,coredns-7d764666f9-hxxb8,kube-system,/kubepods/burstable/pod596c18fb-891c-4e87-9b11-83d99dd6d264,1780921929,0.00210759098393227
cpu_rate,minikube,recommendationservice-6f8f67d69-fhrns,boutique,/kubepods/burstable/pod5ded7b1a-44d9-4178-8596-57a9e25f6171,1780921929,0.005880491243341325
cpu_rate,minikube,etcd-minikube,kube-system,/kubepods/burstable/pod5ff8e3b06bbaa8cb7ebc2bf531e48a2f,1780921929,0.026244049313010536
cpu_rate,minikube,emailservice-7466dc585-sv4wh,boutique,/kubepods/burstable/pod6116940a-da83-4761-97dc-892a207b789e,1780921929,0.0013660245285692036
cpu_rate,minikube,cartservice-546c548494-cb4lb,boutique,/kubepods/burstable/pod6ec732c5-cf34-4e25-a3ce-ff4b44ce8d19,1780921929,0.003893682704615689
cpu_rate,minikube,kube-controller-manager-minikube,kube-system,/kubepods/burstable/pod740363cf4388c2d0df59fc97f96b889c,1780921929,0.013748778475202976
cpu_rate,minikube,chaos-dashboard-5b77585c6c-zm7f4,chaos-testing,/kubepods/burstable/pod7d3e8284-7c72-4577-a8fb-79d957f69104,1780921929,0.0022929529111575223
cpu_rate,minikube,chaos-dns-server-6bccb5bb76-gscmn,chaos-testing,/kubepods/burstable/pod8a82a436-ef3f-4750-8f39-dbfde680d0b8,1780921929,0.002040039758490388
cpu_rate,minikube,coredns-7d764666f9-gmlgd,kube-system,/kubepods/burstable/pod9289fad3-6e91-4617-b97d-6da4631c2f35,1780921929,0.0019975691540189563
cpu_rate,minikube,adservice-8576649cff-5bvst,boutique,/kubepods/burstable/pod9d685cd3-17df-43af-a26e-7743c006902d,1780921929,0.0012737519784402184
cpu_rate,minikube,kube-apiserver-minikube,kube-system,/kubepods/burstable/poda6dc00f40d27725f15407f95751ce5f7,1780921929,0.048542369178989395
cpu_rate,minikube,alertmanager-monitoring-kube-prometheus-alertmanager-0,monitoring,/kubepods/burstable/podb5fde93f-2f9a-427f-aa16-8a257f179975,1780921929,0.0007680085892778643
cpu_rate,minikube,currencyservice-fd8f5dfb7-js8gr,boutique,/kubepods/burstable/podc827ec2d-8a9d-4e1c-8017-62c3901eccb4,1780921929,0.005784465252262332
cpu_rate,minikube,redis-cart-6899b65948-ms767,boutique,/kubepods/burstable/podd425db0f-53f9-4bec-9ee1-49e4ced03bb6,1780921929,0.0018849594914849355
cpu_rate,minikube,chaos-controller-manager-659785674d-wbwg8,chaos-testing,/kubepods/burstable/podd7abbfc2-2af5-4b28-b438-3ebef4bafcce,1780921929,0.0004286099946007668
cpu_rate,minikube,paymentservice-6b76dfb449-n8mm2,boutique,/kubepods/burstable/podd9986049-5066-4a99-a156-0bc7b2391961,1780921929,0.0005842620736237872
cpu_rate,minikube,checkoutservice-75b9cd684f-vzdsz,boutique,/kubepods/burstable/pod5827d8c7-6a98-4352-9825-164648474ddc,1780921929,0.0006850094996440713
cpu_rate,minikube,frontend-694b9f76cd-z2pk6,boutique,/kubepods/burstable/podcf6049c2-3667-4622-87ba-b06efa553d48,1780921929,0.011440057285020426
cpu_rate,minikube,productcatalogservice-fb49fc9cc-wptz6,boutique,/kubepods/burstable/pode9d4586d-6739-497d-ae8d-4fd70972eea8,1780921929,0.005353552210704069
cpu_rate,minikube,loadgenerator-7694cd65db-bdz8c,boutique,/kubepods/burstable/pod38d6ef8e-d456-4bd4-95a0-ea6760631a9d,1780921929,0.0027183825990792073
memory_working_set,minikube,kube-proxy-fshvh,kube-system,/kubepods/besteffort/pod2f4efb93-ee48-4c37-b1e1-6f2e54a917c7,1780921930,37646336.0
memory_working_set,minikube,monitoring-kube-state-metrics-868694bc4b-689cm,monitoring,/kubepods/besteffort/pod59c52cc8-67e3-4946-aac6-7ff0ef74285f,1780921930,38305792.0
memory_working_set,minikube,prometheus-monitoring-kube-prometheus-prometheus-0,monitoring,/kubepods/besteffort/pod6bff50b8-f988-4ff2-a8c1-8f95f2c25189,1780921930,310435840.0
memory_working_set,minikube,storage-provisioner,kube-system,/kubepods/besteffort/pod9bffcac8-a0cd-49a4-ad59-cdbf60a579cb,1780921930,21262336.0
memory_working_set,minikube,monitoring-grafana-6f66955c48-hlrcn,monitoring,/kubepods/besteffort/pod9d3fe3f0-8989-47b4-8478-0ae7be66df8d,1780921930,404369408.0
memory_working_set,minikube,chaos-daemon-n6ghj,chaos-testing,/kubepods/besteffort/poda051be83-a7cd-43e4-83d3-76f3c90e8474,1780921930,19193856.0
memory_working_set,minikube,monitoring-kube-prometheus-operator-556b56cc6d-n6dg9,monitoring,/kubepods/besteffort/podc8122519-a592-495f-9353-00a2f23fdf80,1780921930,40681472.0
memory_working_set,minikube,monitoring-prometheus-node-exporter-pdw8p,monitoring,/kubepods/besteffort/podd35abb3b-34f0-40fa-af55-3ab246fc64c8,1780921930,18862080.0
memory_working_set,minikube,kube-scheduler-minikube,kube-system,/kubepods/burstable/pod1c7123a121598343200ffd5b015ca580,1780921930,40878080.0
memory_working_set,minikube,shippingservice-55656785c7-lk4mx,boutique,/kubepods/burstable/pod1df51271-c9ea-47fa-8fb2-cf15bbc7c216,1780921930,15089664.0
memory_working_set,minikube,chaos-controller-manager-659785674d-29q42,chaos-testing,/kubepods/burstable/pod21ab858c-cee8-438c-8682-c786dc3dc044,1780921930,29577216.0
memory_working_set,minikube,chaos-controller-manager-659785674d-fjb2r,chaos-testing,/kubepods/burstable/pod2569141a-4d05-422e-bcf2-2f01e2f5056d,1780921930,36528128.0
memory_working_set,minikube,coredns-7d764666f9-hxxb8,kube-system,/kubepods/burstable/pod596c18fb-891c-4e87-9b11-83d99dd6d264,1780921930,39452672.0
memory_working_set,minikube,recommendationservice-6f8f67d69-fhrns,boutique,/kubepods/burstable/pod5ded7b1a-44d9-4178-8596-57a9e25f6171,1780921930,57831424.0
memory_working_set,minikube,etcd-minikube,kube-system,/kubepods/burstable/pod5ff8e3b06bbaa8cb7ebc2bf531e48a2f,1780921930,89657344.0
memory_working_set,minikube,emailservice-7466dc585-sv4wh,boutique,/kubepods/burstable/pod6116940a-da83-4761-97dc-892a207b789e,1780921930,53194752.0
memory_working_set,minikube,cartservice-546c548494-cb4lb,boutique,/kubepods/burstable/pod6ec732c5-cf34-4e25-a3ce-ff4b44ce8d19,1780921930,71602176.0
memory_working_set,minikube,kube-controller-manager-minikube,kube-system,/kubepods/burstable/pod740363cf4388c2d0df59fc97f96b889c,1780921930,96092160.0
memory_working_set,minikube,chaos-dashboard-5b77585c6c-zm7f4,chaos-testing,/kubepods/burstable/pod7d3e8284-7c72-4577-a8fb-79d957f69104,1780921930,48250880.0
memory_working_set,minikube,chaos-dns-server-6bccb5bb76-gscmn,chaos-testing,/kubepods/burstable/pod8a82a436-ef3f-4750-8f39-dbfde680d0b8,1780921930,28282880.0
memory_working_set,minikube,coredns-7d764666f9-gmlgd,kube-system,/kubepods/burstable/pod9289fad3-6e91-4617-b97d-6da4631c2f35,1780921930,29171712.0
memory_working_set,minikube,adservice-8576649cff-5bvst,boutique,/kubepods/burstable/pod9d685cd3-17df-43af-a26e-7743c006902d,1780921930,112402432.0
memory_working_set,minikube,kube-apiserver-minikube,kube-system,/kubepods/burstable/poda6dc00f40d27725f15407f95751ce5f7,1780921930,579514368.0
memory_working_set,minikube,alertmanager-monitoring-kube-prometheus-alertmanager-0,monitoring,/kubepods/burstable/podb5fde93f-2f9a-427f-aa16-8a257f179975,1780921930,53186560.0
memory_working_set,minikube,currencyservice-fd8f5dfb7-js8gr,boutique,/kubepods/burstable/podc827ec2d-8a9d-4e1c-8017-62c3901eccb4,1780921930,116391936.0
memory_working_set,minikube,redis-cart-6899b65948-ms767,boutique,/kubepods/burstable/podd425db0f-53f9-4bec-9ee1-49e4ced03bb6,1780921930,13824000.0
memory_working_set,minikube,chaos-controller-manager-659785674d-wbwg8,chaos-testing,/kubepods/burstable/podd7abbfc2-2af5-4b28-b438-3ebef4bafcce,1780921930,28143616.0
memory_working_set,minikube,paymentservice-6b76dfb449-n8mm2,boutique,/kubepods/burstable/podd9986049-5066-4a99-a156-0bc7b2391961,1780921930,90054656.0
memory_working_set,minikube,checkoutservice-75b9cd684f-vzdsz,boutique,/kubepods/burstable/pod5827d8c7-6a98-4352-9825-164648474ddc,1780921930,17870848.0
memory_working_set,minikube,frontend-694b9f76cd-z2pk6,boutique,/kubepods/burstable/podcf6049c2-3667-4622-87ba-b06efa553d48,1780921930,23678976.0
memory_working_set,minikube,productcatalogservice-fb49fc9cc-wptz6,boutique,/kubepods/burstable/pode9d4586d-6739-497d-ae8d-4fd70972eea8,1780921930,18800640.0
memory_working_set,minikube,loadgenerator-7694cd65db-bdz8c,boutique,/kubepods/burstable/pod38d6ef8e-d456-4bd4-95a0-ea6760631a9d,1780921930,77975552.0
cpu_rate,minikube,kube-proxy-fshvh,kube-system,/kubepods/besteffort/pod2f4efb93-ee48-4c37-b1e1-6f2e54a917c7,1780921959,0.0004026155925852974
cpu_rate,minikube,monitoring-kube-state-metrics-868694bc4b-689cm,monitoring,/kubepods/besteffort/pod59c52cc8-67e3-4946-aac6-7ff0ef74285f,1780921959,0.0008213282809648737
cpu_rate,minikube,prometheus-monitoring-kube-prometheus-prometheus-0,monitoring,/kubepods/besteffort/pod6bff50b8-f988-4ff2-a8c1-8f95f2c25189,1780921959,0.013745349603519948
cpu_rate,minikube,storage-provisioner,kube-system,/kubepods/besteffort/pod9bffcac8-a0cd-49a4-ad59-cdbf60a579cb,1780921959,0.001369457418445773
cpu_rate,minikube,monitoring-grafana-6f66955c48-hlrcn,monitoring,/kubepods/besteffort/pod9d3fe3f0-8989-47b4-8478-0ae7be66df8d,1780921959,0.010479665940450227
cpu_rate,minikube,chaos-daemon-n6ghj,chaos-testing,/kubepods/besteffort/poda051be83-a7cd-43e4-83d3-76f3c90e8474,1780921959,1.2515158864908635e-06
cpu_rate,minikube,monitoring-kube-prometheus-operator-556b56cc6d-n6dg9,monitoring,/kubepods/besteffort/podc8122519-a592-495f-9353-00a2f23fdf80,1780921959,0.002670773285964032
cpu_rate,minikube,monitoring-prometheus-node-exporter-pdw8p,monitoring,/kubepods/besteffort/podd35abb3b-34f0-40fa-af55-3ab246fc64c8,1780921959,0.001348981051486388
cpu_rate,minikube,kube-scheduler-minikube,kube-system,/kubepods/burstable/pod1c7123a121598343200ffd5b015ca580,1780921959,0.004438690537714534
cpu_rate,minikube,shippingservice-55656785c7-lk4mx,boutique,/kubepods/burstable/pod1df51271-c9ea-47fa-8fb2-cf15bbc7c216,1780921959,0.0008624742709720392
cpu_rate,minikube,chaos-controller-manager-659785674d-29q42,chaos-testing,/kubepods/burstable/pod21ab858c-cee8-438c-8682-c786dc3dc044,1780921959,0.0004667093277873773
cpu_rate,minikube,chaos-controller-manager-659785674d-fjb2r,chaos-testing,/kubepods/burstable/pod2569141a-4d05-422e-bcf2-2f01e2f5056d,1780921959,0.005021021175654652
cpu_rate,minikube,coredns-7d764666f9-hxxb8,kube-system,/kubepods/burstable/pod596c18fb-891c-4e87-9b11-83d99dd6d264,1780921959,0.0018874124690821926
cpu_rate,minikube,recommendationservice-6f8f67d69-fhrns,boutique,/kubepods/burstable/pod5ded7b1a-44d9-4178-8596-57a9e25f6171,1780921959,0.0058649045809005896
cpu_rate,minikube,etcd-minikube,kube-system,/kubepods/burstable/pod5ff8e3b06bbaa8cb7ebc2bf531e48a2f,1780921959,0.02603126454078289
cpu_rate,minikube,emailservice-7466dc585-sv4wh,boutique,/kubepods/burstable/pod6116940a-da83-4761-97dc-892a207b789e,1780921959,0.001526011937463321
cpu_rate,minikube,cartservice-546c548494-cb4lb,boutique,/kubepods/burstable/pod6ec732c5-cf34-4e25-a3ce-ff4b44ce8d19,1780921959,0.0037112561476167682
cpu_rate,minikube,kube-controller-manager-minikube,kube-system,/kubepods/burstable/pod740363cf4388c2d0df59fc97f96b889c,1780921959,0.011685138395288916
cpu_rate,minikube,chaos-dashboard-5b77585c6c-zm7f4,chaos-testing,/kubepods/burstable/pod7d3e8284-7c72-4577-a8fb-79d957f69104,1780921959,0.00204159699306455
cpu_rate,minikube,chaos-dns-server-6bccb5bb76-gscmn,chaos-testing,/kubepods/burstable/pod8a82a436-ef3f-4750-8f39-dbfde680d0b8,1780921959,0.0022883977215164397
cpu_rate,minikube,coredns-7d764666f9-gmlgd,kube-system,/kubepods/burstable/pod9289fad3-6e91-4617-b97d-6da4631c2f35,1780921959,0.0018019357029121661
cpu_rate,minikube,adservice-8576649cff-5bvst,boutique,/kubepods/burstable/pod9d685cd3-17df-43af-a26e-7743c006902d,1780921959,0.0013360439209198582
cpu_rate,minikube,kube-apiserver-minikube,kube-system,/kubepods/burstable/poda6dc00f40d27725f15407f95751ce5f7,1780921959,0.046867604459651026
cpu_rate,minikube,alertmanager-monitoring-kube-prometheus-alertmanager-0,monitoring,/kubepods/burstable/podb5fde93f-2f9a-427f-aa16-8a257f179975,1780921959,0.0006921839518573375
cpu_rate,minikube,currencyservice-fd8f5dfb7-js8gr,boutique,/kubepods/burstable/podc827ec2d-8a9d-4e1c-8017-62c3901eccb4,1780921959,0.005600268257294156
cpu_rate,minikube,redis-cart-6899b65948-ms767,boutique,/kubepods/burstable/podd425db0f-53f9-4bec-9ee1-49e4ced03bb6,1780921959,0.0018667540204747775
cpu_rate,minikube,chaos-controller-manager-659785674d-wbwg8,chaos-testing,/kubepods/burstable/podd7abbfc2-2af5-4b28-b438-3ebef4bafcce,1780921959,0.00038044030570448474
cpu_rate,minikube,paymentservice-6b76dfb449-n8mm2,boutique,/kubepods/burstable/podd9986049-5066-4a99-a156-0bc7b2391961,1780921959,0.0005646217050301814
cpu_rate,minikube,checkoutservice-75b9cd684f-vzdsz,boutique,/kubepods/burstable/pod5827d8c7-6a98-4352-9825-164648474ddc,1780921959,0.0006525974939565091
cpu_rate,minikube,frontend-694b9f76cd-z2pk6,boutique,/kubepods/burstable/podcf6049c2-3667-4622-87ba-b06efa553d48,1780921959,0.010127690303215963
cpu_rate,minikube,productcatalogservice-fb49fc9cc-wptz6,boutique,/kubepods/burstable/pode9d4586d-6739-497d-ae8d-4fd70972eea8,1780921959,0.00492705487318821
cpu_rate,minikube,loadgenerator-7694cd65db-bdz8c,boutique,/kubepods/burstable/pod38d6ef8e-d456-4bd4-95a0-ea6760631a9d,1780921959,0.0027137233534590423
memory_working_set,minikube,kube-proxy-fshvh,kube-system,/kubepods/besteffort/pod2f4efb93-ee48-4c37-b1e1-6f2e54a917c7,1780921959,37646336.0
memory_working_set,minikube,monitoring-kube-state-metrics-868694bc4b-689cm,monitoring,/kubepods/besteffort/pod59c52cc8-67e3-4946-aac6-7ff0ef74285f,1780921959,38313984.0
memory_working_set,minikube,prometheus-monitoring-kube-prometheus-prometheus-0,monitoring,/kubepods/besteffort/pod6bff50b8-f988-4ff2-a8c1-8f95f2c25189,1780921959,310398976.0
memory_working_set,minikube,storage-provisioner,kube-system,/kubepods/besteffort/pod9bffcac8-a0cd-49a4-ad59-cdbf60a579cb,1780921959,21078016.0
memory_working_set,minikube,monitoring-grafana-6f66955c48-hlrcn,monitoring,/kubepods/besteffort/pod9d3fe3f0-8989-47b4-8478-0ae7be66df8d,1780921959,404410368.0
memory_working_set,minikube,chaos-daemon-n6ghj,chaos-testing,/kubepods/besteffort/poda051be83-a7cd-43e4-83d3-76f3c90e8474,1780921959,19193856.0
memory_working_set,minikube,monitoring-kube-prometheus-operator-556b56cc6d-n6dg9,monitoring,/kubepods/besteffort/podc8122519-a592-495f-9353-00a2f23fdf80,1780921959,40419328.0
memory_working_set,minikube,monitoring-prometheus-node-exporter-pdw8p,monitoring,/kubepods/besteffort/podd35abb3b-34f0-40fa-af55-3ab246fc64c8,1780921959,18567168.0
memory_working_set,minikube,kube-scheduler-minikube,kube-system,/kubepods/burstable/pod1c7123a121598343200ffd5b015ca580,1780921959,40886272.0
memory_working_set,minikube,shippingservice-55656785c7-lk4mx,boutique,/kubepods/burstable/pod1df51271-c9ea-47fa-8fb2-cf15bbc7c216,1780921959,15093760.0
memory_working_set,minikube,chaos-controller-manager-659785674d-29q42,chaos-testing,/kubepods/burstable/pod21ab858c-cee8-438c-8682-c786dc3dc044,1780921959,29573120.0
memory_working_set,minikube,chaos-controller-manager-659785674d-fjb2r,chaos-testing,/kubepods/burstable/pod2569141a-4d05-422e-bcf2-2f01e2f5056d,1780921959,36528128.0
memory_working_set,minikube,coredns-7d764666f9-hxxb8,kube-system,/kubepods/burstable/pod596c18fb-891c-4e87-9b11-83d99dd6d264,1780921959,39206912.0
memory_working_set,minikube,recommendationservice-6f8f67d69-fhrns,boutique,/kubepods/burstable/pod5ded7b1a-44d9-4178-8596-57a9e25f6171,1780921959,57831424.0
memory_working_set,minikube,etcd-minikube,kube-system,/kubepods/burstable/pod5ff8e3b06bbaa8cb7ebc2bf531e48a2f,1780921959,89939968.0
memory_working_set,minikube,emailservice-7466dc585-sv4wh,boutique,/kubepods/burstable/pod6116940a-da83-4761-97dc-892a207b789e,1780921959,53194752.0
memory_working_set,minikube,cartservice-546c548494-cb4lb,boutique,/kubepods/burstable/pod6ec732c5-cf34-4e25-a3ce-ff4b44ce8d19,1780921959,71581696.0
memory_working_set,minikube,kube-controller-manager-minikube,kube-system,/kubepods/burstable/pod740363cf4388c2d0df59fc97f96b889c,1780921959,96088064.0
memory_working_set,minikube,chaos-dashboard-5b77585c6c-zm7f4,chaos-testing,/kubepods/burstable/pod7d3e8284-7c72-4577-a8fb-79d957f69104,1780921959,48250880.0
memory_working_set,minikube,chaos-dns-server-6bccb5bb76-gscmn,chaos-testing,/kubepods/burstable/pod8a82a436-ef3f-4750-8f39-dbfde680d0b8,1780921959,28037120.0
memory_working_set,minikube,coredns-7d764666f9-gmlgd,kube-system,/kubepods/burstable/pod9289fad3-6e91-4617-b97d-6da4631c2f35,1780921959,30367744.0
memory_working_set,minikube,adservice-8576649cff-5bvst,boutique,/kubepods/burstable/pod9d685cd3-17df-43af-a26e-7743c006902d,1780921959,112525312.0
memory_working_set,minikube,kube-apiserver-minikube,kube-system,/kubepods/burstable/poda6dc00f40d27725f15407f95751ce5f7,1780921959,579272704.0
memory_working_set,minikube,alertmanager-monitoring-kube-prometheus-alertmanager-0,monitoring,/kubepods/burstable/podb5fde93f-2f9a-427f-aa16-8a257f179975,1780921959,54112256.0
memory_working_set,minikube,currencyservice-fd8f5dfb7-js8gr,boutique,/kubepods/burstable/podc827ec2d-8a9d-4e1c-8017-62c3901eccb4,1780921959,117075968.0
memory_working_set,minikube,redis-cart-6899b65948-ms767,boutique,/kubepods/burstable/podd425db0f-53f9-4bec-9ee1-49e4ced03bb6,1780921959,13557760.0
memory_working_set,minikube,chaos-controller-manager-659785674d-wbwg8,chaos-testing,/kubepods/burstable/podd7abbfc2-2af5-4b28-b438-3ebef4bafcce,1780921959,28143616.0
memory_working_set,minikube,paymentservice-6b76dfb449-n8mm2,boutique,/kubepods/burstable/podd9986049-5066-4a99-a156-0bc7b2391961,1780921959,90423296.0
memory_working_set,minikube,checkoutservice-75b9cd684f-vzdsz,boutique,/kubepods/burstable/pod5827d8c7-6a98-4352-9825-164648474ddc,1780921959,17727488.0
memory_working_set,minikube,frontend-694b9f76cd-z2pk6,boutique,/kubepods/burstable/podcf6049c2-3667-4622-87ba-b06efa553d48,1780921959,23330816.0
memory_working_set,minikube,productcatalogservice-fb49fc9cc-wptz6,boutique,/kubepods/burstable/pode9d4586d-6739-497d-ae8d-4fd70972eea8,1780921959,18821120.0
memory_working_set,minikube,loadgenerator-7694cd65db-bdz8c,boutique,/kubepods/burstable/pod38d6ef8e-d456-4bd4-95a0-ea6760631a9d,1780921959,78245888.0
cpu_rate,minikube,kube-proxy-fshvh,kube-system,/kubepods/besteffort/pod2f4efb93-ee48-4c37-b1e1-6f2e54a917c7,1780921988,0.0003152903418820377
cpu_rate,minikube,monitoring-kube-state-metrics-868694bc4b-689cm,monitoring,/kubepods/besteffort/pod59c52cc8-67e3-4946-aac6-7ff0ef74285f,1780921988,0.0007997923659183207
cpu_rate,minikube,prometheus-monitoring-kube-prometheus-prometheus-0,monitoring,/kubepods/besteffort/pod6bff50b8-f988-4ff2-a8c1-8f95f2c25189,1780921988,0.013170456820847363
cpu_rate,minikube,storage-provisioner,kube-system,/kubepods/besteffort/pod9bffcac8-a0cd-49a4-ad59-cdbf60a579cb,1780921988,0.0013488388097762276
cpu_rate,minikube,monitoring-grafana-6f66955c48-hlrcn,monitoring,/kubepods/besteffort/pod9d3fe3f0-8989-47b4-8478-0ae7be66df8d,1780921988,0.00927043513653139
cpu_rate,minikube,chaos-daemon-n6ghj,chaos-testing,/kubepods/besteffort/poda051be83-a7cd-43e4-83d3-76f3c90e8474,1780921988,3.719277894584335e-05
cpu_rate,minikube,monitoring-kube-prometheus-operator-556b56cc6d-n6dg9,monitoring,/kubepods/besteffort/podc8122519-a592-495f-9353-00a2f23fdf80,1780921988,0.0025114898548189717
cpu_rate,minikube,monitoring-prometheus-node-exporter-pdw8p,monitoring,/kubepods/besteffort/podd35abb3b-34f0-40fa-af55-3ab246fc64c8,1780921988,0.000998716987090912
cpu_rate,minikube,kube-scheduler-minikube,kube-system,/kubepods/burstable/pod1c7123a121598343200ffd5b015ca580,1780921988,0.004751355711481159
cpu_rate,minikube,shippingservice-55656785c7-lk4mx,boutique,/kubepods/burstable/pod1df51271-c9ea-47fa-8fb2-cf15bbc7c216,1780921988,0.0007795618080715555
cpu_rate,minikube,chaos-controller-manager-659785674d-29q42,chaos-testing,/kubepods/burstable/pod21ab858c-cee8-438c-8682-c786dc3dc044,1780921988,0.00040844559159811475
cpu_rate,minikube,chaos-controller-manager-659785674d-fjb2r,chaos-testing,/kubepods/burstable/pod2569141a-4d05-422e-bcf2-2f01e2f5056d,1780921988,0.0049013036495825415
cpu_rate,minikube,coredns-7d764666f9-hxxb8,kube-system,/kubepods/burstable/pod596c18fb-891c-4e87-9b11-83d99dd6d264,1780921988,0.002061525190128164
cpu_rate,minikube,recommendationservice-6f8f67d69-fhrns,boutique,/kubepods/burstable/pod5ded7b1a-44d9-4178-8596-57a9e25f6171,1780921988,0.005803656882324188
cpu_rate,minikube,etcd-minikube,kube-system,/kubepods/burstable/pod5ff8e3b06bbaa8cb7ebc2bf531e48a2f,1780921988,0.02587158115582687
cpu_rate,minikube,emailservice-7466dc585-sv4wh,boutique,/kubepods/burstable/pod6116940a-da83-4761-97dc-892a207b789e,1780921988,0.0014708942823676826
cpu_rate,minikube,cartservice-546c548494-cb4lb,boutique,/kubepods/burstable/pod6ec732c5-cf34-4e25-a3ce-ff4b44ce8d19,1780921988,0.003513377281847024
cpu_rate,minikube,kube-controller-manager-minikube,kube-system,/kubepods/burstable/pod740363cf4388c2d0df59fc97f96b889c,1780921988,0.011730397293308685
cpu_rate,minikube,chaos-dashboard-5b77585c6c-zm7f4,chaos-testing,/kubepods/burstable/pod7d3e8284-7c72-4577-a8fb-79d957f69104,1780921988,0.0022462200900492876
cpu_rate,minikube,chaos-dns-server-6bccb5bb76-gscmn,chaos-testing,/kubepods/burstable/pod8a82a436-ef3f-4750-8f39-dbfde680d0b8,1780921988,0.0023100014418225468
cpu_rate,minikube,coredns-7d764666f9-gmlgd,kube-system,/kubepods/burstable/pod9289fad3-6e91-4617-b97d-6da4631c2f35,1780921988,0.0019462341748761392
cpu_rate,minikube,adservice-8576649cff-5bvst,boutique,/kubepods/burstable/pod9d685cd3-17df-43af-a26e-7743c006902d,1780921988,0.0013287367146509114
cpu_rate,minikube,kube-apiserver-minikube,kube-system,/kubepods/burstable/poda6dc00f40d27725f15407f95751ce5f7,1780921988,0.05115084151030699
cpu_rate,minikube,alertmanager-monitoring-kube-prometheus-alertmanager-0,monitoring,/kubepods/burstable/podb5fde93f-2f9a-427f-aa16-8a257f179975,1780921988,0.00045140943954849537
cpu_rate,minikube,currencyservice-fd8f5dfb7-js8gr,boutique,/kubepods/burstable/podc827ec2d-8a9d-4e1c-8017-62c3901eccb4,1780921988,0.005907539568345823
cpu_rate,minikube,redis-cart-6899b65948-ms767,boutique,/kubepods/burstable/podd425db0f-53f9-4bec-9ee1-49e4ced03bb6,1780921988,0.0016125993901394862
cpu_rate,minikube,chaos-controller-manager-659785674d-wbwg8,chaos-testing,/kubepods/burstable/podd7abbfc2-2af5-4b28-b438-3ebef4bafcce,1780921988,0.00034027150090074217
cpu_rate,minikube,paymentservice-6b76dfb449-n8mm2,boutique,/kubepods/burstable/podd9986049-5066-4a99-a156-0bc7b2391961,1780921988,0.0005058679101746981
cpu_rate,minikube,checkoutservice-75b9cd684f-vzdsz,boutique,/kubepods/burstable/pod5827d8c7-6a98-4352-9825-164648474ddc,1780921988,0.0005876902395698067
cpu_rate,minikube,frontend-694b9f76cd-z2pk6,boutique,/kubepods/burstable/podcf6049c2-3667-4622-87ba-b06efa553d48,1780921988,0.010804521126904857
cpu_rate,minikube,productcatalogservice-fb49fc9cc-wptz6,boutique,/kubepods/burstable/pode9d4586d-6739-497d-ae8d-4fd70972eea8,1780921988,0.005412467778217642
cpu_rate,minikube,loadgenerator-7694cd65db-bdz8c,boutique,/kubepods/burstable/pod38d6ef8e-d456-4bd4-95a0-ea6760631a9d,1780921988,0.0028663805464631967
memory_working_set,minikube,kube-proxy-fshvh,kube-system,/kubepods/besteffort/pod2f4efb93-ee48-4c37-b1e1-6f2e54a917c7,1780921988,37654528.0
memory_working_set,minikube,monitoring-kube-state-metrics-868694bc4b-689cm,monitoring,/kubepods/besteffort/pod59c52cc8-67e3-4946-aac6-7ff0ef74285f,1780921988,38313984.0
memory_working_set,minikube,prometheus-monitoring-kube-prometheus-prometheus-0,monitoring,/kubepods/besteffort/pod6bff50b8-f988-4ff2-a8c1-8f95f2c25189,1780921988,304582656.0
memory_working_set,minikube,storage-provisioner,kube-system,/kubepods/besteffort/pod9bffcac8-a0cd-49a4-ad59-cdbf60a579cb,1780921988,20692992.0
memory_working_set,minikube,monitoring-grafana-6f66955c48-hlrcn,monitoring,/kubepods/besteffort/pod9d3fe3f0-8989-47b4-8478-0ae7be66df8d,1780921988,404414464.0
memory_working_set,minikube,chaos-daemon-n6ghj,chaos-testing,/kubepods/besteffort/poda051be83-a7cd-43e4-83d3-76f3c90e8474,1780921988,19193856.0
memory_working_set,minikube,monitoring-kube-prometheus-operator-556b56cc6d-n6dg9,monitoring,/kubepods/besteffort/podc8122519-a592-495f-9353-00a2f23fdf80,1780921988,41082880.0
memory_working_set,minikube,monitoring-prometheus-node-exporter-pdw8p,monitoring,/kubepods/besteffort/podd35abb3b-34f0-40fa-af55-3ab246fc64c8,1780921988,20357120.0
memory_working_set,minikube,kube-scheduler-minikube,kube-system,/kubepods/burstable/pod1c7123a121598343200ffd5b015ca580,1780921988,40710144.0
memory_working_set,minikube,shippingservice-55656785c7-lk4mx,boutique,/kubepods/burstable/pod1df51271-c9ea-47fa-8fb2-cf15bbc7c216,1780921988,15360000.0
memory_working_set,minikube,chaos-controller-manager-659785674d-29q42,chaos-testing,/kubepods/burstable/pod21ab858c-cee8-438c-8682-c786dc3dc044,1780921988,29573120.0
memory_working_set,minikube,chaos-controller-manager-659785674d-fjb2r,chaos-testing,/kubepods/burstable/pod2569141a-4d05-422e-bcf2-2f01e2f5056d,1780921988,36528128.0
memory_working_set,minikube,coredns-7d764666f9-hxxb8,kube-system,/kubepods/burstable/pod596c18fb-891c-4e87-9b11-83d99dd6d264,1780921988,39215104.0
memory_working_set,minikube,recommendationservice-6f8f67d69-fhrns,boutique,/kubepods/burstable/pod5ded7b1a-44d9-4178-8596-57a9e25f6171,1780921988,57835520.0
memory_working_set,minikube,etcd-minikube,kube-system,/kubepods/burstable/pod5ff8e3b06bbaa8cb7ebc2bf531e48a2f,1780921988,89468928.0
memory_working_set,minikube,emailservice-7466dc585-sv4wh,boutique,/kubepods/burstable/pod6116940a-da83-4761-97dc-892a207b789e,1780921988,53194752.0
memory_working_set,minikube,cartservice-546c548494-cb4lb,boutique,/kubepods/burstable/pod6ec732c5-cf34-4e25-a3ce-ff4b44ce8d19,1780921988,71581696.0
memory_working_set,minikube,kube-controller-manager-minikube,kube-system,/kubepods/burstable/pod740363cf4388c2d0df59fc97f96b889c,1780921988,96100352.0
memory_working_set,minikube,chaos-dashboard-5b77585c6c-zm7f4,chaos-testing,/kubepods/burstable/pod7d3e8284-7c72-4577-a8fb-79d957f69104,1780921988,48250880.0
memory_working_set,minikube,chaos-dns-server-6bccb5bb76-gscmn,chaos-testing,/kubepods/burstable/pod8a82a436-ef3f-4750-8f39-dbfde680d0b8,1780921988,28024832.0
memory_working_set,minikube,coredns-7d764666f9-gmlgd,kube-system,/kubepods/burstable/pod9289fad3-6e91-4617-b97d-6da4631c2f35,1780921988,30527488.0
memory_working_set,minikube,adservice-8576649cff-5bvst,boutique,/kubepods/burstable/pod9d685cd3-17df-43af-a26e-7743c006902d,1780921988,112529408.0
memory_working_set,minikube,kube-apiserver-minikube,kube-system,/kubepods/burstable/poda6dc00f40d27725f15407f95751ce5f7,1780921988,579526656.0
memory_working_set,minikube,alertmanager-monitoring-kube-prometheus-alertmanager-0,monitoring,/kubepods/burstable/podb5fde93f-2f9a-427f-aa16-8a257f179975,1780921988,55099392.0
memory_working_set,minikube,currencyservice-fd8f5dfb7-js8gr,boutique,/kubepods/burstable/podc827ec2d-8a9d-4e1c-8017-62c3901eccb4,1780921988,116895744.0
memory_working_set,minikube,redis-cart-6899b65948-ms767,boutique,/kubepods/burstable/podd425db0f-53f9-4bec-9ee1-49e4ced03bb6,1780921988,13557760.0
memory_working_set,minikube,chaos-controller-manager-659785674d-wbwg8,chaos-testing,/kubepods/burstable/podd7abbfc2-2af5-4b28-b438-3ebef4bafcce,1780921988,28155904.0
memory_working_set,minikube,paymentservice-6b76dfb449-n8mm2,boutique,/kubepods/burstable/podd9986049-5066-4a99-a156-0bc7b2391961,1780921988,90812416.0
memory_working_set,minikube,checkoutservice-75b9cd684f-vzdsz,boutique,/kubepods/burstable/pod5827d8c7-6a98-4352-9825-164648474ddc,1780921988,17723392.0
memory_working_set,minikube,frontend-694b9f76cd-z2pk6,boutique,/kubepods/burstable/podcf6049c2-3667-4622-87ba-b06efa553d48,1780921988,23629824.0
memory_working_set,minikube,productcatalogservice-fb49fc9cc-wptz6,boutique,/kubepods/burstable/pode9d4586d-6739-497d-ae8d-4fd70972eea8,1780921988,18366464.0
memory_working_set,minikube,loadgenerator-7694cd65db-bdz8c,boutique,/kubepods/burstable/pod38d6ef8e-d456-4bd4-95a0-ea6760631a9d,1780921988,77996032.0
