metric,node,pod,namespace,container,timestamp,value
cpu_rate,minikube,kube-proxy-fshvh,kube-system,/kubepods/besteffort/pod2f4efb93-ee48-4c37-b1e1-6f2e54a917c7,1780919719,0.0004260867762598857
cpu_rate,minikube,monitoring-kube-state-metrics-868694bc4b-689cm,monitoring,/kubepods/besteffort/pod59c52cc8-67e3-4946-aac6-7ff0ef74285f,1780919719,0.0008324647917653616
cpu_rate,minikube,prometheus-monitoring-kube-prometheus-prometheus-0,monitoring,/kubepods/besteffort/pod6bff50b8-f988-4ff2-a8c1-8f95f2c25189,1780919719,0.010135484591054872
cpu_rate,minikube,storage-provisioner,kube-system,/kubepods/besteffort/pod9bffcac8-a0cd-49a4-ad59-cdbf60a579cb,1780919719,0.0012949760940087042
cpu_rate,minikube,monitoring-grafana-6f66955c48-hlrcn,monitoring,/kubepods/besteffort/pod9d3fe3f0-8989-47b4-8478-0ae7be66df8d,1780919719,0.009752120594746
cpu_rate,minikube,chaos-daemon-n6ghj,chaos-testing,/kubepods/besteffort/poda051be83-a7cd-43e4-83d3-76f3c90e8474,1780919719,1.790018416601422e-05
cpu_rate,minikube,monitoring-kube-prometheus-operator-556b56cc6d-n6dg9,monitoring,/kubepods/besteffort/podc8122519-a592-495f-9353-00a2f23fdf80,1780919719,0.002173228065321233
cpu_rate,minikube,monitoring-prometheus-node-exporter-pdw8p,monitoring,/kubepods/besteffort/podd35abb3b-34f0-40fa-af55-3ab246fc64c8,1780919719,0.0013614204865438852
cpu_rate,minikube,kube-scheduler-minikube,kube-system,/kubepods/burstable/pod1c7123a121598343200ffd5b015ca580,1780919719,0.004572069040597033
cpu_rate,minikube,shippingservice-55656785c7-lk4mx,boutique,/kubepods/burstable/pod1df51271-c9ea-47fa-8fb2-cf15bbc7c216,1780919719,0.0008338992784836098
cpu_rate,minikube,chaos-controller-manager-659785674d-29q42,chaos-testing,/kubepods/burstable/pod21ab858c-cee8-438c-8682-c786dc3dc044,1780919719,0.00027894113428165356
cpu_rate,minikube,chaos-controller-manager-659785674d-fjb2r,chaos-testing,/kubepods/burstable/pod2569141a-4d05-422e-bcf2-2f01e2f5056d,1780919719,0.004918754782322232
cpu_rate,minikube,coredns-7d764666f9-hxxb8,kube-system,/kubepods/burstable/pod596c18fb-891c-4e87-9b11-83d99dd6d264,1780919719,0.0018261911668624002
cpu_rate,minikube,recommendationservice-6f8f67d69-fhrns,boutique,/kubepods/burstable/pod5ded7b1a-44d9-4178-8596-57a9e25f6171,1780919719,0.00476513119945229
cpu_rate,minikube,etcd-minikube,kube-system,/kubepods/burstable/pod5ff8e3b06bbaa8cb7ebc2bf531e48a2f,1780919719,0.025473260922856063
cpu_rate,minikube,emailservice-7466dc585-sv4wh,boutique,/kubepods/burstable/pod6116940a-da83-4761-97dc-892a207b789e,1780919719,0.0015216761610505184
cpu_rate,minikube,cartservice-546c548494-cb4lb,boutique,/kubepods/burstable/pod6ec732c5-cf34-4e25-a3ce-ff4b44ce8d19,1780919719,0.003468722864510128
cpu_rate,minikube,kube-controller-manager-minikube,kube-system,/kubepods/burstable/pod740363cf4388c2d0df59fc97f96b889c,1780919719,0.013032162310435184
cpu_rate,minikube,chaos-dashboard-5b77585c6c-zm7f4,chaos-testing,/kubepods/burstable/pod7d3e8284-7c72-4577-a8fb-79d957f69104,1780919719,0.0022170564652676922
cpu_rate,minikube,chaos-dns-server-6bccb5bb76-gscmn,chaos-testing,/kubepods/burstable/pod8a82a436-ef3f-4750-8f39-dbfde680d0b8,1780919719,0.002141032523372063
cpu_rate,minikube,coredns-7d764666f9-gmlgd,kube-system,/kubepods/burstable/pod9289fad3-6e91-4617-b97d-6da4631c2f35,1780919719,0.0021137395268852597
cpu_rate,minikube,adservice-8576649cff-5bvst,boutique,/kubepods/burstable/pod9d685cd3-17df-43af-a26e-7743c006902d,1780919719,0.0011539642830440846
cpu_rate,minikube,kube-apiserver-minikube,kube-system,/kubepods/burstable/poda6dc00f40d27725f15407f95751ce5f7,1780919719,0.04661446095025604
cpu_rate,minikube,alertmanager-monitoring-kube-prometheus-alertmanager-0,monitoring,/kubepods/burstable/podb5fde93f-2f9a-427f-aa16-8a257f179975,1780919719,0.00046494240902571356
cpu_rate,minikube,currencyservice-fd8f5dfb7-js8gr,boutique,/kubepods/burstable/podc827ec2d-8a9d-4e1c-8017-62c3901eccb4,1780919719,0.005163690047105455
cpu_rate,minikube,redis-cart-6899b65948-ms767,boutique,/kubepods/burstable/podd425db0f-53f9-4bec-9ee1-49e4ced03bb6,1780919719,0.0019377789367058607
cpu_rate,minikube,chaos-controller-manager-659785674d-wbwg8,chaos-testing,/kubepods/burstable/podd7abbfc2-2af5-4b28-b438-3ebef4bafcce,1780919719,0.0003669075695945132
cpu_rate,minikube,paymentservice-6b76dfb449-n8mm2,boutique,/kubepods/burstable/podd9986049-5066-4a99-a156-0bc7b2391961,1780919719,0.0004320769380221296
cpu_rate,minikube,checkoutservice-75b9cd684f-vzdsz,boutique,/kubepods/burstable/pod5827d8c7-6a98-4352-9825-164648474ddc,1780919719,0.0009341901724500017
cpu_rate,minikube,frontend-694b9f76cd-z2pk6,boutique,/kubepods/burstable/podcf6049c2-3667-4622-87ba-b06efa553d48,1780919719,0.008909383598547873
cpu_rate,minikube,productcatalogservice-fb49fc9cc-wptz6,boutique,/kubepods/burstable/pode9d4586d-6739-497d-ae8d-4fd70972eea8,1780919719,0.0046303252717546815
cpu_rate,minikube,loadgenerator-7694cd65db-bdz8c,boutique,/kubepods/burstable/pod38d6ef8e-d456-4bd4-95a0-ea6760631a9d,1780919719,0.002607217153097563
memory_working_set,minikube,kube-proxy-fshvh,kube-system,/kubepods/besteffort/pod2f4efb93-ee48-4c37-b1e1-6f2e54a917c7,1780919719,37306368.0
memory_working_set,minikube,monitoring-kube-state-metrics-868694bc4b-689cm,monitoring,/kubepods/besteffort/pod59c52cc8-67e3-4946-aac6-7ff0ef74285f,1780919719,38838272.0
memory_working_set,minikube,prometheus-monitoring-kube-prometheus-prometheus-0,monitoring,/kubepods/besteffort/pod6bff50b8-f988-4ff2-a8c1-8f95f2c25189,1780919719,324161536.0
memory_working_set,minikube,storage-provisioner,kube-system,/kubepods/besteffort/pod9bffcac8-a0cd-49a4-ad59-cdbf60a579cb,1780919719,20787200.0
memory_working_set,minikube,monitoring-grafana-6f66955c48-hlrcn,monitoring,/kubepods/besteffort/pod9d3fe3f0-8989-47b4-8478-0ae7be66df8d,1780919719,405475328.0
memory_working_set,minikube,chaos-daemon-n6ghj,chaos-testing,/kubepods/besteffort/poda051be83-a7cd-43e4-83d3-76f3c90e8474,1780919719,19378176.0
memory_working_set,minikube,monitoring-kube-prometheus-operator-556b56cc6d-n6dg9,monitoring,/kubepods/besteffort/podc8122519-a592-495f-9353-00a2f23fdf80,1780919719,40579072.0
memory_working_set,minikube,monitoring-prometheus-node-exporter-pdw8p,monitoring,/kubepods/besteffort/podd35abb3b-34f0-40fa-af55-3ab246fc64c8,1780919719,19927040.0
memory_working_set,minikube,kube-scheduler-minikube,kube-system,/kubepods/burstable/pod1c7123a121598343200ffd5b015ca580,1780919719,41144320.0
memory_working_set,minikube,shippingservice-55656785c7-lk4mx,boutique,/kubepods/burstable/pod1df51271-c9ea-47fa-8fb2-cf15bbc7c216,1780919719,15486976.0
memory_working_set,minikube,chaos-controller-manager-659785674d-29q42,chaos-testing,/kubepods/burstable/pod21ab858c-cee8-438c-8682-c786dc3dc044,1780919719,29831168.0
memory_working_set,minikube,chaos-controller-manager-659785674d-fjb2r,chaos-testing,/kubepods/burstable/pod2569141a-4d05-422e-bcf2-2f01e2f5056d,1780919719,36413440.0
memory_working_set,minikube,coredns-7d764666f9-hxxb8,kube-system,/kubepods/burstable/pod596c18fb-891c-4e87-9b11-83d99dd6d264,1780919719,39198720.0
memory_working_set,minikube,recommendationservice-6f8f67d69-fhrns,boutique,/kubepods/burstable/pod5ded7b1a-44d9-4178-8596-57a9e25f6171,1780919719,57966592.0
memory_working_set,minikube,etcd-minikube,kube-system,/kubepods/burstable/pod5ff8e3b06bbaa8cb7ebc2bf531e48a2f,1780919719,87519232.0
memory_working_set,minikube,emailservice-7466dc585-sv4wh,boutique,/kubepods/burstable/pod6116940a-da83-4761-97dc-892a207b789e,1780919719,53129216.0
memory_working_set,minikube,cartservice-546c548494-cb4lb,boutique,/kubepods/burstable/pod6ec732c5-cf34-4e25-a3ce-ff4b44ce8d19,1780919719,71733248.0
memory_working_set,minikube,kube-controller-manager-minikube,kube-system,/kubepods/burstable/pod740363cf4388c2d0df59fc97f96b889c,1780919719,96235520.0
memory_working_set,minikube,chaos-dashboard-5b77585c6c-zm7f4,chaos-testing,/kubepods/burstable/pod7d3e8284-7c72-4577-a8fb-79d957f69104,1780919719,48488448.0
memory_working_set,minikube,chaos-dns-server-6bccb5bb76-gscmn,chaos-testing,/kubepods/burstable/pod8a82a436-ef3f-4750-8f39-dbfde680d0b8,1780919719,28413952.0
memory_working_set,minikube,coredns-7d764666f9-gmlgd,kube-system,/kubepods/burstable/pod9289fad3-6e91-4617-b97d-6da4631c2f35,1780919719,32063488.0
memory_working_set,minikube,adservice-8576649cff-5bvst,boutique,/kubepods/burstable/pod9d685cd3-17df-43af-a26e-7743c006902d,1780919719,112476160.0
memory_working_set,minikube,kube-apiserver-minikube,kube-system,/kubepods/burstable/poda6dc00f40d27725f15407f95751ce5f7,1780919719,543608832.0
memory_working_set,minikube,alertmanager-monitoring-kube-prometheus-alertmanager-0,monitoring,/kubepods/burstable/podb5fde93f-2f9a-427f-aa16-8a257f179975,1780919719,54509568.0
memory_working_set,minikube,currencyservice-fd8f5dfb7-js8gr,boutique,/kubepods/burstable/podc827ec2d-8a9d-4e1c-8017-62c3901eccb4,1780919719,106909696.0
memory_working_set,minikube,redis-cart-6899b65948-ms767,boutique,/kubepods/burstable/podd425db0f-53f9-4bec-9ee1-49e4ced03bb6,1780919719,13910016.0
memory_working_set,minikube,chaos-controller-manager-659785674d-wbwg8,chaos-testing,/kubepods/burstable/podd7abbfc2-2af5-4b28-b438-3ebef4bafcce,1780919719,27930624.0
memory_working_set,minikube,paymentservice-6b76dfb449-n8mm2,boutique,/kubepods/burstable/podd9986049-5066-4a99-a156-0bc7b2391961,1780919719,75014144.0
memory_working_set,minikube,checkoutservice-75b9cd684f-vzdsz,boutique,/kubepods/burstable/pod5827d8c7-6a98-4352-9825-164648474ddc,1780919719,17522688.0
memory_working_set,minikube,frontend-694b9f76cd-z2pk6,boutique,/kubepods/burstable/podcf6049c2-3667-4622-87ba-b06efa553d48,1780919719,23289856.0
memory_working_set,minikube,productcatalogservice-fb49fc9cc-wptz6,boutique,/kubepods/burstable/pode9d4586d-6739-497d-ae8d-4fd70972eea8,1780919719,18599936.0
memory_working_set,minikube,loadgenerator-7694cd65db-bdz8c,boutique,/kubepods/burstable/pod38d6ef8e-d456-4bd4-95a0-ea6760631a9d,1780919719,77348864.0
cpu_rate,minikube,kube-proxy-fshvh,kube-system,/kubepods/besteffort/pod2f4efb93-ee48-4c37-b1e1-6f2e54a917c7,1780919748,0.00040006192909117813
cpu_rate,minikube,monitoring-kube-state-metrics-868694bc4b-689cm,monitoring,/kubepods/besteffort/pod59c52cc8-67e3-4946-aac6-7ff0ef74285f,1780919748,0.0005100083333333474
cpu_rate,minikube,prometheus-monitoring-kube-prometheus-prometheus-0,monitoring,/kubepods/besteffort/pod6bff50b8-f988-4ff2-a8c1-8f95f2c25189,1780919748,0.010798442621361244
cpu_rate,minikube,storage-provisioner,kube-system,/kubepods/besteffort/pod9bffcac8-a0cd-49a4-ad59-cdbf60a579cb,1780919748,0.0011986478272070025
cpu_rate,minikube,monitoring-grafana-6f66955c48-hlrcn,monitoring,/kubepods/besteffort/pod9d3fe3f0-8989-47b4-8478-0ae7be66df8d,1780919748,0.00881065444972752
cpu_rate,minikube,chaos-daemon-n6ghj,chaos-testing,/kubepods/besteffort/poda051be83-a7cd-43e4-83d3-76f3c90e8474,1780919748,1.6772750731119436e-05
cpu_rate,minikube,monitoring-kube-prometheus-operator-556b56cc6d-n6dg9,monitoring,/kubepods/besteffort/podc8122519-a592-495f-9353-00a2f23fdf80,1780919748,0.0020687304976218057
cpu_rate,minikube,monitoring-prometheus-node-exporter-pdw8p,monitoring,/kubepods/besteffort/podd35abb3b-34f0-40fa-af55-3ab246fc64c8,1780919748,0.001342037748894962
cpu_rate,minikube,kube-scheduler-minikube,kube-system,/kubepods/burstable/pod1c7123a121598343200ffd5b015ca580,1780919748,0.003837865377784695
cpu_rate,minikube,shippingservice-55656785c7-lk4mx,boutique,/kubepods/burstable/pod1df51271-c9ea-47fa-8fb2-cf15bbc7c216,1780919748,0.0009408176216504046
cpu_rate,minikube,chaos-controller-manager-659785674d-29q42,chaos-testing,/kubepods/burstable/pod21ab858c-cee8-438c-8682-c786dc3dc044,1780919748,0.00040586987740972306
cpu_rate,minikube,chaos-controller-manager-659785674d-fjb2r,chaos-testing,/kubepods/burstable/pod2569141a-4d05-422e-bcf2-2f01e2f5056d,1780919748,0.004852532699871059
cpu_rate,minikube,coredns-7d764666f9-hxxb8,kube-system,/kubepods/burstable/pod596c18fb-891c-4e87-9b11-83d99dd6d264,1780919748,0.0017367301736642446
cpu_rate,minikube,recommendationservice-6f8f67d69-fhrns,boutique,/kubepods/burstable/pod5ded7b1a-44d9-4178-8596-57a9e25f6171,1780919748,0.005314899374260233
cpu_rate,minikube,etcd-minikube,kube-system,/kubepods/burstable/pod5ff8e3b06bbaa8cb7ebc2bf531e48a2f,1780919748,0.023114091485401816
cpu_rate,minikube,emailservice-7466dc585-sv4wh,boutique,/kubepods/burstable/pod6116940a-da83-4761-97dc-892a207b789e,1780919748,0.0013200188931952663
cpu_rate,minikube,cartservice-546c548494-cb4lb,boutique,/kubepods/burstable/pod6ec732c5-cf34-4e25-a3ce-ff4b44ce8d19,1780919748,0.0034715971520238803
cpu_rate,minikube,kube-controller-manager-minikube,kube-system,/kubepods/burstable/pod740363cf4388c2d0df59fc97f96b889c,1780919748,0.012005856790020959
cpu_rate,minikube,chaos-dashboard-5b77585c6c-zm7f4,chaos-testing,/kubepods/burstable/pod7d3e8284-7c72-4577-a8fb-79d957f69104,1780919748,0.0020600374845971166
cpu_rate,minikube,chaos-dns-server-6bccb5bb76-gscmn,chaos-testing,/kubepods/burstable/pod8a82a436-ef3f-4750-8f39-dbfde680d0b8,1780919748,0.0018905187628389067
cpu_rate,minikube,coredns-7d764666f9-gmlgd,kube-system,/kubepods/burstable/pod9289fad3-6e91-4617-b97d-6da4631c2f35,1780919748,0.0018420921021044352
cpu_rate,minikube,adservice-8576649cff-5bvst,boutique,/kubepods/burstable/pod9d685cd3-17df-43af-a26e-7743c006902d,1780919748,0.0010844881059670609
cpu_rate,minikube,kube-apiserver-minikube,kube-system,/kubepods/burstable/poda6dc00f40d27725f15407f95751ce5f7,1780919748,0.03520708503982749
cpu_rate,minikube,alertmanager-monitoring-kube-prometheus-alertmanager-0,monitoring,/kubepods/burstable/podb5fde93f-2f9a-427f-aa16-8a257f179975,1780919748,0.00042334398040223885
cpu_rate,minikube,currencyservice-fd8f5dfb7-js8gr,boutique,/kubepods/burstable/podc827ec2d-8a9d-4e1c-8017-62c3901eccb4,1780919748,0.004928043040445381
cpu_rate,minikube,redis-cart-6899b65948-ms767,boutique,/kubepods/burstable/podd425db0f-53f9-4bec-9ee1-49e4ced03bb6,1780919748,0.0017498245051044067
cpu_rate,minikube,chaos-controller-manager-659785674d-wbwg8,chaos-testing,/kubepods/burstable/podd7abbfc2-2af5-4b28-b438-3ebef4bafcce,1780919748,0.00038135213371930213
cpu_rate,minikube,paymentservice-6b76dfb449-n8mm2,boutique,/kubepods/burstable/podd9986049-5066-4a99-a156-0bc7b2391961,1780919748,0.00046198532509135687
cpu_rate,minikube,checkoutservice-75b9cd684f-vzdsz,boutique,/kubepods/burstable/pod5827d8c7-6a98-4352-9825-164648474ddc,1780919748,0.0009366243767586481
cpu_rate,minikube,frontend-694b9f76cd-z2pk6,boutique,/kubepods/burstable/podcf6049c2-3667-4622-87ba-b06efa553d48,1780919748,0.007478169999999978
cpu_rate,minikube,productcatalogservice-fb49fc9cc-wptz6,boutique,/kubepods/burstable/pode9d4586d-6739-497d-ae8d-4fd70972eea8,1780919748,0.003956696713694998
cpu_rate,minikube,loadgenerator-7694cd65db-bdz8c,boutique,/kubepods/burstable/pod38d6ef8e-d456-4bd4-95a0-ea6760631a9d,1780919748,0.0023683772904421426
memory_working_set,minikube,kube-proxy-fshvh,kube-system,/kubepods/besteffort/pod2f4efb93-ee48-4c37-b1e1-6f2e54a917c7,1780919748,37515264.0
memory_working_set,minikube,monitoring-kube-state-metrics-868694bc4b-689cm,monitoring,/kubepods/besteffort/pod59c52cc8-67e3-4946-aac6-7ff0ef74285f,1780919748,38838272.0
memory_working_set,minikube,prometheus-monitoring-kube-prometheus-prometheus-0,monitoring,/kubepods/besteffort/pod6bff50b8-f988-4ff2-a8c1-8f95f2c25189,1780919748,326676480.0
memory_working_set,minikube,storage-provisioner,kube-system,/kubepods/besteffort/pod9bffcac8-a0cd-49a4-ad59-cdbf60a579cb,1780919748,20934656.0
memory_working_set,minikube,monitoring-grafana-6f66955c48-hlrcn,monitoring,/kubepods/besteffort/pod9d3fe3f0-8989-47b4-8478-0ae7be66df8d,1780919748,405417984.0
memory_working_set,minikube,chaos-daemon-n6ghj,chaos-testing,/kubepods/besteffort/poda051be83-a7cd-43e4-83d3-76f3c90e8474,1780919748,19378176.0
memory_working_set,minikube,monitoring-kube-prometheus-operator-556b56cc6d-n6dg9,monitoring,/kubepods/besteffort/podc8122519-a592-495f-9353-00a2f23fdf80,1780919748,40574976.0
memory_working_set,minikube,monitoring-prometheus-node-exporter-pdw8p,monitoring,/kubepods/besteffort/podd35abb3b-34f0-40fa-af55-3ab246fc64c8,1780919748,18714624.0
memory_working_set,minikube,kube-scheduler-minikube,kube-system,/kubepods/burstable/pod1c7123a121598343200ffd5b015ca580,1780919748,40898560.0
memory_working_set,minikube,shippingservice-55656785c7-lk4mx,boutique,/kubepods/burstable/pod1df51271-c9ea-47fa-8fb2-cf15bbc7c216,1780919748,15036416.0
memory_working_set,minikube,chaos-controller-manager-659785674d-29q42,chaos-testing,/kubepods/burstable/pod21ab858c-cee8-438c-8682-c786dc3dc044,1780919748,29573120.0
memory_working_set,minikube,chaos-controller-manager-659785674d-fjb2r,chaos-testing,/kubepods/burstable/pod2569141a-4d05-422e-bcf2-2f01e2f5056d,1780919748,36409344.0
memory_working_set,minikube,coredns-7d764666f9-hxxb8,kube-system,/kubepods/burstable/pod596c18fb-891c-4e87-9b11-83d99dd6d264,1780919748,39247872.0
memory_working_set,minikube,recommendationservice-6f8f67d69-fhrns,boutique,/kubepods/burstable/pod5ded7b1a-44d9-4178-8596-57a9e25f6171,1780919748,57946112.0
memory_working_set,minikube,etcd-minikube,kube-system,/kubepods/burstable/pod5ff8e3b06bbaa8cb7ebc2bf531e48a2f,1780919748,88416256.0
memory_working_set,minikube,emailservice-7466dc585-sv4wh,boutique,/kubepods/burstable/pod6116940a-da83-4761-97dc-892a207b789e,1780919748,53129216.0
memory_working_set,minikube,cartservice-546c548494-cb4lb,boutique,/kubepods/burstable/pod6ec732c5-cf34-4e25-a3ce-ff4b44ce8d19,1780919748,71757824.0
memory_working_set,minikube,kube-controller-manager-minikube,kube-system,/kubepods/burstable/pod740363cf4388c2d0df59fc97f96b889c,1780919748,96239616.0
memory_working_set,minikube,chaos-dashboard-5b77585c6c-zm7f4,chaos-testing,/kubepods/burstable/pod7d3e8284-7c72-4577-a8fb-79d957f69104,1780919748,48488448.0
memory_working_set,minikube,chaos-dns-server-6bccb5bb76-gscmn,chaos-testing,/kubepods/burstable/pod8a82a436-ef3f-4750-8f39-dbfde680d0b8,1780919748,28663808.0
memory_working_set,minikube,coredns-7d764666f9-gmlgd,kube-system,/kubepods/burstable/pod9289fad3-6e91-4617-b97d-6da4631c2f35,1780919748,32124928.0
memory_working_set,minikube,adservice-8576649cff-5bvst,boutique,/kubepods/burstable/pod9d685cd3-17df-43af-a26e-7743c006902d,1780919748,112480256.0
memory_working_set,minikube,kube-apiserver-minikube,kube-system,/kubepods/burstable/poda6dc00f40d27725f15407f95751ce5f7,1780919748,544272384.0
memory_working_set,minikube,alertmanager-monitoring-kube-prometheus-alertmanager-0,monitoring,/kubepods/burstable/podb5fde93f-2f9a-427f-aa16-8a257f179975,1780919748,54849536.0
memory_working_set,minikube,currencyservice-fd8f5dfb7-js8gr,boutique,/kubepods/burstable/podc827ec2d-8a9d-4e1c-8017-62c3901eccb4,1780919748,106991616.0
memory_working_set,minikube,redis-cart-6899b65948-ms767,boutique,/kubepods/burstable/podd425db0f-53f9-4bec-9ee1-49e4ced03bb6,1780919748,13647872.0
memory_working_set,minikube,chaos-controller-manager-659785674d-wbwg8,chaos-testing,/kubepods/burstable/podd7abbfc2-2af5-4b28-b438-3ebef4bafcce,1780919748,27820032.0
memory_working_set,minikube,paymentservice-6b76dfb449-n8mm2,boutique,/kubepods/burstable/podd9986049-5066-4a99-a156-0bc7b2391961,1780919748,75583488.0
memory_working_set,minikube,checkoutservice-75b9cd684f-vzdsz,boutique,/kubepods/burstable/pod5827d8c7-6a98-4352-9825-164648474ddc,1780919748,17530880.0
memory_working_set,minikube,frontend-694b9f76cd-z2pk6,boutique,/kubepods/burstable/podcf6049c2-3667-4622-87ba-b06efa553d48,1780919748,23388160.0
memory_working_set,minikube,productcatalogservice-fb49fc9cc-wptz6,boutique,/kubepods/burstable/pode9d4586d-6739-497d-ae8d-4fd70972eea8,1780919748,18493440.0
memory_working_set,minikube,loadgenerator-7694cd65db-bdz8c,boutique,/kubepods/burstable/pod38d6ef8e-d456-4bd4-95a0-ea6760631a9d,1780919748,77369344.0
cpu_rate,minikube,kube-proxy-fshvh,kube-system,/kubepods/besteffort/pod2f4efb93-ee48-4c37-b1e1-6f2e54a917c7,1780919777,0.00037096061537224376
cpu_rate,minikube,monitoring-kube-state-metrics-868694bc4b-689cm,monitoring,/kubepods/besteffort/pod59c52cc8-67e3-4946-aac6-7ff0ef74285f,1780919777,0.0006496693792672676
cpu_rate,minikube,prometheus-monitoring-kube-prometheus-prometheus-0,monitoring,/kubepods/besteffort/pod6bff50b8-f988-4ff2-a8c1-8f95f2c25189,1780919777,0.011618477413393396
cpu_rate,minikube,storage-provisioner,kube-system,/kubepods/besteffort/pod9bffcac8-a0cd-49a4-ad59-cdbf60a579cb,1780919777,0.0012414348957661893
cpu_rate,minikube,monitoring-grafana-6f66955c48-hlrcn,monitoring,/kubepods/besteffort/pod9d3fe3f0-8989-47b4-8478-0ae7be66df8d,1780919777,0.009389636913766902
cpu_rate,minikube,chaos-daemon-n6ghj,chaos-testing,/kubepods/besteffort/poda051be83-a7cd-43e4-83d3-76f3c90e8474,1780919777,1.541623843782074e-05
cpu_rate,minikube,monitoring-kube-prometheus-operator-556b56cc6d-n6dg9,monitoring,/kubepods/besteffort/podc8122519-a592-495f-9353-00a2f23fdf80,1780919777,0.002117006127152487
cpu_rate,minikube,monitoring-prometheus-node-exporter-pdw8p,monitoring,/kubepods/besteffort/podd35abb3b-34f0-40fa-af55-3ab246fc64c8,1780919777,0.0009856251288491134
cpu_rate,minikube,kube-scheduler-minikube,kube-system,/kubepods/burstable/pod1c7123a121598343200ffd5b015ca580,1780919777,0.004481060492156393
cpu_rate,minikube,shippingservice-55656785c7-lk4mx,boutique,/kubepods/burstable/pod1df51271-c9ea-47fa-8fb2-cf15bbc7c216,1780919777,0.0009216527984050066
cpu_rate,minikube,chaos-controller-manager-659785674d-29q42,chaos-testing,/kubepods/burstable/pod21ab858c-cee8-438c-8682-c786dc3dc044,1780919777,0.00042265291275718345
cpu_rate,minikube,chaos-controller-manager-659785674d-fjb2r,chaos-testing,/kubepods/burstable/pod2569141a-4d05-422e-bcf2-2f01e2f5056d,1780919777,0.004872333865859558
cpu_rate,minikube,coredns-7d764666f9-hxxb8,kube-system,/kubepods/burstable/pod596c18fb-891c-4e87-9b11-83d99dd6d264,1780919777,0.0018003337884995023
cpu_rate,minikube,recommendationservice-6f8f67d69-fhrns,boutique,/kubepods/burstable/pod5ded7b1a-44d9-4178-8596-57a9e25f6171,1780919777,0.005381015355227386
cpu_rate,minikube,etcd-minikube,kube-system,/kubepods/burstable/pod5ff8e3b06bbaa8cb7ebc2bf531e48a2f,1780919777,0.020235746736629395
cpu_rate,minikube,emailservice-7466dc585-sv4wh,boutique,/kubepods/burstable/pod6116940a-da83-4761-97dc-892a207b789e,1780919777,0.0012348291666666278
cpu_rate,minikube,cartservice-546c548494-cb4lb,boutique,/kubepods/burstable/pod6ec732c5-cf34-4e25-a3ce-ff4b44ce8d19,1780919777,0.0035183166647936837
cpu_rate,minikube,kube-controller-manager-minikube,kube-system,/kubepods/burstable/pod740363cf4388c2d0df59fc97f96b889c,1780919777,0.012154576573623907
cpu_rate,minikube,chaos-dashboard-5b77585c6c-zm7f4,chaos-testing,/kubepods/burstable/pod7d3e8284-7c72-4577-a8fb-79d957f69104,1780919777,0.00203845214155496
cpu_rate,minikube,chaos-dns-server-6bccb5bb76-gscmn,chaos-testing,/kubepods/burstable/pod8a82a436-ef3f-4750-8f39-dbfde680d0b8,1780919777,0.0016318203701017368
cpu_rate,minikube,coredns-7d764666f9-gmlgd,kube-system,/kubepods/burstable/pod9289fad3-6e91-4617-b97d-6da4631c2f35,1780919777,0.001744702794881986
cpu_rate,minikube,adservice-8576649cff-5bvst,boutique,/kubepods/burstable/pod9d685cd3-17df-43af-a26e-7743c006902d,1780919777,0.0010790072506867282
cpu_rate,minikube,kube-apiserver-minikube,kube-system,/kubepods/burstable/poda6dc00f40d27725f15407f95751ce5f7,1780919777,0.034338982621760654
cpu_rate,minikube,alertmanager-monitoring-kube-prometheus-alertmanager-0,monitoring,/kubepods/burstable/podb5fde93f-2f9a-427f-aa16-8a257f179975,1780919777,0.00046202436617906586
cpu_rate,minikube,currencyservice-fd8f5dfb7-js8gr,boutique,/kubepods/burstable/podc827ec2d-8a9d-4e1c-8017-62c3901eccb4,1780919777,0.005961536536787162
cpu_rate,minikube,redis-cart-6899b65948-ms767,boutique,/kubepods/burstable/podd425db0f-53f9-4bec-9ee1-49e4ced03bb6,1780919777,0.0015376595617596146
cpu_rate,minikube,chaos-controller-manager-659785674d-wbwg8,chaos-testing,/kubepods/burstable/podd7abbfc2-2af5-4b28-b438-3ebef4bafcce,1780919777,0.000336034059017327
cpu_rate,minikube,paymentservice-6b76dfb449-n8mm2,boutique,/kubepods/burstable/podd9986049-5066-4a99-a156-0bc7b2391961,1780919777,0.0004847079503697821
cpu_rate,minikube,checkoutservice-75b9cd684f-vzdsz,boutique,/kubepods/burstable/pod5827d8c7-6a98-4352-9825-164648474ddc,1780919777,0.0010652601116510193
cpu_rate,minikube,frontend-694b9f76cd-z2pk6,boutique,/kubepods/burstable/podcf6049c2-3667-4622-87ba-b06efa553d48,1780919777,0.009401167656318744
cpu_rate,minikube,productcatalogservice-fb49fc9cc-wptz6,boutique,/kubepods/burstable/pode9d4586d-6739-497d-ae8d-4fd70972eea8,1780919777,0.004748921779518728
cpu_rate,minikube,loadgenerator-7694cd65db-bdz8c,boutique,/kubepods/burstable/pod38d6ef8e-d456-4bd4-95a0-ea6760631a9d,1780919777,0.0024768593397938195
memory_working_set,minikube,kube-proxy-fshvh,kube-system,/kubepods/besteffort/pod2f4efb93-ee48-4c37-b1e1-6f2e54a917c7,1780919777,37527552.0
memory_working_set,minikube,monitoring-kube-state-metrics-868694bc4b-689cm,monitoring,/kubepods/besteffort/pod59c52cc8-67e3-4946-aac6-7ff0ef74285f,1780919777,38838272.0
memory_working_set,minikube,prometheus-monitoring-kube-prometheus-prometheus-0,monitoring,/kubepods/besteffort/pod6bff50b8-f988-4ff2-a8c1-8f95f2c25189,1780919777,328310784.0
memory_working_set,minikube,storage-provisioner,kube-system,/kubepods/besteffort/pod9bffcac8-a0cd-49a4-ad59-cdbf60a579cb,1780919777,20742144.0
memory_working_set,minikube,monitoring-grafana-6f66955c48-hlrcn,monitoring,/kubepods/besteffort/pod9d3fe3f0-8989-47b4-8478-0ae7be66df8d,1780919777,405684224.0
memory_working_set,minikube,chaos-daemon-n6ghj,chaos-testing,/kubepods/besteffort/poda051be83-a7cd-43e4-83d3-76f3c90e8474,1780919777,19378176.0
memory_working_set,minikube,monitoring-kube-prometheus-operator-556b56cc6d-n6dg9,monitoring,/kubepods/besteffort/podc8122519-a592-495f-9353-00a2f23fdf80,1780919777,40574976.0
memory_working_set,minikube,monitoring-prometheus-node-exporter-pdw8p,monitoring,/kubepods/besteffort/podd35abb3b-34f0-40fa-af55-3ab246fc64c8,1780919777,19447808.0
memory_working_set,minikube,kube-scheduler-minikube,kube-system,/kubepods/burstable/pod1c7123a121598343200ffd5b015ca580,1780919777,40882176.0
memory_working_set,minikube,shippingservice-55656785c7-lk4mx,boutique,/kubepods/burstable/pod1df51271-c9ea-47fa-8fb2-cf15bbc7c216,1780919777,15183872.0
memory_working_set,minikube,chaos-controller-manager-659785674d-29q42,chaos-testing,/kubepods/burstable/pod21ab858c-cee8-438c-8682-c786dc3dc044,1780919777,29573120.0
memory_working_set,minikube,chaos-controller-manager-659785674d-fjb2r,chaos-testing,/kubepods/burstable/pod2569141a-4d05-422e-bcf2-2f01e2f5056d,1780919777,36409344.0
memory_working_set,minikube,coredns-7d764666f9-hxxb8,kube-system,/kubepods/burstable/pod596c18fb-891c-4e87-9b11-83d99dd6d264,1780919777,38363136.0
memory_working_set,minikube,recommendationservice-6f8f67d69-fhrns,boutique,/kubepods/burstable/pod5ded7b1a-44d9-4178-8596-57a9e25f6171,1780919777,57970688.0
memory_working_set,minikube,etcd-minikube,kube-system,/kubepods/burstable/pod5ff8e3b06bbaa8cb7ebc2bf531e48a2f,1780919777,88412160.0
memory_working_set,minikube,emailservice-7466dc585-sv4wh,boutique,/kubepods/burstable/pod6116940a-da83-4761-97dc-892a207b789e,1780919777,53129216.0
memory_working_set,minikube,cartservice-546c548494-cb4lb,boutique,/kubepods/burstable/pod6ec732c5-cf34-4e25-a3ce-ff4b44ce8d19,1780919777,71704576.0
memory_working_set,minikube,kube-controller-manager-minikube,kube-system,/kubepods/burstable/pod740363cf4388c2d0df59fc97f96b889c,1780919777,96239616.0
memory_working_set,minikube,chaos-dashboard-5b77585c6c-zm7f4,chaos-testing,/kubepods/burstable/pod7d3e8284-7c72-4577-a8fb-79d957f69104,1780919777,48488448.0
memory_working_set,minikube,chaos-dns-server-6bccb5bb76-gscmn,chaos-testing,/kubepods/burstable/pod8a82a436-ef3f-4750-8f39-dbfde680d0b8,1780919777,28409856.0
memory_working_set,minikube,coredns-7d764666f9-gmlgd,kube-system,/kubepods/burstable/pod9289fad3-6e91-4617-b97d-6da4631c2f35,1780919777,32116736.0
memory_working_set,minikube,adservice-8576649cff-5bvst,boutique,/kubepods/burstable/pod9d685cd3-17df-43af-a26e-7743c006902d,1780919777,112357376.0
memory_working_set,minikube,kube-apiserver-minikube,kube-system,/kubepods/burstable/poda6dc00f40d27725f15407f95751ce5f7,1780919777,544530432.0
memory_working_set,minikube,alertmanager-monitoring-kube-prometheus-alertmanager-0,monitoring,/kubepods/burstable/podb5fde93f-2f9a-427f-aa16-8a257f179975,1780919777,55672832.0
memory_working_set,minikube,currencyservice-fd8f5dfb7-js8gr,boutique,/kubepods/burstable/podc827ec2d-8a9d-4e1c-8017-62c3901eccb4,1780919777,108015616.0
memory_working_set,minikube,redis-cart-6899b65948-ms767,boutique,/kubepods/burstable/podd425db0f-53f9-4bec-9ee1-49e4ced03bb6,1780919777,13651968.0
memory_working_set,minikube,chaos-controller-manager-659785674d-wbwg8,chaos-testing,/kubepods/burstable/podd7abbfc2-2af5-4b28-b438-3ebef4bafcce,1780919777,27820032.0
memory_working_set,minikube,paymentservice-6b76dfb449-n8mm2,boutique,/kubepods/burstable/podd9986049-5066-4a99-a156-0bc7b2391961,1780919777,75206656.0
memory_working_set,minikube,checkoutservice-75b9cd684f-vzdsz,boutique,/kubepods/burstable/pod5827d8c7-6a98-4352-9825-164648474ddc,1780919777,17702912.0
memory_working_set,minikube,frontend-694b9f76cd-z2pk6,boutique,/kubepods/burstable/podcf6049c2-3667-4622-87ba-b06efa553d48,1780919777,23384064.0
memory_working_set,minikube,productcatalogservice-fb49fc9cc-wptz6,boutique,/kubepods/burstable/pode9d4586d-6739-497d-ae8d-4fd70972eea8,1780919777,18329600.0
memory_working_set,minikube,loadgenerator-7694cd65db-bdz8c,boutique,/kubepods/burstable/pod38d6ef8e-d456-4bd4-95a0-ea6760631a9d,1780919777,77361152.0
cpu_rate,minikube,kube-proxy-fshvh,kube-system,/kubepods/besteffort/pod2f4efb93-ee48-4c37-b1e1-6f2e54a917c7,1780919806,0.0003259682381943162
cpu_rate,minikube,monitoring-kube-state-metrics-868694bc4b-689cm,monitoring,/kubepods/besteffort/pod59c52cc8-67e3-4946-aac6-7ff0ef74285f,1780919806,0.00077909328597504
cpu_rate,minikube,prometheus-monitoring-kube-prometheus-prometheus-0,monitoring,/kubepods/besteffort/pod6bff50b8-f988-4ff2-a8c1-8f95f2c25189,1780919806,0.012579648088585223
cpu_rate,minikube,storage-provisioner,kube-system,/kubepods/besteffort/pod9bffcac8-a0cd-49a4-ad59-cdbf60a579cb,1780919806,0.0013581432360742383
cpu_rate,minikube,monitoring-grafana-6f66955c48-hlrcn,monitoring,/kubepods/besteffort/pod9d3fe3f0-8989-47b4-8478-0ae7be66df8d,1780919806,0.010466804069014214
cpu_rate,minikube,chaos-daemon-n6ghj,chaos-testing,/kubepods/besteffort/poda051be83-a7cd-43e4-83d3-76f3c90e8474,1780919806,1.284908349895661e-06
cpu_rate,minikube,monitoring-kube-prometheus-operator-556b56cc6d-n6dg9,monitoring,/kubepods/besteffort/podc8122519-a592-495f-9353-00a2f23fdf80,1780919806,0.0023856575613065813
cpu_rate,minikube,monitoring-prometheus-node-exporter-pdw8p,monitoring,/kubepods/besteffort/podd35abb3b-34f0-40fa-af55-3ab246fc64c8,1780919806,0.0010207390402148444
cpu_rate,minikube,kube-scheduler-minikube,kube-system,/kubepods/burstable/pod1c7123a121598343200ffd5b015ca580,1780919806,0.00481077316459206
cpu_rate,minikube,shippingservice-55656785c7-lk4mx,boutique,/kubepods/burstable/pod1df51271-c9ea-47fa-8fb2-cf15bbc7c216,1780919806,0.000908183424196942
cpu_rate,minikube,chaos-controller-manager-659785674d-29q42,chaos-testing,/kubepods/burstable/pod21ab858c-cee8-438c-8682-c786dc3dc044,1780919806,0.00047537034698038087
cpu_rate,minikube,chaos-controller-manager-659785674d-fjb2r,chaos-testing,/kubepods/burstable/pod2569141a-4d05-422e-bcf2-2f01e2f5056d,1780919806,0.004564465396235056
cpu_rate,minikube,coredns-7d764666f9-hxxb8,kube-system,/kubepods/burstable/pod596c18fb-891c-4e87-9b11-83d99dd6d264,1780919806,0.0017581967418234749
cpu_rate,minikube,recommendationservice-6f8f67d69-fhrns,boutique,/kubepods/burstable/pod5ded7b1a-44d9-4178-8596-57a9e25f6171,1780919806,0.005903955730316316
cpu_rate,minikube,etcd-minikube,kube-system,/kubepods/burstable/pod5ff8e3b06bbaa8cb7ebc2bf531e48a2f,1780919806,0.024829500506847034
cpu_rate,minikube,emailservice-7466dc585-sv4wh,boutique,/kubepods/burstable/pod6116940a-da83-4761-97dc-892a207b789e,1780919806,0.0014332662197208224
cpu_rate,minikube,cartservice-546c548494-cb4lb,boutique,/kubepods/burstable/pod6ec732c5-cf34-4e25-a3ce-ff4b44ce8d19,1780919806,0.0037781876039633465
cpu_rate,minikube,kube-controller-manager-minikube,kube-system,/kubepods/burstable/pod740363cf4388c2d0df59fc97f96b889c,1780919806,0.012653285098494437
cpu_rate,minikube,chaos-dashboard-5b77585c6c-zm7f4,chaos-testing,/kubepods/burstable/pod7d3e8284-7c72-4577-a8fb-79d957f69104,1780919806,0.002192719603385448
cpu_rate,minikube,chaos-dns-server-6bccb5bb76-gscmn,chaos-testing,/kubepods/burstable/pod8a82a436-ef3f-4750-8f39-dbfde680d0b8,1780919806,0.0020018989786284654
cpu_rate,minikube,coredns-7d764666f9-gmlgd,kube-system,/kubepods/burstable/pod9289fad3-6e91-4617-b97d-6da4631c2f35,1780919806,0.0018581293872131153
cpu_rate,minikube,adservice-8576649cff-5bvst,boutique,/kubepods/burstable/pod9d685cd3-17df-43af-a26e-7743c006902d,1780919806,0.001157300752507759
cpu_rate,minikube,kube-apiserver-minikube,kube-system,/kubepods/burstable/poda6dc00f40d27725f15407f95751ce5f7,1780919806,0.045004847434384425
cpu_rate,minikube,alertmanager-monitoring-kube-prometheus-alertmanager-0,monitoring,/kubepods/burstable/podb5fde93f-2f9a-427f-aa16-8a257f179975,1780919806,0.000547379560361274
cpu_rate,minikube,currencyservice-fd8f5dfb7-js8gr,boutique,/kubepods/burstable/podc827ec2d-8a9d-4e1c-8017-62c3901eccb4,1780919806,0.006548712958690613
cpu_rate,minikube,redis-cart-6899b65948-ms767,boutique,/kubepods/burstable/podd425db0f-53f9-4bec-9ee1-49e4ced03bb6,1780919806,0.0015880666666666186
cpu_rate,minikube,chaos-controller-manager-659785674d-wbwg8,chaos-testing,/kubepods/burstable/podd7abbfc2-2af5-4b28-b438-3ebef4bafcce,1780919806,0.00037972694752562506
cpu_rate,minikube,paymentservice-6b76dfb449-n8mm2,boutique,/kubepods/burstable/podd9986049-5066-4a99-a156-0bc7b2391961,1780919806,0.0005059483375864771
cpu_rate,minikube,checkoutservice-75b9cd684f-vzdsz,boutique,/kubepods/burstable/pod5827d8c7-6a98-4352-9825-164648474ddc,1780919806,0.0009760778224333402
cpu_rate,minikube,frontend-694b9f76cd-z2pk6,boutique,/kubepods/burstable/podcf6049c2-3667-4622-87ba-b06efa553d48,1780919806,0.010624421944710555
cpu_rate,minikube,productcatalogservice-fb49fc9cc-wptz6,boutique,/kubepods/burstable/pode9d4586d-6739-497d-ae8d-4fd70972eea8,1780919806,0.00487015008189902
cpu_rate,minikube,loadgenerator-7694cd65db-bdz8c,boutique,/kubepods/burstable/pod38d6ef8e-d456-4bd4-95a0-ea6760631a9d,1780919806,0.002983534020741661
memory_working_set,minikube,kube-proxy-fshvh,kube-system,/kubepods/besteffort/pod2f4efb93-ee48-4c37-b1e1-6f2e54a917c7,1780919806,38178816.0
memory_working_set,minikube,monitoring-kube-state-metrics-868694bc4b-689cm,monitoring,/kubepods/besteffort/pod59c52cc8-67e3-4946-aac6-7ff0ef74285f,1780919806,38838272.0
memory_working_set,minikube,prometheus-monitoring-kube-prometheus-prometheus-0,monitoring,/kubepods/besteffort/pod6bff50b8-f988-4ff2-a8c1-8f95f2c25189,1780919806,329572352.0
memory_working_set,minikube,storage-provisioner,kube-system,/kubepods/besteffort/pod9bffcac8-a0cd-49a4-ad59-cdbf60a579cb,1780919806,21016576.0
memory_working_set,minikube,monitoring-grafana-6f66955c48-hlrcn,monitoring,/kubepods/besteffort/pod9d3fe3f0-8989-47b4-8478-0ae7be66df8d,1780919806,405467136.0
memory_working_set,minikube,chaos-daemon-n6ghj,chaos-testing,/kubepods/besteffort/poda051be83-a7cd-43e4-83d3-76f3c90e8474,1780919806,19378176.0
memory_working_set,minikube,monitoring-kube-prometheus-operator-556b56cc6d-n6dg9,monitoring,/kubepods/besteffort/podc8122519-a592-495f-9353-00a2f23fdf80,1780919806,40861696.0
memory_working_set,minikube,monitoring-prometheus-node-exporter-pdw8p,monitoring,/kubepods/besteffort/podd35abb3b-34f0-40fa-af55-3ab246fc64c8,1780919806,19800064.0
memory_working_set,minikube,kube-scheduler-minikube,kube-system,/kubepods/burstable/pod1c7123a121598343200ffd5b015ca580,1780919806,40882176.0
memory_working_set,minikube,shippingservice-55656785c7-lk4mx,boutique,/kubepods/burstable/pod1df51271-c9ea-47fa-8fb2-cf15bbc7c216,1780919806,15183872.0
memory_working_set,minikube,chaos-controller-manager-659785674d-29q42,chaos-testing,/kubepods/burstable/pod21ab858c-cee8-438c-8682-c786dc3dc044,1780919806,29573120.0
memory_working_set,minikube,chaos-controller-manager-659785674d-fjb2r,chaos-testing,/kubepods/burstable/pod2569141a-4d05-422e-bcf2-2f01e2f5056d,1780919806,36409344.0
memory_working_set,minikube,coredns-7d764666f9-hxxb8,kube-system,/kubepods/burstable/pod596c18fb-891c-4e87-9b11-83d99dd6d264,1780919806,38645760.0
memory_working_set,minikube,recommendationservice-6f8f67d69-fhrns,boutique,/kubepods/burstable/pod5ded7b1a-44d9-4178-8596-57a9e25f6171,1780919806,57962496.0
memory_working_set,minikube,etcd-minikube,kube-system,/kubepods/burstable/pod5ff8e3b06bbaa8cb7ebc2bf531e48a2f,1780919806,89763840.0
memory_working_set,minikube,emailservice-7466dc585-sv4wh,boutique,/kubepods/burstable/pod6116940a-da83-4761-97dc-892a207b789e,1780919806,53129216.0
memory_working_set,minikube,cartservice-546c548494-cb4lb,boutique,/kubepods/burstable/pod6ec732c5-cf34-4e25-a3ce-ff4b44ce8d19,1780919806,71733248.0
memory_working_set,minikube,kube-controller-manager-minikube,kube-system,/kubepods/burstable/pod740363cf4388c2d0df59fc97f96b889c,1780919806,96235520.0
memory_working_set,minikube,chaos-dashboard-5b77585c6c-zm7f4,chaos-testing,/kubepods/burstable/pod7d3e8284-7c72-4577-a8fb-79d957f69104,1780919806,48488448.0
memory_working_set,minikube,chaos-dns-server-6bccb5bb76-gscmn,chaos-testing,/kubepods/burstable/pod8a82a436-ef3f-4750-8f39-dbfde680d0b8,1780919806,28209152.0
memory_working_set,minikube,coredns-7d764666f9-gmlgd,kube-system,/kubepods/burstable/pod9289fad3-6e91-4617-b97d-6da4631c2f35,1780919806,32120832.0
memory_working_set,minikube,adservice-8576649cff-5bvst,boutique,/kubepods/burstable/pod9d685cd3-17df-43af-a26e-7743c006902d,1780919806,112615424.0
memory_working_set,minikube,kube-apiserver-minikube,kube-system,/kubepods/burstable/poda6dc00f40d27725f15407f95751ce5f7,1780919806,542158848.0
memory_working_set,minikube,alertmanager-monitoring-kube-prometheus-alertmanager-0,monitoring,/kubepods/burstable/podb5fde93f-2f9a-427f-aa16-8a257f179975,1780919806,55820288.0
memory_working_set,minikube,currencyservice-fd8f5dfb7-js8gr,boutique,/kubepods/burstable/podc827ec2d-8a9d-4e1c-8017-62c3901eccb4,1780919806,108163072.0
memory_working_set,minikube,redis-cart-6899b65948-ms767,boutique,/kubepods/burstable/podd425db0f-53f9-4bec-9ee1-49e4ced03bb6,1780919806,13914112.0
memory_working_set,minikube,chaos-controller-manager-659785674d-wbwg8,chaos-testing,/kubepods/burstable/podd7abbfc2-2af5-4b28-b438-3ebef4bafcce,1780919806,28078080.0
memory_working_set,minikube,paymentservice-6b76dfb449-n8mm2,boutique,/kubepods/burstable/podd9986049-5066-4a99-a156-0bc7b2391961,1780919806,75776000.0
memory_working_set,minikube,checkoutservice-75b9cd684f-vzdsz,boutique,/kubepods/burstable/pod5827d8c7-6a98-4352-9825-164648474ddc,1780919806,17702912.0
memory_working_set,minikube,frontend-694b9f76cd-z2pk6,boutique,/kubepods/burstable/podcf6049c2-3667-4622-87ba-b06efa553d48,1780919806,23449600.0
memory_working_set,minikube,productcatalogservice-fb49fc9cc-wptz6,boutique,/kubepods/burstable/pode9d4586d-6739-497d-ae8d-4fd70972eea8,1780919806,18546688.0
memory_working_set,minikube,loadgenerator-7694cd65db-bdz8c,boutique,/kubepods/burstable/pod38d6ef8e-d456-4bd4-95a0-ea6760631a9d,1780919806,77373440.0
cpu_rate,minikube,kube-proxy-fshvh,kube-system,/kubepods/besteffort/pod2f4efb93-ee48-4c37-b1e1-6f2e54a917c7,1780919835,0.0004377567024326786
cpu_rate,minikube,monitoring-kube-state-metrics-868694bc4b-689cm,monitoring,/kubepods/besteffort/pod59c52cc8-67e3-4946-aac6-7ff0ef74285f,1780919835,0.0008556664765164369
cpu_rate,minikube,prometheus-monitoring-kube-prometheus-prometheus-0,monitoring,/kubepods/besteffort/pod6bff50b8-f988-4ff2-a8c1-8f95f2c25189,1780919835,0.011546212731668344
cpu_rate,minikube,storage-provisioner,kube-system,/kubepods/besteffort/pod9bffcac8-a0cd-49a4-ad59-cdbf60a579cb,1780919835,0.00133754836489071
cpu_rate,minikube,monitoring-grafana-6f66955c48-hlrcn,monitoring,/kubepods/besteffort/pod9d3fe3f0-8989-47b4-8478-0ae7be66df8d,1780919835,0.010526381689790854
cpu_rate,minikube,chaos-daemon-n6ghj,chaos-testing,/kubepods/besteffort/poda051be83-a7cd-43e4-83d3-76f3c90e8474,1780919835,2.9453415235223332e-05
cpu_rate,minikube,monitoring-kube-prometheus-operator-556b56cc6d-n6dg9,monitoring,/kubepods/besteffort/podc8122519-a592-495f-9353-00a2f23fdf80,1780919835,0.002523131202928193
cpu_rate,minikube,monitoring-prometheus-node-exporter-pdw8p,monitoring,/kubepods/besteffort/podd35abb3b-34f0-40fa-af55-3ab246fc64c8,1780919835,0.0011397900615336583
cpu_rate,minikube,kube-scheduler-minikube,kube-system,/kubepods/burstable/pod1c7123a121598343200ffd5b015ca580,1780919835,0.005004723183572979
cpu_rate,minikube,shippingservice-55656785c7-lk4mx,boutique,/kubepods/burstable/pod1df51271-c9ea-47fa-8fb2-cf15bbc7c216,1780919835,0.0009466167105250168
cpu_rate,minikube,chaos-controller-manager-659785674d-29q42,chaos-testing,/kubepods/burstable/pod21ab858c-cee8-438c-8682-c786dc3dc044,1780919835,0.0005259853114313029
cpu_rate,minikube,chaos-controller-manager-659785674d-fjb2r,chaos-testing,/kubepods/burstable/pod2569141a-4d05-422e-bcf2-2f01e2f5056d,1780919835,0.005512328767123289
cpu_rate,minikube,coredns-7d764666f9-hxxb8,kube-system,/kubepods/burstable/pod596c18fb-891c-4e87-9b11-83d99dd6d264,1780919835,0.001999576952135192
cpu_rate,minikube,recommendationservice-6f8f67d69-fhrns,boutique,/kubepods/burstable/pod5ded7b1a-44d9-4178-8596-57a9e25f6171,1780919835,0.005860574425988333
cpu_rate,minikube,etcd-minikube,kube-system,/kubepods/burstable/pod5ff8e3b06bbaa8cb7ebc2bf531e48a2f,1780919835,0.026636297030110872
cpu_rate,minikube,emailservice-7466dc585-sv4wh,boutique,/kubepods/burstable/pod6116940a-da83-4761-97dc-892a207b789e,1780919835,0.001605428970780723
cpu_rate,minikube,cartservice-546c548494-cb4lb,boutique,/kubepods/burstable/pod6ec732c5-cf34-4e25-a3ce-ff4b44ce8d19,1780919835,0.003844648986280835
cpu_rate,minikube,kube-controller-manager-minikube,kube-system,/kubepods/burstable/pod740363cf4388c2d0df59fc97f96b889c,1780919835,0.011723353335953807
cpu_rate,minikube,chaos-dashboard-5b77585c6c-zm7f4,chaos-testing,/kubepods/burstable/pod7d3e8284-7c72-4577-a8fb-79d957f69104,1780919835,0.0020731712113143392
cpu_rate,minikube,chaos-dns-server-6bccb5bb76-gscmn,chaos-testing,/kubepods/burstable/pod8a82a436-ef3f-4750-8f39-dbfde680d0b8,1780919835,0.0021470359696663054
cpu_rate,minikube,coredns-7d764666f9-gmlgd,kube-system,/kubepods/burstable/pod9289fad3-6e91-4617-b97d-6da4631c2f35,1780919835,0.0017928784489583999
cpu_rate,minikube,adservice-8576649cff-5bvst,boutique,/kubepods/burstable/pod9d685cd3-17df-43af-a26e-7743c006902d,1780919835,0.0025738711279940088
cpu_rate,minikube,kube-apiserver-minikube,kube-system,/kubepods/burstable/poda6dc00f40d27725f15407f95751ce5f7,1780919835,0.05333051337034543
cpu_rate,minikube,alertmanager-monitoring-kube-prometheus-alertmanager-0,monitoring,/kubepods/burstable/podb5fde93f-2f9a-427f-aa16-8a257f179975,1780919835,0.0006275145560047688
cpu_rate,minikube,currencyservice-fd8f5dfb7-js8gr,boutique,/kubepods/burstable/podc827ec2d-8a9d-4e1c-8017-62c3901eccb4,1780919835,0.0067032421879172025
cpu_rate,minikube,redis-cart-6899b65948-ms767,boutique,/kubepods/burstable/podd425db0f-53f9-4bec-9ee1-49e4ced03bb6,1780919835,0.001964102669658095
cpu_rate,minikube,chaos-controller-manager-659785674d-wbwg8,chaos-testing,/kubepods/burstable/podd7abbfc2-2af5-4b28-b438-3ebef4bafcce,1780919835,0.00042840151225520057
cpu_rate,minikube,paymentservice-6b76dfb449-n8mm2,boutique,/kubepods/burstable/podd9986049-5066-4a99-a156-0bc7b2391961,1780919835,0.0004190850547796311
cpu_rate,minikube,checkoutservice-75b9cd684f-vzdsz,boutique,/kubepods/burstable/pod5827d8c7-6a98-4352-9825-164648474ddc,1780919835,0.000847623858632478
cpu_rate,minikube,frontend-694b9f76cd-z2pk6,boutique,/kubepods/burstable/podcf6049c2-3667-4622-87ba-b06efa553d48,1780919835,0.011230165190803307
cpu_rate,minikube,productcatalogservice-fb49fc9cc-wptz6,boutique,/kubepods/burstable/pode9d4586d-6739-497d-ae8d-4fd70972eea8,1780919835,0.005816402741191424
cpu_rate,minikube,loadgenerator-7694cd65db-bdz8c,boutique,/kubepods/burstable/pod38d6ef8e-d456-4bd4-95a0-ea6760631a9d,1780919835,0.002978299388605365
memory_working_set,minikube,kube-proxy-fshvh,kube-system,/kubepods/besteffort/pod2f4efb93-ee48-4c37-b1e1-6f2e54a917c7,1780919835,37834752.0
memory_working_set,minikube,monitoring-kube-state-metrics-868694bc4b-689cm,monitoring,/kubepods/besteffort/pod59c52cc8-67e3-4946-aac6-7ff0ef74285f,1780919835,38842368.0
memory_working_set,minikube,prometheus-monitoring-kube-prometheus-prometheus-0,monitoring,/kubepods/besteffort/pod6bff50b8-f988-4ff2-a8c1-8f95f2c25189,1780919835,334241792.0
memory_working_set,minikube,storage-provisioner,kube-system,/kubepods/besteffort/pod9bffcac8-a0cd-49a4-ad59-cdbf60a579cb,1780919835,21082112.0
memory_working_set,minikube,monitoring-grafana-6f66955c48-hlrcn,monitoring,/kubepods/besteffort/pod9d3fe3f0-8989-47b4-8478-0ae7be66df8d,1780919835,405467136.0
memory_working_set,minikube,chaos-daemon-n6ghj,chaos-testing,/kubepods/besteffort/poda051be83-a7cd-43e4-83d3-76f3c90e8474,1780919835,19378176.0
memory_working_set,minikube,monitoring-kube-prometheus-operator-556b56cc6d-n6dg9,monitoring,/kubepods/besteffort/podc8122519-a592-495f-9353-00a2f23fdf80,1780919835,40603648.0
memory_working_set,minikube,monitoring-prometheus-node-exporter-pdw8p,monitoring,/kubepods/besteffort/podd35abb3b-34f0-40fa-af55-3ab246fc64c8,1780919835,18354176.0
memory_working_set,minikube,kube-scheduler-minikube,kube-system,/kubepods/burstable/pod1c7123a121598343200ffd5b015ca580,1780919835,41418752.0
memory_working_set,minikube,shippingservice-55656785c7-lk4mx,boutique,/kubepods/burstable/pod1df51271-c9ea-47fa-8fb2-cf15bbc7c216,1780919835,15183872.0
memory_working_set,minikube,chaos-controller-manager-659785674d-29q42,chaos-testing,/kubepods/burstable/pod21ab858c-cee8-438c-8682-c786dc3dc044,1780919835,29577216.0
memory_working_set,minikube,chaos-controller-manager-659785674d-fjb2r,chaos-testing,/kubepods/burstable/pod2569141a-4d05-422e-bcf2-2f01e2f5056d,1780919835,36409344.0
memory_working_set,minikube,coredns-7d764666f9-hxxb8,kube-system,/kubepods/burstable/pod596c18fb-891c-4e87-9b11-83d99dd6d264,1780919835,39858176.0
memory_working_set,minikube,recommendationservice-6f8f67d69-fhrns,boutique,/kubepods/burstable/pod5ded7b1a-44d9-4178-8596-57a9e25f6171,1780919835,57962496.0
memory_working_set,minikube,etcd-minikube,kube-system,/kubepods/burstable/pod5ff8e3b06bbaa8cb7ebc2bf531e48a2f,1780919835,87961600.0
memory_working_set,minikube,emailservice-7466dc585-sv4wh,boutique,/kubepods/burstable/pod6116940a-da83-4761-97dc-892a207b789e,1780919835,53129216.0
memory_working_set,minikube,cartservice-546c548494-cb4lb,boutique,/kubepods/burstable/pod6ec732c5-cf34-4e25-a3ce-ff4b44ce8d19,1780919835,71790592.0
memory_working_set,minikube,kube-controller-manager-minikube,kube-system,/kubepods/burstable/pod740363cf4388c2d0df59fc97f96b889c,1780919835,96235520.0
memory_working_set,minikube,chaos-dashboard-5b77585c6c-zm7f4,chaos-testing,/kubepods/burstable/pod7d3e8284-7c72-4577-a8fb-79d957f69104,1780919835,48488448.0
memory_working_set,minikube,chaos-dns-server-6bccb5bb76-gscmn,chaos-testing,/kubepods/burstable/pod8a82a436-ef3f-4750-8f39-dbfde680d0b8,1780919835,28741632.0
memory_working_set,minikube,coredns-7d764666f9-gmlgd,kube-system,/kubepods/burstable/pod9289fad3-6e91-4617-b97d-6da4631c2f35,1780919835,32382976.0
memory_working_set,minikube,adservice-8576649cff-5bvst,boutique,/kubepods/burstable/pod9d685cd3-17df-43af-a26e-7743c006902d,1780919835,112418816.0
memory_working_set,minikube,kube-apiserver-minikube,kube-system,/kubepods/burstable/poda6dc00f40d27725f15407f95751ce5f7,1780919835,574525440.0
memory_working_set,minikube,alertmanager-monitoring-kube-prometheus-alertmanager-0,monitoring,/kubepods/burstable/podb5fde93f-2f9a-427f-aa16-8a257f179975,1780919835,54038528.0
memory_working_set,minikube,currencyservice-fd8f5dfb7-js8gr,boutique,/kubepods/burstable/podc827ec2d-8a9d-4e1c-8017-62c3901eccb4,1780919835,108003328.0
memory_working_set,minikube,redis-cart-6899b65948-ms767,boutique,/kubepods/burstable/podd425db0f-53f9-4bec-9ee1-49e4ced03bb6,1780919835,13910016.0
memory_working_set,minikube,chaos-controller-manager-659785674d-wbwg8,chaos-testing,/kubepods/burstable/podd7abbfc2-2af5-4b28-b438-3ebef4bafcce,1780919835,27820032.0
memory_working_set,minikube,paymentservice-6b76dfb449-n8mm2,boutique,/kubepods/burstable/podd9986049-5066-4a99-a156-0bc7b2391961,1780919835,76066816.0
memory_working_set,minikube,checkoutservice-75b9cd684f-vzdsz,boutique,/kubepods/burstable/pod5827d8c7-6a98-4352-9825-164648474ddc,1780919835,17776640.0
memory_working_set,minikube,frontend-694b9f76cd-z2pk6,boutique,/kubepods/burstable/podcf6049c2-3667-4622-87ba-b06efa553d48,1780919835,24580096.0
memory_working_set,minikube,productcatalogservice-fb49fc9cc-wptz6,boutique,/kubepods/burstable/pode9d4586d-6739-497d-ae8d-4fd70972eea8,1780919835,18673664.0
memory_working_set,minikube,loadgenerator-7694cd65db-bdz8c,boutique,/kubepods/burstable/pod38d6ef8e-d456-4bd4-95a0-ea6760631a9d,1780919835,77381632.0
cpu_rate,minikube,kube-proxy-fshvh,kube-system,/kubepods/besteffort/pod2f4efb93-ee48-4c37-b1e1-6f2e54a917c7,1780919865,0.0005416973372984244
cpu_rate,minikube,monitoring-kube-state-metrics-868694bc4b-689cm,monitoring,/kubepods/besteffort/pod59c52cc8-67e3-4946-aac6-7ff0ef74285f,1780919865,0.0009030272771787546
cpu_rate,minikube,prometheus-monitoring-kube-prometheus-prometheus-0,monitoring,/kubepods/besteffort/pod6bff50b8-f988-4ff2-a8c1-8f95f2c25189,1780919865,0.013925753383307206
cpu_rate,minikube,storage-provisioner,kube-system,/kubepods/besteffort/pod9bffcac8-a0cd-49a4-ad59-cdbf60a579cb,1780919865,0.0016229424706648678
cpu_rate,minikube,monitoring-grafana-6f66955c48-hlrcn,monitoring,/kubepods/besteffort/pod9d3fe3f0-8989-47b4-8478-0ae7be66df8d,1780919865,0.010087395308409417
cpu_rate,minikube,chaos-daemon-n6ghj,chaos-testing,/kubepods/besteffort/poda051be83-a7cd-43e4-83d3-76f3c90e8474,1780919865,3.102779573367957e-05
cpu_rate,minikube,monitoring-kube-prometheus-operator-556b56cc6d-n6dg9,monitoring,/kubepods/besteffort/podc8122519-a592-495f-9353-00a2f23fdf80,1780919865,0.0028506003098373272
cpu_rate,minikube,monitoring-prometheus-node-exporter-pdw8p,monitoring,/kubepods/besteffort/podd35abb3b-34f0-40fa-af55-3ab246fc64c8,1780919865,0.0011560096924063026
cpu_rate,minikube,kube-scheduler-minikube,kube-system,/kubepods/burstable/pod1c7123a121598343200ffd5b015ca580,1780919865,0.0052193842847707925
cpu_rate,minikube,shippingservice-55656785c7-lk4mx,boutique,/kubepods/burstable/pod1df51271-c9ea-47fa-8fb2-cf15bbc7c216,1780919865,0.000867192058666293
cpu_rate,minikube,chaos-controller-manager-659785674d-29q42,chaos-testing,/kubepods/burstable/pod21ab858c-cee8-438c-8682-c786dc3dc044,1780919865,0.0007368410364714554
cpu_rate,minikube,chaos-controller-manager-659785674d-fjb2r,chaos-testing,/kubepods/burstable/pod2569141a-4d05-422e-bcf2-2f01e2f5056d,1780919865,0.005822120309372398
cpu_rate,minikube,coredns-7d764666f9-hxxb8,kube-system,/kubepods/burstable/pod596c18fb-891c-4e87-9b11-83d99dd6d264,1780919865,0.002201300359464901
cpu_rate,minikube,recommendationservice-6f8f67d69-fhrns,boutique,/kubepods/burstable/pod5ded7b1a-44d9-4178-8596-57a9e25f6171,1780919865,0.006600980296049282
cpu_rate,minikube,etcd-minikube,kube-system,/kubepods/burstable/pod5ff8e3b06bbaa8cb7ebc2bf531e48a2f,1780919865,0.028595551694880445
cpu_rate,minikube,emailservice-7466dc585-sv4wh,boutique,/kubepods/burstable/pod6116940a-da83-4761-97dc-892a207b789e,1780919865,0.0016384080735447272
cpu_rate,minikube,cartservice-546c548494-cb4lb,boutique,/kubepods/burstable/pod6ec732c5-cf34-4e25-a3ce-ff4b44ce8d19,1780919865,0.003925513096076044
cpu_rate,minikube,kube-controller-manager-minikube,kube-system,/kubepods/burstable/pod740363cf4388c2d0df59fc97f96b889c,1780919865,0.013993594909862036
cpu_rate,minikube,chaos-dashboard-5b77585c6c-zm7f4,chaos-testing,/kubepods/burstable/pod7d3e8284-7c72-4577-a8fb-79d957f69104,1780919865,0.002341408838724901
cpu_rate,minikube,chaos-dns-server-6bccb5bb76-gscmn,chaos-testing,/kubepods/burstable/pod8a82a436-ef3f-4750-8f39-dbfde680d0b8,1780919865,0.0022487730599010723
cpu_rate,minikube,coredns-7d764666f9-gmlgd,kube-system,/kubepods/burstable/pod9289fad3-6e91-4617-b97d-6da4631c2f35,1780919865,0.002000882093501896
cpu_rate,minikube,adservice-8576649cff-5bvst,boutique,/kubepods/burstable/pod9d685cd3-17df-43af-a26e-7743c006902d,1780919865,0.0029023734585913504
cpu_rate,minikube,kube-apiserver-minikube,kube-system,/kubepods/burstable/poda6dc00f40d27725f15407f95751ce5f7,1780919865,0.05692169757253836
cpu_rate,minikube,alertmanager-monitoring-kube-prometheus-alertmanager-0,monitoring,/kubepods/burstable/podb5fde93f-2f9a-427f-aa16-8a257f179975,1780919865,0.0005580714056209691
cpu_rate,minikube,currencyservice-fd8f5dfb7-js8gr,boutique,/kubepods/burstable/podc827ec2d-8a9d-4e1c-8017-62c3901eccb4,1780919865,0.007068833409695594
cpu_rate,minikube,redis-cart-6899b65948-ms767,boutique,/kubepods/burstable/podd425db0f-53f9-4bec-9ee1-49e4ced03bb6,1780919865,0.002058108694603833
cpu_rate,minikube,chaos-controller-manager-659785674d-wbwg8,chaos-testing,/kubepods/burstable/podd7abbfc2-2af5-4b28-b438-3ebef4bafcce,1780919865,0.00047677394761204726
cpu_rate,minikube,paymentservice-6b76dfb449-n8mm2,boutique,/kubepods/burstable/podd9986049-5066-4a99-a156-0bc7b2391961,1780919865,0.000797986413176268
cpu_rate,minikube,checkoutservice-75b9cd684f-vzdsz,boutique,/kubepods/burstable/pod5827d8c7-6a98-4352-9825-164648474ddc,1780919865,0.0009088923863859859
cpu_rate,minikube,frontend-694b9f76cd-z2pk6,boutique,/kubepods/burstable/podcf6049c2-3667-4622-87ba-b06efa553d48,1780919865,0.012561546079161939
cpu_rate,minikube,productcatalogservice-fb49fc9cc-wptz6,boutique,/kubepods/burstable/pode9d4586d-6739-497d-ae8d-4fd70972eea8,1780919865,0.005949386681804125
cpu_rate,minikube,loadgenerator-7694cd65db-bdz8c,boutique,/kubepods/burstable/pod38d6ef8e-d456-4bd4-95a0-ea6760631a9d,1780919865,0.0032260209676711537
memory_working_set,minikube,kube-proxy-fshvh,kube-system,/kubepods/besteffort/pod2f4efb93-ee48-4c37-b1e1-6f2e54a917c7,1780919865,37834752.0
memory_working_set,minikube,monitoring-kube-state-metrics-868694bc4b-689cm,monitoring,/kubepods/besteffort/pod59c52cc8-67e3-4946-aac6-7ff0ef74285f,1780919865,38842368.0
memory_working_set,minikube,prometheus-monitoring-kube-prometheus-prometheus-0,monitoring,/kubepods/besteffort/pod6bff50b8-f988-4ff2-a8c1-8f95f2c25189,1780919865,334368768.0
memory_working_set,minikube,storage-provisioner,kube-system,/kubepods/besteffort/pod9bffcac8-a0cd-49a4-ad59-cdbf60a579cb,1780919865,20824064.0
memory_working_set,minikube,monitoring-grafana-6f66955c48-hlrcn,monitoring,/kubepods/besteffort/pod9d3fe3f0-8989-47b4-8478-0ae7be66df8d,1780919865,405487616.0
memory_working_set,minikube,chaos-daemon-n6ghj,chaos-testing,/kubepods/besteffort/poda051be83-a7cd-43e4-83d3-76f3c90e8474,1780919865,19378176.0
memory_working_set,minikube,monitoring-kube-prometheus-operator-556b56cc6d-n6dg9,monitoring,/kubepods/besteffort/podc8122519-a592-495f-9353-00a2f23fdf80,1780919865,40726528.0
memory_working_set,minikube,monitoring-prometheus-node-exporter-pdw8p,monitoring,/kubepods/besteffort/podd35abb3b-34f0-40fa-af55-3ab246fc64c8,1780919865,18202624.0
memory_working_set,minikube,kube-scheduler-minikube,kube-system,/kubepods/burstable/pod1c7123a121598343200ffd5b015ca580,1780919865,40886272.0
memory_working_set,minikube,shippingservice-55656785c7-lk4mx,boutique,/kubepods/burstable/pod1df51271-c9ea-47fa-8fb2-cf15bbc7c216,1780919865,15450112.0
memory_working_set,minikube,chaos-controller-manager-659785674d-29q42,chaos-testing,/kubepods/burstable/pod21ab858c-cee8-438c-8682-c786dc3dc044,1780919865,29593600.0
memory_working_set,minikube,chaos-controller-manager-659785674d-fjb2r,chaos-testing,/kubepods/burstable/pod2569141a-4d05-422e-bcf2-2f01e2f5056d,1780919865,36409344.0
memory_working_set,minikube,coredns-7d764666f9-hxxb8,kube-system,/kubepods/burstable/pod596c18fb-891c-4e87-9b11-83d99dd6d264,1780919865,39337984.0
memory_working_set,minikube,recommendationservice-6f8f67d69-fhrns,boutique,/kubepods/burstable/pod5ded7b1a-44d9-4178-8596-57a9e25f6171,1780919865,57962496.0
memory_working_set,minikube,etcd-minikube,kube-system,/kubepods/burstable/pod5ff8e3b06bbaa8cb7ebc2bf531e48a2f,1780919865,88227840.0
memory_working_set,minikube,emailservice-7466dc585-sv4wh,boutique,/kubepods/burstable/pod6116940a-da83-4761-97dc-892a207b789e,1780919865,53129216.0
memory_working_set,minikube,cartservice-546c548494-cb4lb,boutique,/kubepods/burstable/pod6ec732c5-cf34-4e25-a3ce-ff4b44ce8d19,1780919865,71733248.0
memory_working_set,minikube,kube-controller-manager-minikube,kube-system,/kubepods/burstable/pod740363cf4388c2d0df59fc97f96b889c,1780919865,96235520.0
memory_working_set,minikube,chaos-dashboard-5b77585c6c-zm7f4,chaos-testing,/kubepods/burstable/pod7d3e8284-7c72-4577-a8fb-79d957f69104,1780919865,48488448.0
memory_working_set,minikube,chaos-dns-server-6bccb5bb76-gscmn,chaos-testing,/kubepods/burstable/pod8a82a436-ef3f-4750-8f39-dbfde680d0b8,1780919865,28221440.0
memory_working_set,minikube,coredns-7d764666f9-gmlgd,kube-system,/kubepods/burstable/pod9289fad3-6e91-4617-b97d-6da4631c2f35,1780919865,32124928.0
memory_working_set,minikube,adservice-8576649cff-5bvst,boutique,/kubepods/burstable/pod9d685cd3-17df-43af-a26e-7743c006902d,1780919865,112422912.0
memory_working_set,minikube,kube-apiserver-minikube,kube-system,/kubepods/burstable/poda6dc00f40d27725f15407f95751ce5f7,1780919865,575315968.0
memory_working_set,minikube,alertmanager-monitoring-kube-prometheus-alertmanager-0,monitoring,/kubepods/burstable/podb5fde93f-2f9a-427f-aa16-8a257f179975,1780919865,54038528.0
memory_working_set,minikube,currencyservice-fd8f5dfb7-js8gr,boutique,/kubepods/burstable/podc827ec2d-8a9d-4e1c-8017-62c3901eccb4,1780919865,108834816.0
memory_working_set,minikube,redis-cart-6899b65948-ms767,boutique,/kubepods/burstable/podd425db0f-53f9-4bec-9ee1-49e4ced03bb6,1780919865,13910016.0
memory_working_set,minikube,chaos-controller-manager-659785674d-wbwg8,chaos-testing,/kubepods/burstable/podd7abbfc2-2af5-4b28-b438-3ebef4bafcce,1780919865,27820032.0
memory_working_set,minikube,paymentservice-6b76dfb449-n8mm2,boutique,/kubepods/burstable/podd9986049-5066-4a99-a156-0bc7b2391961,1780919865,75829248.0
memory_working_set,minikube,checkoutservice-75b9cd684f-vzdsz,boutique,/kubepods/burstable/pod5827d8c7-6a98-4352-9825-164648474ddc,1780919865,17768448.0
memory_working_set,minikube,frontend-694b9f76cd-z2pk6,boutique,/kubepods/burstable/podcf6049c2-3667-4622-87ba-b06efa553d48,1780919865,23445504.0
memory_working_set,minikube,productcatalogservice-fb49fc9cc-wptz6,boutique,/kubepods/burstable/pode9d4586d-6739-497d-ae8d-4fd70972eea8,1780919865,18337792.0
memory_working_set,minikube,loadgenerator-7694cd65db-bdz8c,boutique,/kubepods/burstable/pod38d6ef8e-d456-4bd4-95a0-ea6760631a9d,1780919865,77393920.0
cpu_rate,minikube,kube-proxy-fshvh,kube-system,/kubepods/besteffort/pod2f4efb93-ee48-4c37-b1e1-6f2e54a917c7,1780919894,0.0005228598727409795
cpu_rate,minikube,monitoring-kube-state-metrics-868694bc4b-689cm,monitoring,/kubepods/besteffort/pod59c52cc8-67e3-4946-aac6-7ff0ef74285f,1780919894,0.001151421779188052
cpu_rate,minikube,prometheus-monitoring-kube-prometheus-prometheus-0,monitoring,/kubepods/besteffort/pod6bff50b8-f988-4ff2-a8c1-8f95f2c25189,1780919894,0.01369028243634698
cpu_rate,minikube,storage-provisioner,kube-system,/kubepods/besteffort/pod9bffcac8-a0cd-49a4-ad59-cdbf60a579cb,1780919894,0.001606935343691103
cpu_rate,minikube,monitoring-grafana-6f66955c48-hlrcn,monitoring,/kubepods/besteffort/pod9d3fe3f0-8989-47b4-8478-0ae7be66df8d,1780919894,0.010682996832937408
cpu_rate,minikube,chaos-daemon-n6ghj,chaos-testing,/kubepods/besteffort/poda051be83-a7cd-43e4-83d3-76f3c90e8474,1780919894,3.3174440232141354e-05
cpu_rate,minikube,monitoring-kube-prometheus-operator-556b56cc6d-n6dg9,monitoring,/kubepods/besteffort/podc8122519-a592-495f-9353-00a2f23fdf80,1780919894,0.0027395032964853848
cpu_rate,minikube,monitoring-prometheus-node-exporter-pdw8p,monitoring,/kubepods/besteffort/podd35abb3b-34f0-40fa-af55-3ab246fc64c8,1780919894,0.0011462910465390719
cpu_rate,minikube,kube-scheduler-minikube,kube-system,/kubepods/burstable/pod1c7123a121598343200ffd5b015ca580,1780919894,0.0051751217946845555
cpu_rate,minikube,shippingservice-55656785c7-lk4mx,boutique,/kubepods/burstable/pod1df51271-c9ea-47fa-8fb2-cf15bbc7c216,1780919894,0.0009886123015511142
cpu_rate,minikube,chaos-controller-manager-659785674d-29q42,chaos-testing,/kubepods/burstable/pod21ab858c-cee8-438c-8682-c786dc3dc044,1780919894,0.0006635746469622328
cpu_rate,minikube,chaos-controller-manager-659785674d-fjb2r,chaos-testing,/kubepods/burstable/pod2569141a-4d05-422e-bcf2-2f01e2f5056d,1780919894,0.005894607046588515
cpu_rate,minikube,coredns-7d764666f9-hxxb8,kube-system,/kubepods/burstable/pod596c18fb-891c-4e87-9b11-83d99dd6d264,1780919894,0.002377554346215882
cpu_rate,minikube,recommendationservice-6f8f67d69-fhrns,boutique,/kubepods/burstable/pod5ded7b1a-44d9-4178-8596-57a9e25f6171,1780919894,0.006451413909815328
cpu_rate,minikube,etcd-minikube,kube-system,/kubepods/burstable/pod5ff8e3b06bbaa8cb7ebc2bf531e48a2f,1780919894,0.028897940403571007
cpu_rate,minikube,emailservice-7466dc585-sv4wh,boutique,/kubepods/burstable/pod6116940a-da83-4761-97dc-892a207b789e,1780919894,0.0016384546432413063
cpu_rate,minikube,cartservice-546c548494-cb4lb,boutique,/kubepods/burstable/pod6ec732c5-cf34-4e25-a3ce-ff4b44ce8d19,1780919894,0.004257766529579241
cpu_rate,minikube,kube-controller-manager-minikube,kube-system,/kubepods/burstable/pod740363cf4388c2d0df59fc97f96b889c,1780919894,0.01300607520117154
cpu_rate,minikube,chaos-dashboard-5b77585c6c-zm7f4,chaos-testing,/kubepods/burstable/pod7d3e8284-7c72-4577-a8fb-79d957f69104,1780919894,0.0025565884494197426
cpu_rate,minikube,chaos-dns-server-6bccb5bb76-gscmn,chaos-testing,/kubepods/burstable/pod8a82a436-ef3f-4750-8f39-dbfde680d0b8,1780919894,0.002267300384275587
cpu_rate,minikube,coredns-7d764666f9-gmlgd,kube-system,/kubepods/burstable/pod9289fad3-6e91-4617-b97d-6da4631c2f35,1780919894,0.002297382739211995
cpu_rate,minikube,adservice-8576649cff-5bvst,boutique,/kubepods/burstable/pod9d685cd3-17df-43af-a26e-7743c006902d,1780919894,0.0029539994566482987
cpu_rate,minikube,kube-apiserver-minikube,kube-system,/kubepods/burstable/poda6dc00f40d27725f15407f95751ce5f7,1780919894,0.05968950006301209
cpu_rate,minikube,alertmanager-monitoring-kube-prometheus-alertmanager-0,monitoring,/kubepods/burstable/podb5fde93f-2f9a-427f-aa16-8a257f179975,1780919894,0.0006030511458726034
cpu_rate,minikube,currencyservice-fd8f5dfb7-js8gr,boutique,/kubepods/burstable/podc827ec2d-8a9d-4e1c-8017-62c3901eccb4,1780919894,0.0075045615398775115
cpu_rate,minikube,redis-cart-6899b65948-ms767,boutique,/kubepods/burstable/podd425db0f-53f9-4bec-9ee1-49e4ced03bb6,1780919894,0.0020917947183207667
cpu_rate,minikube,chaos-controller-manager-659785674d-wbwg8,chaos-testing,/kubepods/burstable/podd7abbfc2-2af5-4b28-b438-3ebef4bafcce,1780919894,0.0004527241265491166
cpu_rate,minikube,paymentservice-6b76dfb449-n8mm2,boutique,/kubepods/burstable/podd9986049-5066-4a99-a156-0bc7b2391961,1780919894,0.000782417024210143
cpu_rate,minikube,checkoutservice-75b9cd684f-vzdsz,boutique,/kubepods/burstable/pod5827d8c7-6a98-4352-9825-164648474ddc,1780919894,0.0009622073342023491
cpu_rate,minikube,frontend-694b9f76cd-z2pk6,boutique,/kubepods/burstable/podcf6049c2-3667-4622-87ba-b06efa553d48,1780919894,0.012773648949540483
cpu_rate,minikube,productcatalogservice-fb49fc9cc-wptz6,boutique,/kubepods/burstable/pode9d4586d-6739-497d-ae8d-4fd70972eea8,1780919894,0.0062633218220998115
cpu_rate,minikube,loadgenerator-7694cd65db-bdz8c,boutique,/kubepods/burstable/pod38d6ef8e-d456-4bd4-95a0-ea6760631a9d,1780919894,0.003267375352250275
memory_working_set,minikube,kube-proxy-fshvh,kube-system,/kubepods/besteffort/pod2f4efb93-ee48-4c37-b1e1-6f2e54a917c7,1780919894,37834752.0
memory_working_set,minikube,monitoring-kube-state-metrics-868694bc4b-689cm,monitoring,/kubepods/besteffort/pod59c52cc8-67e3-4946-aac6-7ff0ef74285f,1780919894,38838272.0
memory_working_set,minikube,prometheus-monitoring-kube-prometheus-prometheus-0,monitoring,/kubepods/besteffort/pod6bff50b8-f988-4ff2-a8c1-8f95f2c25189,1780919894,335663104.0
memory_working_set,minikube,storage-provisioner,kube-system,/kubepods/besteffort/pod9bffcac8-a0cd-49a4-ad59-cdbf60a579cb,1780919894,20881408.0
memory_working_set,minikube,monitoring-grafana-6f66955c48-hlrcn,monitoring,/kubepods/besteffort/pod9d3fe3f0-8989-47b4-8478-0ae7be66df8d,1780919894,405430272.0
memory_working_set,minikube,chaos-daemon-n6ghj,chaos-testing,/kubepods/besteffort/poda051be83-a7cd-43e4-83d3-76f3c90e8474,1780919894,19378176.0
memory_working_set,minikube,monitoring-kube-prometheus-operator-556b56cc6d-n6dg9,monitoring,/kubepods/besteffort/podc8122519-a592-495f-9353-00a2f23fdf80,1780919894,40726528.0
memory_working_set,minikube,monitoring-prometheus-node-exporter-pdw8p,monitoring,/kubepods/besteffort/podd35abb3b-34f0-40fa-af55-3ab246fc64c8,1780919894,20123648.0
memory_working_set,minikube,kube-scheduler-minikube,kube-system,/kubepods/burstable/pod1c7123a121598343200ffd5b015ca580,1780919894,40886272.0
memory_working_set,minikube,shippingservice-55656785c7-lk4mx,boutique,/kubepods/burstable/pod1df51271-c9ea-47fa-8fb2-cf15bbc7c216,1780919894,14942208.0
memory_working_set,minikube,chaos-controller-manager-659785674d-29q42,chaos-testing,/kubepods/burstable/pod21ab858c-cee8-438c-8682-c786dc3dc044,1780919894,29593600.0
memory_working_set,minikube,chaos-controller-manager-659785674d-fjb2r,chaos-testing,/kubepods/burstable/pod2569141a-4d05-422e-bcf2-2f01e2f5056d,1780919894,36409344.0
memory_working_set,minikube,coredns-7d764666f9-hxxb8,kube-system,/kubepods/burstable/pod596c18fb-891c-4e87-9b11-83d99dd6d264,1780919894,40431616.0
memory_working_set,minikube,recommendationservice-6f8f67d69-fhrns,boutique,/kubepods/burstable/pod5ded7b1a-44d9-4178-8596-57a9e25f6171,1780919894,57958400.0
memory_working_set,minikube,etcd-minikube,kube-system,/kubepods/burstable/pod5ff8e3b06bbaa8cb7ebc2bf531e48a2f,1780919894,95084544.0
memory_working_set,minikube,emailservice-7466dc585-sv4wh,boutique,/kubepods/burstable/pod6116940a-da83-4761-97dc-892a207b789e,1780919894,53129216.0
memory_working_set,minikube,cartservice-546c548494-cb4lb,boutique,/kubepods/burstable/pod6ec732c5-cf34-4e25-a3ce-ff4b44ce8d19,1780919894,71991296.0
memory_working_set,minikube,kube-controller-manager-minikube,kube-system,/kubepods/burstable/pod740363cf4388c2d0df59fc97f96b889c,1780919894,96239616.0
memory_working_set,minikube,chaos-dashboard-5b77585c6c-zm7f4,chaos-testing,/kubepods/burstable/pod7d3e8284-7c72-4577-a8fb-79d957f69104,1780919894,48488448.0
memory_working_set,minikube,chaos-dns-server-6bccb5bb76-gscmn,chaos-testing,/kubepods/burstable/pod8a82a436-ef3f-4750-8f39-dbfde680d0b8,1780919894,28225536.0
memory_working_set,minikube,coredns-7d764666f9-gmlgd,kube-system,/kubepods/burstable/pod9289fad3-6e91-4617-b97d-6da4631c2f35,1780919894,28241920.0
memory_working_set,minikube,adservice-8576649cff-5bvst,boutique,/kubepods/burstable/pod9d685cd3-17df-43af-a26e-7743c006902d,1780919894,112549888.0
memory_working_set,minikube,kube-apiserver-minikube,kube-system,/kubepods/burstable/poda6dc00f40d27725f15407f95751ce5f7,1780919894,580648960.0
memory_working_set,minikube,alertmanager-monitoring-kube-prometheus-alertmanager-0,monitoring,/kubepods/burstable/podb5fde93f-2f9a-427f-aa16-8a257f179975,1780919894,54697984.0
memory_working_set,minikube,currencyservice-fd8f5dfb7-js8gr,boutique,/kubepods/burstable/podc827ec2d-8a9d-4e1c-8017-62c3901eccb4,1780919894,108425216.0
memory_working_set,minikube,redis-cart-6899b65948-ms767,boutique,/kubepods/burstable/podd425db0f-53f9-4bec-9ee1-49e4ced03bb6,1780919894,13647872.0
memory_working_set,minikube,chaos-controller-manager-659785674d-wbwg8,chaos-testing,/kubepods/burstable/podd7abbfc2-2af5-4b28-b438-3ebef4bafcce,1780919894,27820032.0
memory_working_set,minikube,paymentservice-6b76dfb449-n8mm2,boutique,/kubepods/burstable/podd9986049-5066-4a99-a156-0bc7b2391961,1780919894,76353536.0
memory_working_set,minikube,checkoutservice-75b9cd684f-vzdsz,boutique,/kubepods/burstable/pod5827d8c7-6a98-4352-9825-164648474ddc,1780919894,17772544.0
memory_working_set,minikube,frontend-694b9f76cd-z2pk6,boutique,/kubepods/burstable/podcf6049c2-3667-4622-87ba-b06efa553d48,1780919894,23724032.0
memory_working_set,minikube,productcatalogservice-fb49fc9cc-wptz6,boutique,/kubepods/burstable/pode9d4586d-6739-497d-ae8d-4fd70972eea8,1780919894,18505728.0
memory_working_set,minikube,loadgenerator-7694cd65db-bdz8c,boutique,/kubepods/burstable/pod38d6ef8e-d456-4bd4-95a0-ea6760631a9d,1780919894,77393920.0
cpu_rate,minikube,kube-proxy-fshvh,kube-system,/kubepods/besteffort/pod2f4efb93-ee48-4c37-b1e1-6f2e54a917c7,1780919923,0.0004239552477784026
cpu_rate,minikube,monitoring-kube-state-metrics-868694bc4b-689cm,monitoring,/kubepods/besteffort/pod59c52cc8-67e3-4946-aac6-7ff0ef74285f,1780919923,0.0010891346488838105
cpu_rate,minikube,prometheus-monitoring-kube-prometheus-prometheus-0,monitoring,/kubepods/besteffort/pod6bff50b8-f988-4ff2-a8c1-8f95f2c25189,1780919923,0.014389888889982503
cpu_rate,minikube,storage-provisioner,kube-system,/kubepods/besteffort/pod9bffcac8-a0cd-49a4-ad59-cdbf60a579cb,1780919923,0.0017587464765378565
cpu_rate,minikube,monitoring-grafana-6f66955c48-hlrcn,monitoring,/kubepods/besteffort/pod9d3fe3f0-8989-47b4-8478-0ae7be66df8d,1780919923,0.011167865076580913
cpu_rate,minikube,chaos-daemon-n6ghj,chaos-testing,/kubepods/besteffort/poda051be83-a7cd-43e4-83d3-76f3c90e8474,1780919923,1.7732752150221205e-06
cpu_rate,minikube,monitoring-kube-prometheus-operator-556b56cc6d-n6dg9,monitoring,/kubepods/besteffort/podc8122519-a592-495f-9353-00a2f23fdf80,1780919923,0.0027315136377657565
cpu_rate,minikube,monitoring-prometheus-node-exporter-pdw8p,monitoring,/kubepods/besteffort/podd35abb3b-34f0-40fa-af55-3ab246fc64c8,1780919923,0.001321411017097919
cpu_rate,minikube,kube-scheduler-minikube,kube-system,/kubepods/burstable/pod1c7123a121598343200ffd5b015ca580,1780919923,0.005284401953263996
cpu_rate,minikube,shippingservice-55656785c7-lk4mx,boutique,/kubepods/burstable/pod1df51271-c9ea-47fa-8fb2-cf15bbc7c216,1780919923,0.0009802233284003851
cpu_rate,minikube,chaos-controller-manager-659785674d-29q42,chaos-testing,/kubepods/burstable/pod21ab858c-cee8-438c-8682-c786dc3dc044,1780919923,0.0006932544819740252
cpu_rate,minikube,chaos-controller-manager-659785674d-fjb2r,chaos-testing,/kubepods/burstable/pod2569141a-4d05-422e-bcf2-2f01e2f5056d,1780919923,0.006144149870994275
cpu_rate,minikube,coredns-7d764666f9-hxxb8,kube-system,/kubepods/burstable/pod596c18fb-891c-4e87-9b11-83d99dd6d264,1780919923,0.0024678588690188207
cpu_rate,minikube,recommendationservice-6f8f67d69-fhrns,boutique,/kubepods/burstable/pod5ded7b1a-44d9-4178-8596-57a9e25f6171,1780919923,0.006338311024227646
cpu_rate,minikube,etcd-minikube,kube-system,/kubepods/burstable/pod5ff8e3b06bbaa8cb7ebc2bf531e48a2f,1780919923,0.029232633678585616
cpu_rate,minikube,emailservice-7466dc585-sv4wh,boutique,/kubepods/burstable/pod6116940a-da83-4761-97dc-892a207b789e,1780919923,0.0016134545350271216
cpu_rate,minikube,cartservice-546c548494-cb4lb,boutique,/kubepods/burstable/pod6ec732c5-cf34-4e25-a3ce-ff4b44ce8d19,1780919923,0.004119530416222037
cpu_rate,minikube,kube-controller-manager-minikube,kube-system,/kubepods/burstable/pod740363cf4388c2d0df59fc97f96b889c,1780919923,0.014009121386933977
cpu_rate,minikube,chaos-dashboard-5b77585c6c-zm7f4,chaos-testing,/kubepods/burstable/pod7d3e8284-7c72-4577-a8fb-79d957f69104,1780919923,0.0026768398019117365
cpu_rate,minikube,chaos-dns-server-6bccb5bb76-gscmn,chaos-testing,/kubepods/burstable/pod8a82a436-ef3f-4750-8f39-dbfde680d0b8,1780919923,0.0024164971461299966
cpu_rate,minikube,coredns-7d764666f9-gmlgd,kube-system,/kubepods/burstable/pod9289fad3-6e91-4617-b97d-6da4631c2f35,1780919923,0.0023293869985188936
cpu_rate,minikube,adservice-8576649cff-5bvst,boutique,/kubepods/burstable/pod9d685cd3-17df-43af-a26e-7743c006902d,1780919923,0.002472120024404156
cpu_rate,minikube,kube-apiserver-minikube,kube-system,/kubepods/burstable/poda6dc00f40d27725f15407f95751ce5f7,1780919923,0.05548867408996023
cpu_rate,minikube,alertmanager-monitoring-kube-prometheus-alertmanager-0,monitoring,/kubepods/burstable/podb5fde93f-2f9a-427f-aa16-8a257f179975,1780919923,0.0007251623360960053
cpu_rate,minikube,currencyservice-fd8f5dfb7-js8gr,boutique,/kubepods/burstable/podc827ec2d-8a9d-4e1c-8017-62c3901eccb4,1780919923,0.006832552651394839
cpu_rate,minikube,redis-cart-6899b65948-ms767,boutique,/kubepods/burstable/podd425db0f-53f9-4bec-9ee1-49e4ced03bb6,1780919923,0.0021072656809175724
cpu_rate,minikube,chaos-controller-manager-659785674d-wbwg8,chaos-testing,/kubepods/burstable/podd7abbfc2-2af5-4b28-b438-3ebef4bafcce,1780919923,0.00046434707110266086
cpu_rate,minikube,paymentservice-6b76dfb449-n8mm2,boutique,/kubepods/burstable/podd9986049-5066-4a99-a156-0bc7b2391961,1780919923,0.000763012496679882
cpu_rate,minikube,checkoutservice-75b9cd684f-vzdsz,boutique,/kubepods/burstable/pod5827d8c7-6a98-4352-9825-164648474ddc,1780919923,0.0009630364698770792
cpu_rate,minikube,frontend-694b9f76cd-z2pk6,boutique,/kubepods/burstable/podcf6049c2-3667-4622-87ba-b06efa553d48,1780919923,0.012726714482703952
cpu_rate,minikube,productcatalogservice-fb49fc9cc-wptz6,boutique,/kubepods/burstable/pode9d4586d-6739-497d-ae8d-4fd70972eea8,1780919923,0.005861043465426792
cpu_rate,minikube,loadgenerator-7694cd65db-bdz8c,boutique,/kubepods/burstable/pod38d6ef8e-d456-4bd4-95a0-ea6760631a9d,1780919923,0.0032668185392012907
memory_working_set,minikube,kube-proxy-fshvh,kube-system,/kubepods/besteffort/pod2f4efb93-ee48-4c37-b1e1-6f2e54a917c7,1780919923,37838848.0
memory_working_set,minikube,monitoring-kube-state-metrics-868694bc4b-689cm,monitoring,/kubepods/besteffort/pod59c52cc8-67e3-4946-aac6-7ff0ef74285f,1780919923,38838272.0
memory_working_set,minikube,prometheus-monitoring-kube-prometheus-prometheus-0,monitoring,/kubepods/besteffort/pod6bff50b8-f988-4ff2-a8c1-8f95f2c25189,1780919923,337362944.0
memory_working_set,minikube,storage-provisioner,kube-system,/kubepods/besteffort/pod9bffcac8-a0cd-49a4-ad59-cdbf60a579cb,1780919923,20766720.0
memory_working_set,minikube,monitoring-grafana-6f66955c48-hlrcn,monitoring,/kubepods/besteffort/pod9d3fe3f0-8989-47b4-8478-0ae7be66df8d,1780919923,405442560.0
memory_working_set,minikube,chaos-daemon-n6ghj,chaos-testing,/kubepods/besteffort/poda051be83-a7cd-43e4-83d3-76f3c90e8474,1780919923,19378176.0
memory_working_set,minikube,monitoring-kube-prometheus-operator-556b56cc6d-n6dg9,monitoring,/kubepods/besteffort/podc8122519-a592-495f-9353-00a2f23fdf80,1780919923,40742912.0
memory_working_set,minikube,monitoring-prometheus-node-exporter-pdw8p,monitoring,/kubepods/besteffort/podd35abb3b-34f0-40fa-af55-3ab246fc64c8,1780919923,20123648.0
memory_working_set,minikube,kube-scheduler-minikube,kube-system,/kubepods/burstable/pod1c7123a121598343200ffd5b015ca580,1780919923,40886272.0
memory_working_set,minikube,shippingservice-55656785c7-lk4mx,boutique,/kubepods/burstable/pod1df51271-c9ea-47fa-8fb2-cf15bbc7c216,1780919923,14934016.0
memory_working_set,minikube,chaos-controller-manager-659785674d-29q42,chaos-testing,/kubepods/burstable/pod21ab858c-cee8-438c-8682-c786dc3dc044,1780919923,29593600.0
memory_working_set,minikube,chaos-controller-manager-659785674d-fjb2r,chaos-testing,/kubepods/burstable/pod2569141a-4d05-422e-bcf2-2f01e2f5056d,1780919923,36413440.0
memory_working_set,minikube,coredns-7d764666f9-hxxb8,kube-system,/kubepods/burstable/pod596c18fb-891c-4e87-9b11-83d99dd6d264,1780919923,39391232.0
memory_working_set,minikube,recommendationservice-6f8f67d69-fhrns,boutique,/kubepods/burstable/pod5ded7b1a-44d9-4178-8596-57a9e25f6171,1780919923,57962496.0
memory_working_set,minikube,etcd-minikube,kube-system,/kubepods/burstable/pod5ff8e3b06bbaa8cb7ebc2bf531e48a2f,1780919923,95084544.0
memory_working_set,minikube,emailservice-7466dc585-sv4wh,boutique,/kubepods/burstable/pod6116940a-da83-4761-97dc-892a207b789e,1780919923,53129216.0
memory_working_set,minikube,cartservice-546c548494-cb4lb,boutique,/kubepods/burstable/pod6ec732c5-cf34-4e25-a3ce-ff4b44ce8d19,1780919923,71778304.0
memory_working_set,minikube,kube-controller-manager-minikube,kube-system,/kubepods/burstable/pod740363cf4388c2d0df59fc97f96b889c,1780919923,96239616.0
memory_working_set,minikube,chaos-dashboard-5b77585c6c-zm7f4,chaos-testing,/kubepods/burstable/pod7d3e8284-7c72-4577-a8fb-79d957f69104,1780919923,48488448.0
memory_working_set,minikube,chaos-dns-server-6bccb5bb76-gscmn,chaos-testing,/kubepods/burstable/pod8a82a436-ef3f-4750-8f39-dbfde680d0b8,1780919923,28344320.0
memory_working_set,minikube,coredns-7d764666f9-gmlgd,kube-system,/kubepods/burstable/pod9289fad3-6e91-4617-b97d-6da4631c2f35,1780919923,27987968.0
memory_working_set,minikube,adservice-8576649cff-5bvst,boutique,/kubepods/burstable/pod9d685cd3-17df-43af-a26e-7743c006902d,1780919923,112549888.0
memory_working_set,minikube,kube-apiserver-minikube,kube-system,/kubepods/burstable/poda6dc00f40d27725f15407f95751ce5f7,1780919923,580669440.0
memory_working_set,minikube,alertmanager-monitoring-kube-prometheus-alertmanager-0,monitoring,/kubepods/burstable/podb5fde93f-2f9a-427f-aa16-8a257f179975,1780919923,51466240.0
memory_working_set,minikube,currencyservice-fd8f5dfb7-js8gr,boutique,/kubepods/burstable/podc827ec2d-8a9d-4e1c-8017-62c3901eccb4,1780919923,108736512.0
memory_working_set,minikube,redis-cart-6899b65948-ms767,boutique,/kubepods/burstable/podd425db0f-53f9-4bec-9ee1-49e4ced03bb6,1780919923,13647872.0
memory_working_set,minikube,chaos-controller-manager-659785674d-wbwg8,chaos-testing,/kubepods/burstable/podd7abbfc2-2af5-4b28-b438-3ebef4bafcce,1780919923,27820032.0
memory_working_set,minikube,paymentservice-6b76dfb449-n8mm2,boutique,/kubepods/burstable/podd9986049-5066-4a99-a156-0bc7b2391961,1780919923,76455936.0
memory_working_set,minikube,checkoutservice-75b9cd684f-vzdsz,boutique,/kubepods/burstable/pod5827d8c7-6a98-4352-9825-164648474ddc,1780919923,17461248.0
memory_working_set,minikube,frontend-694b9f76cd-z2pk6,boutique,/kubepods/burstable/podcf6049c2-3667-4622-87ba-b06efa553d48,1780919923,23236608.0
memory_working_set,minikube,productcatalogservice-fb49fc9cc-wptz6,boutique,/kubepods/burstable/pode9d4586d-6739-497d-ae8d-4fd70972eea8,1780919923,18518016.0
memory_working_set,minikube,loadgenerator-7694cd65db-bdz8c,boutique,/kubepods/burstable/pod38d6ef8e-d456-4bd4-95a0-ea6760631a9d,1780919923,77664256.0
cpu_rate,minikube,kube-proxy-fshvh,kube-system,/kubepods/besteffort/pod2f4efb93-ee48-4c37-b1e1-6f2e54a917c7,1780919952,0.0005227352528090023
cpu_rate,minikube,monitoring-kube-state-metrics-868694bc4b-689cm,monitoring,/kubepods/besteffort/pod59c52cc8-67e3-4946-aac6-7ff0ef74285f,1780919952,0.0011322136928652048
cpu_rate,minikube,prometheus-monitoring-kube-prometheus-prometheus-0,monitoring,/kubepods/besteffort/pod6bff50b8-f988-4ff2-a8c1-8f95f2c25189,1780919952,0.01429547182206327
cpu_rate,minikube,storage-provisioner,kube-system,/kubepods/besteffort/pod9bffcac8-a0cd-49a4-ad59-cdbf60a579cb,1780919952,0.0015608640026895536
cpu_rate,minikube,monitoring-grafana-6f66955c48-hlrcn,monitoring,/kubepods/besteffort/pod9d3fe3f0-8989-47b4-8478-0ae7be66df8d,1780919952,0.010871672156752677
cpu_rate,minikube,chaos-daemon-n6ghj,chaos-testing,/kubepods/besteffort/poda051be83-a7cd-43e4-83d3-76f3c90e8474,1780919952,2.6002811669452488e-05
cpu_rate,minikube,monitoring-kube-prometheus-operator-556b56cc6d-n6dg9,monitoring,/kubepods/besteffort/podc8122519-a592-495f-9353-00a2f23fdf80,1780919952,0.0030126827587692445
cpu_rate,minikube,monitoring-prometheus-node-exporter-pdw8p,monitoring,/kubepods/besteffort/podd35abb3b-34f0-40fa-af55-3ab246fc64c8,1780919952,0.00097304782920609
cpu_rate,minikube,kube-scheduler-minikube,kube-system,/kubepods/burstable/pod1c7123a121598343200ffd5b015ca580,1780919952,0.005465323649164951
cpu_rate,minikube,shippingservice-55656785c7-lk4mx,boutique,/kubepods/burstable/pod1df51271-c9ea-47fa-8fb2-cf15bbc7c216,1780919952,0.001040285382763865
cpu_rate,minikube,chaos-controller-manager-659785674d-29q42,chaos-testing,/kubepods/burstable/pod21ab858c-cee8-438c-8682-c786dc3dc044,1780919952,0.0006075442787875113
cpu_rate,minikube,chaos-controller-manager-659785674d-fjb2r,chaos-testing,/kubepods/burstable/pod2569141a-4d05-422e-bcf2-2f01e2f5056d,1780919952,0.006349049534626909
cpu_rate,minikube,coredns-7d764666f9-hxxb8,kube-system,/kubepods/burstable/pod596c18fb-891c-4e87-9b11-83d99dd6d264,1780919952,0.0023388557954827725
cpu_rate,minikube,recommendationservice-6f8f67d69-fhrns,boutique,/kubepods/burstable/pod5ded7b1a-44d9-4178-8596-57a9e25f6171,1780919952,0.006523405385205512
cpu_rate,minikube,etcd-minikube,kube-system,/kubepods/burstable/pod5ff8e3b06bbaa8cb7ebc2bf531e48a2f,1780919952,0.02914946094026131
cpu_rate,minikube,emailservice-7466dc585-sv4wh,boutique,/kubepods/burstable/pod6116940a-da83-4761-97dc-892a207b789e,1780919952,0.0016139441961262363
cpu_rate,minikube,cartservice-546c548494-cb4lb,boutique,/kubepods/burstable/pod6ec732c5-cf34-4e25-a3ce-ff4b44ce8d19,1780919952,0.004433275775750199
cpu_rate,minikube,kube-controller-manager-minikube,kube-system,/kubepods/burstable/pod740363cf4388c2d0df59fc97f96b889c,1780919952,0.013963307384423307
cpu_rate,minikube,chaos-dashboard-5b77585c6c-zm7f4,chaos-testing,/kubepods/burstable/pod7d3e8284-7c72-4577-a8fb-79d957f69104,1780919952,0.0026785110290773973
cpu_rate,minikube,chaos-dns-server-6bccb5bb76-gscmn,chaos-testing,/kubepods/burstable/pod8a82a436-ef3f-4750-8f39-dbfde680d0b8,1780919952,0.0025873119298661135
cpu_rate,minikube,coredns-7d764666f9-gmlgd,kube-system,/kubepods/burstable/pod9289fad3-6e91-4617-b97d-6da4631c2f35,1780919952,0.0025111660332026355
cpu_rate,minikube,adservice-8576649cff-5bvst,boutique,/kubepods/burstable/pod9d685cd3-17df-43af-a26e-7743c006902d,1780919952,0.0014676833447566508
cpu_rate,minikube,kube-apiserver-minikube,kube-system,/kubepods/burstable/poda6dc00f40d27725f15407f95751ce5f7,1780919952,0.056355845100178915
cpu_rate,minikube,alertmanager-monitoring-kube-prometheus-alertmanager-0,monitoring,/kubepods/burstable/podb5fde93f-2f9a-427f-aa16-8a257f179975,1780919952,0.0006624205712928295
cpu_rate,minikube,currencyservice-fd8f5dfb7-js8gr,boutique,/kubepods/burstable/podc827ec2d-8a9d-4e1c-8017-62c3901eccb4,1780919952,0.00818654194385537
cpu_rate,minikube,redis-cart-6899b65948-ms767,boutique,/kubepods/burstable/podd425db0f-53f9-4bec-9ee1-49e4ced03bb6,1780919952,0.0021790864770393254
cpu_rate,minikube,chaos-controller-manager-659785674d-wbwg8,chaos-testing,/kubepods/burstable/podd7abbfc2-2af5-4b28-b438-3ebef4bafcce,1780919952,0.0004910843014873423
cpu_rate,minikube,paymentservice-6b76dfb449-n8mm2,boutique,/kubepods/burstable/podd9986049-5066-4a99-a156-0bc7b2391961,1780919952,0.000497134684716005
cpu_rate,minikube,checkoutservice-75b9cd684f-vzdsz,boutique,/kubepods/burstable/pod5827d8c7-6a98-4352-9825-164648474ddc,1780919952,0.0009195896757114448
cpu_rate,minikube,frontend-694b9f76cd-z2pk6,boutique,/kubepods/burstable/podcf6049c2-3667-4622-87ba-b06efa553d48,1780919952,0.013132222233534916
cpu_rate,minikube,productcatalogservice-fb49fc9cc-wptz6,boutique,/kubepods/burstable/pode9d4586d-6739-497d-ae8d-4fd70972eea8,1780919952,0.0059304391711739795
cpu_rate,minikube,loadgenerator-7694cd65db-bdz8c,boutique,/kubepods/burstable/pod38d6ef8e-d456-4bd4-95a0-ea6760631a9d,1780919952,0.0033668014354292955
memory_working_set,minikube,kube-proxy-fshvh,kube-system,/kubepods/besteffort/pod2f4efb93-ee48-4c37-b1e1-6f2e54a917c7,1780919952,38768640.0
memory_working_set,minikube,monitoring-kube-state-metrics-868694bc4b-689cm,monitoring,/kubepods/besteffort/pod59c52cc8-67e3-4946-aac6-7ff0ef74285f,1780919952,38838272.0
memory_working_set,minikube,prometheus-monitoring-kube-prometheus-prometheus-0,monitoring,/kubepods/besteffort/pod6bff50b8-f988-4ff2-a8c1-8f95f2c25189,1780919952,326152192.0
memory_working_set,minikube,storage-provisioner,kube-system,/kubepods/besteffort/pod9bffcac8-a0cd-49a4-ad59-cdbf60a579cb,1780919952,20914176.0
memory_working_set,minikube,monitoring-grafana-6f66955c48-hlrcn,monitoring,/kubepods/besteffort/pod9d3fe3f0-8989-47b4-8478-0ae7be66df8d,1780919952,405983232.0
memory_working_set,minikube,chaos-daemon-n6ghj,chaos-testing,/kubepods/besteffort/poda051be83-a7cd-43e4-83d3-76f3c90e8474,1780919952,19378176.0
memory_working_set,minikube,monitoring-kube-prometheus-operator-556b56cc6d-n6dg9,monitoring,/kubepods/besteffort/podc8122519-a592-495f-9353-00a2f23fdf80,1780919952,41111552.0
memory_working_set,minikube,monitoring-prometheus-node-exporter-pdw8p,monitoring,/kubepods/besteffort/podd35abb3b-34f0-40fa-af55-3ab246fc64c8,1780919952,20385792.0
memory_working_set,minikube,kube-scheduler-minikube,kube-system,/kubepods/burstable/pod1c7123a121598343200ffd5b015ca580,1780919952,40886272.0
memory_working_set,minikube,shippingservice-55656785c7-lk4mx,boutique,/kubepods/burstable/pod1df51271-c9ea-47fa-8fb2-cf15bbc7c216,1780919952,14934016.0
memory_working_set,minikube,chaos-controller-manager-659785674d-29q42,chaos-testing,/kubepods/burstable/pod21ab858c-cee8-438c-8682-c786dc3dc044,1780919952,29589504.0
memory_working_set,minikube,chaos-controller-manager-659785674d-fjb2r,chaos-testing,/kubepods/burstable/pod2569141a-4d05-422e-bcf2-2f01e2f5056d,1780919952,36413440.0
memory_working_set,minikube,coredns-7d764666f9-hxxb8,kube-system,/kubepods/burstable/pod596c18fb-891c-4e87-9b11-83d99dd6d264,1780919952,39645184.0
memory_working_set,minikube,recommendationservice-6f8f67d69-fhrns,boutique,/kubepods/burstable/pod5ded7b1a-44d9-4178-8596-57a9e25f6171,1780919952,57962496.0
memory_working_set,minikube,etcd-minikube,kube-system,/kubepods/burstable/pod5ff8e3b06bbaa8cb7ebc2bf531e48a2f,1780919952,96915456.0
memory_working_set,minikube,emailservice-7466dc585-sv4wh,boutique,/kubepods/burstable/pod6116940a-da83-4761-97dc-892a207b789e,1780919952,53129216.0
memory_working_set,minikube,cartservice-546c548494-cb4lb,boutique,/kubepods/burstable/pod6ec732c5-cf34-4e25-a3ce-ff4b44ce8d19,1780919952,71741440.0
memory_working_set,minikube,kube-controller-manager-minikube,kube-system,/kubepods/burstable/pod740363cf4388c2d0df59fc97f96b889c,1780919952,96235520.0
memory_working_set,minikube,chaos-dashboard-5b77585c6c-zm7f4,chaos-testing,/kubepods/burstable/pod7d3e8284-7c72-4577-a8fb-79d957f69104,1780919952,48488448.0
memory_working_set,minikube,chaos-dns-server-6bccb5bb76-gscmn,chaos-testing,/kubepods/burstable/pod8a82a436-ef3f-4750-8f39-dbfde680d0b8,1780919952,28446720.0
memory_working_set,minikube,coredns-7d764666f9-gmlgd,kube-system,/kubepods/burstable/pod9289fad3-6e91-4617-b97d-6da4631c2f35,1780919952,28659712.0
memory_working_set,minikube,adservice-8576649cff-5bvst,boutique,/kubepods/burstable/pod9d685cd3-17df-43af-a26e-7743c006902d,1780919952,112422912.0
memory_working_set,minikube,kube-apiserver-minikube,kube-system,/kubepods/burstable/poda6dc00f40d27725f15407f95751ce5f7,1780919952,580919296.0
memory_working_set,minikube,alertmanager-monitoring-kube-prometheus-alertmanager-0,monitoring,/kubepods/burstable/podb5fde93f-2f9a-427f-aa16-8a257f179975,1780919952,52125696.0
memory_working_set,minikube,currencyservice-fd8f5dfb7-js8gr,boutique,/kubepods/burstable/podc827ec2d-8a9d-4e1c-8017-62c3901eccb4,1780919952,108986368.0
memory_working_set,minikube,redis-cart-6899b65948-ms767,boutique,/kubepods/burstable/podd425db0f-53f9-4bec-9ee1-49e4ced03bb6,1780919952,13647872.0
memory_working_set,minikube,chaos-controller-manager-659785674d-wbwg8,chaos-testing,/kubepods/burstable/podd7abbfc2-2af5-4b28-b438-3ebef4bafcce,1780919952,27824128.0
memory_working_set,minikube,paymentservice-6b76dfb449-n8mm2,boutique,/kubepods/burstable/podd9986049-5066-4a99-a156-0bc7b2391961,1780919952,76275712.0
memory_working_set,minikube,checkoutservice-75b9cd684f-vzdsz,boutique,/kubepods/burstable/pod5827d8c7-6a98-4352-9825-164648474ddc,1780919952,17473536.0
memory_working_set,minikube,frontend-694b9f76cd-z2pk6,boutique,/kubepods/burstable/podcf6049c2-3667-4622-87ba-b06efa553d48,1780919952,23437312.0
memory_working_set,minikube,productcatalogservice-fb49fc9cc-wptz6,boutique,/kubepods/burstable/pode9d4586d-6739-497d-ae8d-4fd70972eea8,1780919952,18608128.0
memory_working_set,minikube,loadgenerator-7694cd65db-bdz8c,boutique,/kubepods/burstable/pod38d6ef8e-d456-4bd4-95a0-ea6760631a9d,1780919952,77688832.0
cpu_rate,minikube,kube-proxy-fshvh,kube-system,/kubepods/besteffort/pod2f4efb93-ee48-4c37-b1e1-6f2e54a917c7,1780919981,0.00047153821208517096
cpu_rate,minikube,monitoring-kube-state-metrics-868694bc4b-689cm,monitoring,/kubepods/besteffort/pod59c52cc8-67e3-4946-aac6-7ff0ef74285f,1780919981,0.0006511353974671503
cpu_rate,minikube,prometheus-monitoring-kube-prometheus-prometheus-0,monitoring,/kubepods/besteffort/pod6bff50b8-f988-4ff2-a8c1-8f95f2c25189,1780919981,0.01276666265220327
cpu_rate,minikube,storage-provisioner,kube-system,/kubepods/besteffort/pod9bffcac8-a0cd-49a4-ad59-cdbf60a579cb,1780919981,0.0014686380303287035
cpu_rate,minikube,monitoring-grafana-6f66955c48-hlrcn,monitoring,/kubepods/besteffort/pod9d3fe3f0-8989-47b4-8478-0ae7be66df8d,1780919981,0.011363355730840302
cpu_rate,minikube,chaos-daemon-n6ghj,chaos-testing,/kubepods/besteffort/poda051be83-a7cd-43e4-83d3-76f3c90e8474,1780919981,2.4328249818444026e-05
cpu_rate,minikube,monitoring-kube-prometheus-operator-556b56cc6d-n6dg9,monitoring,/kubepods/besteffort/podc8122519-a592-495f-9353-00a2f23fdf80,1780919981,0.0027547059681890885
cpu_rate,minikube,monitoring-prometheus-node-exporter-pdw8p,monitoring,/kubepods/besteffort/podd35abb3b-34f0-40fa-af55-3ab246fc64c8,1780919981,0.0010416911274586812
cpu_rate,minikube,kube-scheduler-minikube,kube-system,/kubepods/burstable/pod1c7123a121598343200ffd5b015ca580,1780919981,0.005583388105387629
cpu_rate,minikube,shippingservice-55656785c7-lk4mx,boutique,/kubepods/burstable/pod1df51271-c9ea-47fa-8fb2-cf15bbc7c216,1780919981,0.0009852396731155758
cpu_rate,minikube,chaos-controller-manager-659785674d-29q42,chaos-testing,/kubepods/burstable/pod21ab858c-cee8-438c-8682-c786dc3dc044,1780919981,0.00044883441969462525
cpu_rate,minikube,chaos-controller-manager-659785674d-fjb2r,chaos-testing,/kubepods/burstable/pod2569141a-4d05-422e-bcf2-2f01e2f5056d,1780919981,0.006400101461879163
cpu_rate,minikube,coredns-7d764666f9-hxxb8,kube-system,/kubepods/burstable/pod596c18fb-891c-4e87-9b11-83d99dd6d264,1780919981,0.002081382654537321
cpu_rate,minikube,recommendationservice-6f8f67d69-fhrns,boutique,/kubepods/burstable/pod5ded7b1a-44d9-4178-8596-57a9e25f6171,1780919981,0.006428100110311559
cpu_rate,minikube,etcd-minikube,kube-system,/kubepods/burstable/pod5ff8e3b06bbaa8cb7ebc2bf531e48a2f,1780919981,0.028796183007061035
cpu_rate,minikube,emailservice-7466dc585-sv4wh,boutique,/kubepods/burstable/pod6116940a-da83-4761-97dc-892a207b789e,1780919981,0.0014008785977695842
cpu_rate,minikube,cartservice-546c548494-cb4lb,boutique,/kubepods/burstable/pod6ec732c5-cf34-4e25-a3ce-ff4b44ce8d19,1780919981,0.004396596338647998
cpu_rate,minikube,kube-controller-manager-minikube,kube-system,/kubepods/burstable/pod740363cf4388c2d0df59fc97f96b889c,1780919981,0.013535912670213769
cpu_rate,minikube,chaos-dashboard-5b77585c6c-zm7f4,chaos-testing,/kubepods/burstable/pod7d3e8284-7c72-4577-a8fb-79d957f69104,1780919981,0.0026459995033523433
cpu_rate,minikube,chaos-dns-server-6bccb5bb76-gscmn,chaos-testing,/kubepods/burstable/pod8a82a436-ef3f-4750-8f39-dbfde680d0b8,1780919981,0.0025410784760169602
cpu_rate,minikube,coredns-7d764666f9-gmlgd,kube-system,/kubepods/burstable/pod9289fad3-6e91-4617-b97d-6da4631c2f35,1780919981,0.002213244863888802
cpu_rate,minikube,adservice-8576649cff-5bvst,boutique,/kubepods/burstable/pod9d685cd3-17df-43af-a26e-7743c006902d,1780919981,0.0014023685409180894
cpu_rate,minikube,kube-apiserver-minikube,kube-system,/kubepods/burstable/poda6dc00f40d27725f15407f95751ce5f7,1780919981,0.05206049550951138
cpu_rate,minikube,alertmanager-monitoring-kube-prometheus-alertmanager-0,monitoring,/kubepods/burstable/podb5fde93f-2f9a-427f-aa16-8a257f179975,1780919981,0.0006571418835089064
cpu_rate,minikube,currencyservice-fd8f5dfb7-js8gr,boutique,/kubepods/burstable/podc827ec2d-8a9d-4e1c-8017-62c3901eccb4,1780919981,0.007480548492366596
cpu_rate,minikube,redis-cart-6899b65948-ms767,boutique,/kubepods/burstable/podd425db0f-53f9-4bec-9ee1-49e4ced03bb6,1780919981,0.001974609718661338
cpu_rate,minikube,chaos-controller-manager-659785674d-wbwg8,chaos-testing,/kubepods/burstable/podd7abbfc2-2af5-4b28-b438-3ebef4bafcce,1780919981,0.0005899992381822991
cpu_rate,minikube,paymentservice-6b76dfb449-n8mm2,boutique,/kubepods/burstable/podd9986049-5066-4a99-a156-0bc7b2391961,1780919981,0.00037100574456503337
cpu_rate,minikube,checkoutservice-75b9cd684f-vzdsz,boutique,/kubepods/burstable/pod5827d8c7-6a98-4352-9825-164648474ddc,1780919981,0.0005907217866178854
cpu_rate,minikube,frontend-694b9f76cd-z2pk6,boutique,/kubepods/burstable/podcf6049c2-3667-4622-87ba-b06efa553d48,1780919981,0.012811918821019347
cpu_rate,minikube,productcatalogservice-fb49fc9cc-wptz6,boutique,/kubepods/burstable/pode9d4586d-6739-497d-ae8d-4fd70972eea8,1780919981,0.005745863460481246
cpu_rate,minikube,loadgenerator-7694cd65db-bdz8c,boutique,/kubepods/burstable/pod38d6ef8e-d456-4bd4-95a0-ea6760631a9d,1780919981,0.0028916718383047457
memory_working_set,minikube,kube-proxy-fshvh,kube-system,/kubepods/besteffort/pod2f4efb93-ee48-4c37-b1e1-6f2e54a917c7,1780919981,38776832.0
memory_working_set,minikube,monitoring-kube-state-metrics-868694bc4b-689cm,monitoring,/kubepods/besteffort/pod59c52cc8-67e3-4946-aac6-7ff0ef74285f,1780919981,38838272.0
memory_working_set,minikube,prometheus-monitoring-kube-prometheus-prometheus-0,monitoring,/kubepods/besteffort/pod6bff50b8-f988-4ff2-a8c1-8f95f2c25189,1780919981,326152192.0
memory_working_set,minikube,storage-provisioner,kube-system,/kubepods/besteffort/pod9bffcac8-a0cd-49a4-ad59-cdbf60a579cb,1780919981,21020672.0
memory_working_set,minikube,monitoring-grafana-6f66955c48-hlrcn,monitoring,/kubepods/besteffort/pod9d3fe3f0-8989-47b4-8478-0ae7be66df8d,1780919981,405426176.0
memory_working_set,minikube,chaos-daemon-n6ghj,chaos-testing,/kubepods/besteffort/poda051be83-a7cd-43e4-83d3-76f3c90e8474,1780919981,19378176.0
memory_working_set,minikube,monitoring-kube-prometheus-operator-556b56cc6d-n6dg9,monitoring,/kubepods/besteffort/podc8122519-a592-495f-9353-00a2f23fdf80,1780919981,40574976.0
memory_working_set,minikube,monitoring-prometheus-node-exporter-pdw8p,monitoring,/kubepods/besteffort/podd35abb3b-34f0-40fa-af55-3ab246fc64c8,1780919981,20656128.0
memory_working_set,minikube,kube-scheduler-minikube,kube-system,/kubepods/burstable/pod1c7123a121598343200ffd5b015ca580,1780919981,40886272.0
memory_working_set,minikube,shippingservice-55656785c7-lk4mx,boutique,/kubepods/burstable/pod1df51271-c9ea-47fa-8fb2-cf15bbc7c216,1780919981,14934016.0
memory_working_set,minikube,chaos-controller-manager-659785674d-29q42,chaos-testing,/kubepods/burstable/pod21ab858c-cee8-438c-8682-c786dc3dc044,1780919981,29597696.0
memory_working_set,minikube,chaos-controller-manager-659785674d-fjb2r,chaos-testing,/kubepods/burstable/pod2569141a-4d05-422e-bcf2-2f01e2f5056d,1780919981,36413440.0
memory_working_set,minikube,coredns-7d764666f9-hxxb8,kube-system,/kubepods/burstable/pod596c18fb-891c-4e87-9b11-83d99dd6d264,1780919981,39383040.0
memory_working_set,minikube,recommendationservice-6f8f67d69-fhrns,boutique,/kubepods/burstable/pod5ded7b1a-44d9-4178-8596-57a9e25f6171,1780919981,57962496.0
memory_working_set,minikube,etcd-minikube,kube-system,/kubepods/burstable/pod5ff8e3b06bbaa8cb7ebc2bf531e48a2f,1780919981,100200448.0
memory_working_set,minikube,emailservice-7466dc585-sv4wh,boutique,/kubepods/burstable/pod6116940a-da83-4761-97dc-892a207b789e,1780919981,53137408.0
memory_working_set,minikube,cartservice-546c548494-cb4lb,boutique,/kubepods/burstable/pod6ec732c5-cf34-4e25-a3ce-ff4b44ce8d19,1780919981,72036352.0
memory_working_set,minikube,kube-controller-manager-minikube,kube-system,/kubepods/burstable/pod740363cf4388c2d0df59fc97f96b889c,1780919981,96235520.0
memory_working_set,minikube,chaos-dashboard-5b77585c6c-zm7f4,chaos-testing,/kubepods/burstable/pod7d3e8284-7c72-4577-a8fb-79d957f69104,1780919981,48488448.0
memory_working_set,minikube,chaos-dns-server-6bccb5bb76-gscmn,chaos-testing,/kubepods/burstable/pod8a82a436-ef3f-4750-8f39-dbfde680d0b8,1780919981,28536832.0
memory_working_set,minikube,coredns-7d764666f9-gmlgd,kube-system,/kubepods/burstable/pod9289fad3-6e91-4617-b97d-6da4631c2f35,1780919981,29319168.0
memory_working_set,minikube,adservice-8576649cff-5bvst,boutique,/kubepods/burstable/pod9d685cd3-17df-43af-a26e-7743c006902d,1780919981,112422912.0
memory_working_set,minikube,kube-apiserver-minikube,kube-system,/kubepods/burstable/poda6dc00f40d27725f15407f95751ce5f7,1780919981,580648960.0
memory_working_set,minikube,alertmanager-monitoring-kube-prometheus-alertmanager-0,monitoring,/kubepods/burstable/podb5fde93f-2f9a-427f-aa16-8a257f179975,1780919981,53260288.0
memory_working_set,minikube,currencyservice-fd8f5dfb7-js8gr,boutique,/kubepods/burstable/podc827ec2d-8a9d-4e1c-8017-62c3901eccb4,1780919981,108732416.0
memory_working_set,minikube,redis-cart-6899b65948-ms767,boutique,/kubepods/burstable/podd425db0f-53f9-4bec-9ee1-49e4ced03bb6,1780919981,13910016.0
memory_working_set,minikube,chaos-controller-manager-659785674d-wbwg8,chaos-testing,/kubepods/burstable/podd7abbfc2-2af5-4b28-b438-3ebef4bafcce,1780919981,27824128.0
memory_working_set,minikube,paymentservice-6b76dfb449-n8mm2,boutique,/kubepods/burstable/podd9986049-5066-4a99-a156-0bc7b2391961,1780919981,76378112.0
memory_working_set,minikube,checkoutservice-75b9cd684f-vzdsz,boutique,/kubepods/burstable/pod5827d8c7-6a98-4352-9825-164648474ddc,1780919981,17461248.0
memory_working_set,minikube,frontend-694b9f76cd-z2pk6,boutique,/kubepods/burstable/podcf6049c2-3667-4622-87ba-b06efa553d48,1780919981,23494656.0
memory_working_set,minikube,productcatalogservice-fb49fc9cc-wptz6,boutique,/kubepods/burstable/pode9d4586d-6739-497d-ae8d-4fd70972eea8,1780919981,18767872.0
memory_working_set,minikube,loadgenerator-7694cd65db-bdz8c,boutique,/kubepods/burstable/pod38d6ef8e-d456-4bd4-95a0-ea6760631a9d,1780919981,77414400.0
cpu_rate,minikube,kube-proxy-fshvh,kube-system,/kubepods/besteffort/pod2f4efb93-ee48-4c37-b1e1-6f2e54a917c7,1780920011,0.000465218057287902
cpu_rate,minikube,monitoring-kube-state-metrics-868694bc4b-689cm,monitoring,/kubepods/besteffort/pod59c52cc8-67e3-4946-aac6-7ff0ef74285f,1780920011,0.0006222513888888848
cpu_rate,minikube,prometheus-monitoring-kube-prometheus-prometheus-0,monitoring,/kubepods/besteffort/pod6bff50b8-f988-4ff2-a8c1-8f95f2c25189,1780920011,0.011251237441753678
cpu_rate,minikube,storage-provisioner,kube-system,/kubepods/besteffort/pod9bffcac8-a0cd-49a4-ad59-cdbf60a579cb,1780920011,0.0016369402747571163
cpu_rate,minikube,monitoring-grafana-6f66955c48-hlrcn,monitoring,/kubepods/besteffort/pod9d3fe3f0-8989-47b4-8478-0ae7be66df8d,1780920011,0.010757236576503966
cpu_rate,minikube,chaos-daemon-n6ghj,chaos-testing,/kubepods/besteffort/poda051be83-a7cd-43e4-83d3-76f3c90e8474,1780920011,2.779531134070618e-05
cpu_rate,minikube,monitoring-kube-prometheus-operator-556b56cc6d-n6dg9,monitoring,/kubepods/besteffort/podc8122519-a592-495f-9353-00a2f23fdf80,1780920011,0.0024926538640411703
cpu_rate,minikube,monitoring-prometheus-node-exporter-pdw8p,monitoring,/kubepods/besteffort/podd35abb3b-34f0-40fa-af55-3ab246fc64c8,1780920011,0.0010552500000000483
cpu_rate,minikube,kube-scheduler-minikube,kube-system,/kubepods/burstable/pod1c7123a121598343200ffd5b015ca580,1780920011,0.004885834508547217
cpu_rate,minikube,shippingservice-55656785c7-lk4mx,boutique,/kubepods/burstable/pod1df51271-c9ea-47fa-8fb2-cf15bbc7c216,1780920011,0.0010539426638405676
cpu_rate,minikube,chaos-controller-manager-659785674d-29q42,chaos-testing,/kubepods/burstable/pod21ab858c-cee8-438c-8682-c786dc3dc044,1780920011,0.0005025176119173512
cpu_rate,minikube,chaos-controller-manager-659785674d-fjb2r,chaos-testing,/kubepods/burstable/pod2569141a-4d05-422e-bcf2-2f01e2f5056d,1780920011,0.006415628247968716
cpu_rate,minikube,coredns-7d764666f9-hxxb8,kube-system,/kubepods/burstable/pod596c18fb-891c-4e87-9b11-83d99dd6d264,1780920011,0.002221217912096968
cpu_rate,minikube,recommendationservice-6f8f67d69-fhrns,boutique,/kubepods/burstable/pod5ded7b1a-44d9-4178-8596-57a9e25f6171,1780920011,0.00567074429898399
cpu_rate,minikube,etcd-minikube,kube-system,/kubepods/burstable/pod5ff8e3b06bbaa8cb7ebc2bf531e48a2f,1780920011,0.024467328668294024
cpu_rate,minikube,emailservice-7466dc585-sv4wh,boutique,/kubepods/burstable/pod6116940a-da83-4761-97dc-892a207b789e,1780920011,0.0013199477910913113
cpu_rate,minikube,cartservice-546c548494-cb4lb,boutique,/kubepods/burstable/pod6ec732c5-cf34-4e25-a3ce-ff4b44ce8d19,1780920011,0.004396016309751207
cpu_rate,minikube,kube-controller-manager-minikube,kube-system,/kubepods/burstable/pod740363cf4388c2d0df59fc97f96b889c,1780920011,0.014575987260487398
cpu_rate,minikube,chaos-dashboard-5b77585c6c-zm7f4,chaos-testing,/kubepods/burstable/pod7d3e8284-7c72-4577-a8fb-79d957f69104,1780920011,0.002637831208465278
cpu_rate,minikube,chaos-dns-server-6bccb5bb76-gscmn,chaos-testing,/kubepods/burstable/pod8a82a436-ef3f-4750-8f39-dbfde680d0b8,1780920011,0.002244593302556996
cpu_rate,minikube,coredns-7d764666f9-gmlgd,kube-system,/kubepods/burstable/pod9289fad3-6e91-4617-b97d-6da4631c2f35,1780920011,0.0024272732126649453
cpu_rate,minikube,adservice-8576649cff-5bvst,boutique,/kubepods/burstable/pod9d685cd3-17df-43af-a26e-7743c006902d,1780920011,0.0012536752395194298
cpu_rate,minikube,kube-apiserver-minikube,kube-system,/kubepods/burstable/poda6dc00f40d27725f15407f95751ce5f7,1780920011,0.048364776006879814
cpu_rate,minikube,alertmanager-monitoring-kube-prometheus-alertmanager-0,monitoring,/kubepods/burstable/podb5fde93f-2f9a-427f-aa16-8a257f179975,1780920011,0.0005050575051199322
cpu_rate,minikube,currencyservice-fd8f5dfb7-js8gr,boutique,/kubepods/burstable/podc827ec2d-8a9d-4e1c-8017-62c3901eccb4,1780920011,0.007188020890735142
cpu_rate,minikube,redis-cart-6899b65948-ms767,boutique,/kubepods/burstable/podd425db0f-53f9-4bec-9ee1-49e4ced03bb6,1780920011,0.0021657551704414094
cpu_rate,minikube,chaos-controller-manager-659785674d-wbwg8,chaos-testing,/kubepods/burstable/podd7abbfc2-2af5-4b28-b438-3ebef4bafcce,1780920011,0.0005807079201706967
cpu_rate,minikube,paymentservice-6b76dfb449-n8mm2,boutique,/kubepods/burstable/podd9986049-5066-4a99-a156-0bc7b2391961,1780920011,0.00047951025386853985
cpu_rate,minikube,checkoutservice-75b9cd684f-vzdsz,boutique,/kubepods/burstable/pod5827d8c7-6a98-4352-9825-164648474ddc,1780920011,0.0007289896443018314
cpu_rate,minikube,frontend-694b9f76cd-z2pk6,boutique,/kubepods/burstable/podcf6049c2-3667-4622-87ba-b06efa553d48,1780920011,0.012582968649370845
cpu_rate,minikube,productcatalogservice-fb49fc9cc-wptz6,boutique,/kubepods/burstable/pode9d4586d-6739-497d-ae8d-4fd70972eea8,1780920011,0.005870766959556846
cpu_rate,minikube,loadgenerator-7694cd65db-bdz8c,boutique,/kubepods/burstable/pod38d6ef8e-d456-4bd4-95a0-ea6760631a9d,1780920011,0.0034651393505496916
memory_working_set,minikube,kube-proxy-fshvh,kube-system,/kubepods/besteffort/pod2f4efb93-ee48-4c37-b1e1-6f2e54a917c7,1780920011,38793216.0
memory_working_set,minikube,monitoring-kube-state-metrics-868694bc4b-689cm,monitoring,/kubepods/besteffort/pod59c52cc8-67e3-4946-aac6-7ff0ef74285f,1780920011,38838272.0
memory_working_set,minikube,prometheus-monitoring-kube-prometheus-prometheus-0,monitoring,/kubepods/besteffort/pod6bff50b8-f988-4ff2-a8c1-8f95f2c25189,1780920011,330870784.0
memory_working_set,minikube,storage-provisioner,kube-system,/kubepods/besteffort/pod9bffcac8-a0cd-49a4-ad59-cdbf60a579cb,1780920011,20676608.0
memory_working_set,minikube,monitoring-grafana-6f66955c48-hlrcn,monitoring,/kubepods/besteffort/pod9d3fe3f0-8989-47b4-8478-0ae7be66df8d,1780920011,405417984.0
memory_working_set,minikube,chaos-daemon-n6ghj,chaos-testing,/kubepods/besteffort/poda051be83-a7cd-43e4-83d3-76f3c90e8474,1780920011,19378176.0
memory_working_set,minikube,monitoring-kube-prometheus-operator-556b56cc6d-n6dg9,monitoring,/kubepods/besteffort/podc8122519-a592-495f-9353-00a2f23fdf80,1780920011,40308736.0
memory_working_set,minikube,monitoring-prometheus-node-exporter-pdw8p,monitoring,/kubepods/besteffort/podd35abb3b-34f0-40fa-af55-3ab246fc64c8,1780920011,19816448.0
memory_working_set,minikube,kube-scheduler-minikube,kube-system,/kubepods/burstable/pod1c7123a121598343200ffd5b015ca580,1780920011,41156608.0
memory_working_set,minikube,shippingservice-55656785c7-lk4mx,boutique,/kubepods/burstable/pod1df51271-c9ea-47fa-8fb2-cf15bbc7c216,1780920011,14934016.0
memory_working_set,minikube,chaos-controller-manager-659785674d-29q42,chaos-testing,/kubepods/burstable/pod21ab858c-cee8-438c-8682-c786dc3dc044,1780920011,29597696.0
memory_working_set,minikube,chaos-controller-manager-659785674d-fjb2r,chaos-testing,/kubepods/burstable/pod2569141a-4d05-422e-bcf2-2f01e2f5056d,1780920011,36417536.0
memory_working_set,minikube,coredns-7d764666f9-hxxb8,kube-system,/kubepods/burstable/pod596c18fb-891c-4e87-9b11-83d99dd6d264,1780920011,36507648.0
memory_working_set,minikube,recommendationservice-6f8f67d69-fhrns,boutique,/kubepods/burstable/pod5ded7b1a-44d9-4178-8596-57a9e25f6171,1780920011,57962496.0
memory_working_set,minikube,etcd-minikube,kube-system,/kubepods/burstable/pod5ff8e3b06bbaa8cb7ebc2bf531e48a2f,1780920011,98521088.0
memory_working_set,minikube,emailservice-7466dc585-sv4wh,boutique,/kubepods/burstable/pod6116940a-da83-4761-97dc-892a207b789e,1780920011,53137408.0
memory_working_set,minikube,cartservice-546c548494-cb4lb,boutique,/kubepods/burstable/pod6ec732c5-cf34-4e25-a3ce-ff4b44ce8d19,1780920011,71802880.0
memory_working_set,minikube,kube-controller-manager-minikube,kube-system,/kubepods/burstable/pod740363cf4388c2d0df59fc97f96b889c,1780920011,96243712.0
memory_working_set,minikube,chaos-dashboard-5b77585c6c-zm7f4,chaos-testing,/kubepods/burstable/pod7d3e8284-7c72-4577-a8fb-79d957f69104,1780920011,48488448.0
memory_working_set,minikube,chaos-dns-server-6bccb5bb76-gscmn,chaos-testing,/kubepods/burstable/pod8a82a436-ef3f-4750-8f39-dbfde680d0b8,1780920011,28594176.0
memory_working_set,minikube,coredns-7d764666f9-gmlgd,kube-system,/kubepods/burstable/pod9289fad3-6e91-4617-b97d-6da4631c2f35,1780920011,29548544.0
memory_working_set,minikube,adservice-8576649cff-5bvst,boutique,/kubepods/burstable/pod9d685cd3-17df-43af-a26e-7743c006902d,1780920011,112680960.0
memory_working_set,minikube,kube-apiserver-minikube,kube-system,/kubepods/burstable/poda6dc00f40d27725f15407f95751ce5f7,1780920011,536739840.0
memory_working_set,minikube,alertmanager-monitoring-kube-prometheus-alertmanager-0,monitoring,/kubepods/burstable/podb5fde93f-2f9a-427f-aa16-8a257f179975,1780920011,53338112.0
memory_working_set,minikube,currencyservice-fd8f5dfb7-js8gr,boutique,/kubepods/burstable/podc827ec2d-8a9d-4e1c-8017-62c3901eccb4,1780920011,108822528.0
memory_working_set,minikube,redis-cart-6899b65948-ms767,boutique,/kubepods/burstable/podd425db0f-53f9-4bec-9ee1-49e4ced03bb6,1780920011,13647872.0
memory_working_set,minikube,chaos-controller-manager-659785674d-wbwg8,chaos-testing,/kubepods/burstable/podd7abbfc2-2af5-4b28-b438-3ebef4bafcce,1780920011,27820032.0
memory_working_set,minikube,paymentservice-6b76dfb449-n8mm2,boutique,/kubepods/burstable/podd9986049-5066-4a99-a156-0bc7b2391961,1780920011,77062144.0
memory_working_set,minikube,checkoutservice-75b9cd684f-vzdsz,boutique,/kubepods/burstable/pod5827d8c7-6a98-4352-9825-164648474ddc,1780920011,17600512.0
memory_working_set,minikube,frontend-694b9f76cd-z2pk6,boutique,/kubepods/burstable/podcf6049c2-3667-4622-87ba-b06efa553d48,1780920011,23646208.0
memory_working_set,minikube,productcatalogservice-fb49fc9cc-wptz6,boutique,/kubepods/burstable/pode9d4586d-6739-497d-ae8d-4fd70972eea8,1780920011,19050496.0
memory_working_set,minikube,loadgenerator-7694cd65db-bdz8c,boutique,/kubepods/burstable/pod38d6ef8e-d456-4bd4-95a0-ea6760631a9d,1780920011,77422592.0
cpu_rate,minikube,kube-proxy-fshvh,kube-system,/kubepods/besteffort/pod2f4efb93-ee48-4c37-b1e1-6f2e54a917c7,1780920040,0.00032232815950809855
cpu_rate,minikube,monitoring-kube-state-metrics-868694bc4b-689cm,monitoring,/kubepods/besteffort/pod59c52cc8-67e3-4946-aac6-7ff0ef74285f,1780920040,0.0008261148928641226
cpu_rate,minikube,prometheus-monitoring-kube-prometheus-prometheus-0,monitoring,/kubepods/besteffort/pod6bff50b8-f988-4ff2-a8c1-8f95f2c25189,1780920040,0.012123884439468227
cpu_rate,minikube,storage-provisioner,kube-system,/kubepods/besteffort/pod9bffcac8-a0cd-49a4-ad59-cdbf60a579cb,1780920040,0.001398386094665774
cpu_rate,minikube,monitoring-grafana-6f66955c48-hlrcn,monitoring,/kubepods/besteffort/pod9d3fe3f0-8989-47b4-8478-0ae7be66df8d,1780920040,0.011794796166750924
cpu_rate,minikube,chaos-daemon-n6ghj,chaos-testing,/kubepods/besteffort/poda051be83-a7cd-43e4-83d3-76f3c90e8474,1780920040,1.6331136053206911e-06
cpu_rate,minikube,monitoring-kube-prometheus-operator-556b56cc6d-n6dg9,monitoring,/kubepods/besteffort/podc8122519-a592-495f-9353-00a2f23fdf80,1780920040,0.002302956117014748
cpu_rate,minikube,monitoring-prometheus-node-exporter-pdw8p,monitoring,/kubepods/besteffort/podd35abb3b-34f0-40fa-af55-3ab246fc64c8,1780920040,0.001244939838747618
cpu_rate,minikube,kube-scheduler-minikube,kube-system,/kubepods/burstable/pod1c7123a121598343200ffd5b015ca580,1780920040,0.005032728130535597
cpu_rate,minikube,shippingservice-55656785c7-lk4mx,boutique,/kubepods/burstable/pod1df51271-c9ea-47fa-8fb2-cf15bbc7c216,1780920040,0.0010686524883576328
cpu_rate,minikube,chaos-controller-manager-659785674d-29q42,chaos-testing,/kubepods/burstable/pod21ab858c-cee8-438c-8682-c786dc3dc044,1780920040,0.0004041763657436785
cpu_rate,minikube,chaos-controller-manager-659785674d-fjb2r,chaos-testing,/kubepods/burstable/pod2569141a-4d05-422e-bcf2-2f01e2f5056d,1780920040,0.0062189027702337744
cpu_rate,minikube,coredns-7d764666f9-hxxb8,kube-system,/kubepods/burstable/pod596c18fb-891c-4e87-9b11-83d99dd6d264,1780920040,0.0023438940784990324
cpu_rate,minikube,recommendationservice-6f8f67d69-fhrns,boutique,/kubepods/burstable/pod5ded7b1a-44d9-4178-8596-57a9e25f6171,1780920040,0.006881403508771937
cpu_rate,minikube,etcd-minikube,kube-system,/kubepods/burstable/pod5ff8e3b06bbaa8cb7ebc2bf531e48a2f,1780920040,0.02883513937815932
cpu_rate,minikube,emailservice-7466dc585-sv4wh,boutique,/kubepods/burstable/pod6116940a-da83-4761-97dc-892a207b789e,1780920040,0.0016466495347477604
cpu_rate,minikube,cartservice-546c548494-cb4lb,boutique,/kubepods/burstable/pod6ec732c5-cf34-4e25-a3ce-ff4b44ce8d19,1780920040,0.004303160570218546
cpu_rate,minikube,kube-controller-manager-minikube,kube-system,/kubepods/burstable/pod740363cf4388c2d0df59fc97f96b889c,1780920040,0.01458814206606838
cpu_rate,minikube,chaos-dashboard-5b77585c6c-zm7f4,chaos-testing,/kubepods/burstable/pod7d3e8284-7c72-4577-a8fb-79d957f69104,1780920040,0.0025474207991383565
cpu_rate,minikube,chaos-dns-server-6bccb5bb76-gscmn,chaos-testing,/kubepods/burstable/pod8a82a436-ef3f-4750-8f39-dbfde680d0b8,1780920040,0.0024092647972657165
cpu_rate,minikube,coredns-7d764666f9-gmlgd,kube-system,/kubepods/burstable/pod9289fad3-6e91-4617-b97d-6da4631c2f35,1780920040,0.0020745786826764975
cpu_rate,minikube,adservice-8576649cff-5bvst,boutique,/kubepods/burstable/pod9d685cd3-17df-43af-a26e-7743c006902d,1780920040,0.0015559095601080184
cpu_rate,minikube,kube-apiserver-minikube,kube-system,/kubepods/burstable/poda6dc00f40d27725f15407f95751ce5f7,1780920040,0.05381658087832666
cpu_rate,minikube,alertmanager-monitoring-kube-prometheus-alertmanager-0,monitoring,/kubepods/burstable/podb5fde93f-2f9a-427f-aa16-8a257f179975,1780920040,0.0006534256445600229
cpu_rate,minikube,currencyservice-fd8f5dfb7-js8gr,boutique,/kubepods/burstable/podc827ec2d-8a9d-4e1c-8017-62c3901eccb4,1780920040,0.007166877214678455
cpu_rate,minikube,redis-cart-6899b65948-ms767,boutique,/kubepods/burstable/podd425db0f-53f9-4bec-9ee1-49e4ced03bb6,1780920040,0.0019818036686529207
cpu_rate,minikube,chaos-controller-manager-659785674d-wbwg8,chaos-testing,/kubepods/burstable/podd7abbfc2-2af5-4b28-b438-3ebef4bafcce,1780920040,0.00047802721823586835
cpu_rate,minikube,paymentservice-6b76dfb449-n8mm2,boutique,/kubepods/burstable/podd9986049-5066-4a99-a156-0bc7b2391961,1780920040,0.0005744735846095344
cpu_rate,minikube,checkoutservice-75b9cd684f-vzdsz,boutique,/kubepods/burstable/pod5827d8c7-6a98-4352-9825-164648474ddc,1780920040,0.0008053164327019171
cpu_rate,minikube,frontend-694b9f76cd-z2pk6,boutique,/kubepods/burstable/podcf6049c2-3667-4622-87ba-b06efa553d48,1780920040,0.01310153869053773
cpu_rate,minikube,productcatalogservice-fb49fc9cc-wptz6,boutique,/kubepods/burstable/pode9d4586d-6739-497d-ae8d-4fd70972eea8,1780920040,0.006215278278758448
cpu_rate,minikube,loadgenerator-7694cd65db-bdz8c,boutique,/kubepods/burstable/pod38d6ef8e-d456-4bd4-95a0-ea6760631a9d,1780920040,0.0034842862354719554
memory_working_set,minikube,kube-proxy-fshvh,kube-system,/kubepods/besteffort/pod2f4efb93-ee48-4c37-b1e1-6f2e54a917c7,1780920040,38789120.0
memory_working_set,minikube,monitoring-kube-state-metrics-868694bc4b-689cm,monitoring,/kubepods/besteffort/pod59c52cc8-67e3-4946-aac6-7ff0ef74285f,1780920040,38838272.0
memory_working_set,minikube,prometheus-monitoring-kube-prometheus-prometheus-0,monitoring,/kubepods/besteffort/pod6bff50b8-f988-4ff2-a8c1-8f95f2c25189,1780920040,329392128.0
memory_working_set,minikube,storage-provisioner,kube-system,/kubepods/besteffort/pod9bffcac8-a0cd-49a4-ad59-cdbf60a579cb,1780920040,20824064.0
memory_working_set,minikube,monitoring-grafana-6f66955c48-hlrcn,monitoring,/kubepods/besteffort/pod9d3fe3f0-8989-47b4-8478-0ae7be66df8d,1780920040,405389312.0
memory_working_set,minikube,chaos-daemon-n6ghj,chaos-testing,/kubepods/besteffort/poda051be83-a7cd-43e4-83d3-76f3c90e8474,1780920040,19378176.0
memory_working_set,minikube,monitoring-kube-prometheus-operator-556b56cc6d-n6dg9,monitoring,/kubepods/besteffort/podc8122519-a592-495f-9353-00a2f23fdf80,1780920040,40308736.0
memory_working_set,minikube,monitoring-prometheus-node-exporter-pdw8p,monitoring,/kubepods/besteffort/podd35abb3b-34f0-40fa-af55-3ab246fc64c8,1780920040,20070400.0
memory_working_set,minikube,kube-scheduler-minikube,kube-system,/kubepods/burstable/pod1c7123a121598343200ffd5b015ca580,1780920040,40886272.0
memory_working_set,minikube,shippingservice-55656785c7-lk4mx,boutique,/kubepods/burstable/pod1df51271-c9ea-47fa-8fb2-cf15bbc7c216,1780920040,14942208.0
memory_working_set,minikube,chaos-controller-manager-659785674d-29q42,chaos-testing,/kubepods/burstable/pod21ab858c-cee8-438c-8682-c786dc3dc044,1780920040,29597696.0
memory_working_set,minikube,chaos-controller-manager-659785674d-fjb2r,chaos-testing,/kubepods/burstable/pod2569141a-4d05-422e-bcf2-2f01e2f5056d,1780920040,36413440.0
memory_working_set,minikube,coredns-7d764666f9-hxxb8,kube-system,/kubepods/burstable/pod596c18fb-891c-4e87-9b11-83d99dd6d264,1780920040,36503552.0
memory_working_set,minikube,recommendationservice-6f8f67d69-fhrns,boutique,/kubepods/burstable/pod5ded7b1a-44d9-4178-8596-57a9e25f6171,1780920040,57962496.0
memory_working_set,minikube,etcd-minikube,kube-system,/kubepods/burstable/pod5ff8e3b06bbaa8cb7ebc2bf531e48a2f,1780920040,100167680.0
memory_working_set,minikube,emailservice-7466dc585-sv4wh,boutique,/kubepods/burstable/pod6116940a-da83-4761-97dc-892a207b789e,1780920040,53137408.0
memory_working_set,minikube,cartservice-546c548494-cb4lb,boutique,/kubepods/burstable/pod6ec732c5-cf34-4e25-a3ce-ff4b44ce8d19,1780920040,71704576.0
memory_working_set,minikube,kube-controller-manager-minikube,kube-system,/kubepods/burstable/pod740363cf4388c2d0df59fc97f96b889c,1780920040,96239616.0
memory_working_set,minikube,chaos-dashboard-5b77585c6c-zm7f4,chaos-testing,/kubepods/burstable/pod7d3e8284-7c72-4577-a8fb-79d957f69104,1780920040,48488448.0
memory_working_set,minikube,chaos-dns-server-6bccb5bb76-gscmn,chaos-testing,/kubepods/burstable/pod8a82a436-ef3f-4750-8f39-dbfde680d0b8,1780920040,28446720.0
memory_working_set,minikube,coredns-7d764666f9-gmlgd,kube-system,/kubepods/burstable/pod9289fad3-6e91-4617-b97d-6da4631c2f35,1780920040,29822976.0
memory_working_set,minikube,adservice-8576649cff-5bvst,boutique,/kubepods/burstable/pod9d685cd3-17df-43af-a26e-7743c006902d,1780920040,112431104.0
memory_working_set,minikube,kube-apiserver-minikube,kube-system,/kubepods/burstable/poda6dc00f40d27725f15407f95751ce5f7,1780920040,536719360.0
memory_working_set,minikube,alertmanager-monitoring-kube-prometheus-alertmanager-0,monitoring,/kubepods/burstable/podb5fde93f-2f9a-427f-aa16-8a257f179975,1780920040,54128640.0
memory_working_set,minikube,currencyservice-fd8f5dfb7-js8gr,boutique,/kubepods/burstable/podc827ec2d-8a9d-4e1c-8017-62c3901eccb4,1780920040,109817856.0
memory_working_set,minikube,redis-cart-6899b65948-ms767,boutique,/kubepods/burstable/podd425db0f-53f9-4bec-9ee1-49e4ced03bb6,1780920040,13910016.0
memory_working_set,minikube,chaos-controller-manager-659785674d-wbwg8,chaos-testing,/kubepods/burstable/podd7abbfc2-2af5-4b28-b438-3ebef4bafcce,1780920040,27824128.0
memory_working_set,minikube,paymentservice-6b76dfb449-n8mm2,boutique,/kubepods/burstable/podd9986049-5066-4a99-a156-0bc7b2391961,1780920040,76828672.0
memory_working_set,minikube,checkoutservice-75b9cd684f-vzdsz,boutique,/kubepods/burstable/pod5827d8c7-6a98-4352-9825-164648474ddc,1780920040,17604608.0
memory_working_set,minikube,frontend-694b9f76cd-z2pk6,boutique,/kubepods/burstable/podcf6049c2-3667-4622-87ba-b06efa553d48,1780920040,23658496.0
memory_working_set,minikube,productcatalogservice-fb49fc9cc-wptz6,boutique,/kubepods/burstable/pode9d4586d-6739-497d-ae8d-4fd70972eea8,1780920040,18710528.0
memory_working_set,minikube,loadgenerator-7694cd65db-bdz8c,boutique,/kubepods/burstable/pod38d6ef8e-d456-4bd4-95a0-ea6760631a9d,1780920040,77447168.0
cpu_rate,minikube,kube-proxy-fshvh,kube-system,/kubepods/besteffort/pod2f4efb93-ee48-4c37-b1e1-6f2e54a917c7,1780920069,0.0004273416722269846
cpu_rate,minikube,monitoring-kube-state-metrics-868694bc4b-689cm,monitoring,/kubepods/besteffort/pod59c52cc8-67e3-4946-aac6-7ff0ef74285f,1780920069,0.0008901838476690711
cpu_rate,minikube,prometheus-monitoring-kube-prometheus-prometheus-0,monitoring,/kubepods/besteffort/pod6bff50b8-f988-4ff2-a8c1-8f95f2c25189,1780920069,0.013296736920937047
cpu_rate,minikube,storage-provisioner,kube-system,/kubepods/besteffort/pod9bffcac8-a0cd-49a4-ad59-cdbf60a579cb,1780920069,0.0014902448686776953
cpu_rate,minikube,monitoring-grafana-6f66955c48-hlrcn,monitoring,/kubepods/besteffort/pod9d3fe3f0-8989-47b4-8478-0ae7be66df8d,1780920069,0.009158624999999886
cpu_rate,minikube,chaos-daemon-n6ghj,chaos-testing,/kubepods/besteffort/poda051be83-a7cd-43e4-83d3-76f3c90e8474,1780920069,3.186282782597144e-05
cpu_rate,minikube,monitoring-kube-prometheus-operator-556b56cc6d-n6dg9,monitoring,/kubepods/besteffort/podc8122519-a592-495f-9353-00a2f23fdf80,1780920069,0.002451292859245514
cpu_rate,minikube,monitoring-prometheus-node-exporter-pdw8p,monitoring,/kubepods/besteffort/podd35abb3b-34f0-40fa-af55-3ab246fc64c8,1780920069,0.0010827655225278507
cpu_rate,minikube,kube-scheduler-minikube,kube-system,/kubepods/burstable/pod1c7123a121598343200ffd5b015ca580,1780920069,0.00490648503383625
cpu_rate,minikube,shippingservice-55656785c7-lk4mx,boutique,/kubepods/burstable/pod1df51271-c9ea-47fa-8fb2-cf15bbc7c216,1780920069,0.0010105080789386334
cpu_rate,minikube,chaos-controller-manager-659785674d-29q42,chaos-testing,/kubepods/burstable/pod21ab858c-cee8-438c-8682-c786dc3dc044,1780920069,0.00038682061851811185
cpu_rate,minikube,chaos-controller-manager-659785674d-fjb2r,chaos-testing,/kubepods/burstable/pod2569141a-4d05-422e-bcf2-2f01e2f5056d,1780920069,0.005999063254942578
cpu_rate,minikube,coredns-7d764666f9-hxxb8,kube-system,/kubepods/burstable/pod596c18fb-891c-4e87-9b11-83d99dd6d264,1780920069,0.0021745530373682956
cpu_rate,minikube,recommendationservice-6f8f67d69-fhrns,boutique,/kubepods/burstable/pod5ded7b1a-44d9-4178-8596-57a9e25f6171,1780920069,0.0063787617451103226
cpu_rate,minikube,etcd-minikube,kube-system,/kubepods/burstable/pod5ff8e3b06bbaa8cb7ebc2bf531e48a2f,1780920069,0.028974282355686047
cpu_rate,minikube,emailservice-7466dc585-sv4wh,boutique,/kubepods/burstable/pod6116940a-da83-4761-97dc-892a207b789e,1780920069,0.0015144014457972841
cpu_rate,minikube,cartservice-546c548494-cb4lb,boutique,/kubepods/burstable/pod6ec732c5-cf34-4e25-a3ce-ff4b44ce8d19,1780920069,0.004375268165874437
cpu_rate,minikube,kube-controller-manager-minikube,kube-system,/kubepods/burstable/pod740363cf4388c2d0df59fc97f96b889c,1780920069,0.012386549119632743
cpu_rate,minikube,chaos-dashboard-5b77585c6c-zm7f4,chaos-testing,/kubepods/burstable/pod7d3e8284-7c72-4577-a8fb-79d957f69104,1780920069,0.0023659407915998004
cpu_rate,minikube,chaos-dns-server-6bccb5bb76-gscmn,chaos-testing,/kubepods/burstable/pod8a82a436-ef3f-4750-8f39-dbfde680d0b8,1780920069,0.002021308877998269
cpu_rate,minikube,coredns-7d764666f9-gmlgd,kube-system,/kubepods/burstable/pod9289fad3-6e91-4617-b97d-6da4631c2f35,1780920069,0.0022028140746435058
cpu_rate,minikube,adservice-8576649cff-5bvst,boutique,/kubepods/burstable/pod9d685cd3-17df-43af-a26e-7743c006902d,1780920069,0.001460731459809671
cpu_rate,minikube,kube-apiserver-minikube,kube-system,/kubepods/burstable/poda6dc00f40d27725f15407f95751ce5f7,1780920069,0.04859871310184593
cpu_rate,minikube,alertmanager-monitoring-kube-prometheus-alertmanager-0,monitoring,/kubepods/burstable/podb5fde93f-2f9a-427f-aa16-8a257f179975,1780920069,0.0006640782746917341
cpu_rate,minikube,currencyservice-fd8f5dfb7-js8gr,boutique,/kubepods/burstable/podc827ec2d-8a9d-4e1c-8017-62c3901eccb4,1780920069,0.007033138461167204
cpu_rate,minikube,redis-cart-6899b65948-ms767,boutique,/kubepods/burstable/podd425db0f-53f9-4bec-9ee1-49e4ced03bb6,1780920069,0.0021734743130879556
cpu_rate,minikube,chaos-controller-manager-659785674d-wbwg8,chaos-testing,/kubepods/burstable/podd7abbfc2-2af5-4b28-b438-3ebef4bafcce,1780920069,0.0004966330441989533
cpu_rate,minikube,paymentservice-6b76dfb449-n8mm2,boutique,/kubepods/burstable/podd9986049-5066-4a99-a156-0bc7b2391961,1780920069,0.0005888792596798507
cpu_rate,minikube,checkoutservice-75b9cd684f-vzdsz,boutique,/kubepods/burstable/pod5827d8c7-6a98-4352-9825-164648474ddc,1780920069,0.0010063982077465519
cpu_rate,minikube,frontend-694b9f76cd-z2pk6,boutique,/kubepods/burstable/podcf6049c2-3667-4622-87ba-b06efa553d48,1780920069,0.014425839474637317
cpu_rate,minikube,productcatalogservice-fb49fc9cc-wptz6,boutique,/kubepods/burstable/pode9d4586d-6739-497d-ae8d-4fd70972eea8,1780920069,0.006615333716971979
cpu_rate,minikube,loadgenerator-7694cd65db-bdz8c,boutique,/kubepods/burstable/pod38d6ef8e-d456-4bd4-95a0-ea6760631a9d,1780920069,0.003602477084242628
memory_working_set,minikube,kube-proxy-fshvh,kube-system,/kubepods/besteffort/pod2f4efb93-ee48-4c37-b1e1-6f2e54a917c7,1780920069,39313408.0
memory_working_set,minikube,monitoring-kube-state-metrics-868694bc4b-689cm,monitoring,/kubepods/besteffort/pod59c52cc8-67e3-4946-aac6-7ff0ef74285f,1780920069,38838272.0
memory_working_set,minikube,prometheus-monitoring-kube-prometheus-prometheus-0,monitoring,/kubepods/besteffort/pod6bff50b8-f988-4ff2-a8c1-8f95f2c25189,1780920069,333512704.0
memory_working_set,minikube,storage-provisioner,kube-system,/kubepods/besteffort/pod9bffcac8-a0cd-49a4-ad59-cdbf60a579cb,1780920069,20848640.0
memory_working_set,minikube,monitoring-grafana-6f66955c48-hlrcn,monitoring,/kubepods/besteffort/pod9d3fe3f0-8989-47b4-8478-0ae7be66df8d,1780920069,405389312.0
memory_working_set,minikube,chaos-daemon-n6ghj,chaos-testing,/kubepods/besteffort/poda051be83-a7cd-43e4-83d3-76f3c90e8474,1780920069,19378176.0
memory_working_set,minikube,monitoring-kube-prometheus-operator-556b56cc6d-n6dg9,monitoring,/kubepods/besteffort/podc8122519-a592-495f-9353-00a2f23fdf80,1780920069,40341504.0
memory_working_set,minikube,monitoring-prometheus-node-exporter-pdw8p,monitoring,/kubepods/besteffort/podd35abb3b-34f0-40fa-af55-3ab246fc64c8,1780920069,20328448.0
memory_working_set,minikube,kube-scheduler-minikube,kube-system,/kubepods/burstable/pod1c7123a121598343200ffd5b015ca580,1780920069,40894464.0
memory_working_set,minikube,shippingservice-55656785c7-lk4mx,boutique,/kubepods/burstable/pod1df51271-c9ea-47fa-8fb2-cf15bbc7c216,1780920069,14942208.0
memory_working_set,minikube,chaos-controller-manager-659785674d-29q42,chaos-testing,/kubepods/burstable/pod21ab858c-cee8-438c-8682-c786dc3dc044,1780920069,29597696.0
memory_working_set,minikube,chaos-controller-manager-659785674d-fjb2r,chaos-testing,/kubepods/burstable/pod2569141a-4d05-422e-bcf2-2f01e2f5056d,1780920069,36413440.0
memory_working_set,minikube,coredns-7d764666f9-hxxb8,kube-system,/kubepods/burstable/pod596c18fb-891c-4e87-9b11-83d99dd6d264,1780920069,37171200.0
memory_working_set,minikube,recommendationservice-6f8f67d69-fhrns,boutique,/kubepods/burstable/pod5ded7b1a-44d9-4178-8596-57a9e25f6171,1780920069,57962496.0
memory_working_set,minikube,etcd-minikube,kube-system,/kubepods/burstable/pod5ff8e3b06bbaa8cb7ebc2bf531e48a2f,1780920069,89395200.0
memory_working_set,minikube,emailservice-7466dc585-sv4wh,boutique,/kubepods/burstable/pod6116940a-da83-4761-97dc-892a207b789e,1780920069,53395456.0
memory_working_set,minikube,cartservice-546c548494-cb4lb,boutique,/kubepods/burstable/pod6ec732c5-cf34-4e25-a3ce-ff4b44ce8d19,1780920069,71733248.0
memory_working_set,minikube,kube-controller-manager-minikube,kube-system,/kubepods/burstable/pod740363cf4388c2d0df59fc97f96b889c,1780920069,96235520.0
memory_working_set,minikube,chaos-dashboard-5b77585c6c-zm7f4,chaos-testing,/kubepods/burstable/pod7d3e8284-7c72-4577-a8fb-79d957f69104,1780920069,48488448.0
memory_working_set,minikube,chaos-dns-server-6bccb5bb76-gscmn,chaos-testing,/kubepods/burstable/pod8a82a436-ef3f-4750-8f39-dbfde680d0b8,1780920069,28704768.0
memory_working_set,minikube,coredns-7d764666f9-gmlgd,kube-system,/kubepods/burstable/pod9289fad3-6e91-4617-b97d-6da4631c2f35,1780920069,29577216.0
memory_working_set,minikube,adservice-8576649cff-5bvst,boutique,/kubepods/burstable/pod9d685cd3-17df-43af-a26e-7743c006902d,1780920069,112422912.0
memory_working_set,minikube,kube-apiserver-minikube,kube-system,/kubepods/burstable/poda6dc00f40d27725f15407f95751ce5f7,1780920069,538705920.0
memory_working_set,minikube,alertmanager-monitoring-kube-prometheus-alertmanager-0,monitoring,/kubepods/burstable/podb5fde93f-2f9a-427f-aa16-8a257f179975,1780920069,54136832.0
memory_working_set,minikube,currencyservice-fd8f5dfb7-js8gr,boutique,/kubepods/burstable/podc827ec2d-8a9d-4e1c-8017-62c3901eccb4,1780920069,109834240.0
memory_working_set,minikube,redis-cart-6899b65948-ms767,boutique,/kubepods/burstable/podd425db0f-53f9-4bec-9ee1-49e4ced03bb6,1780920069,13647872.0
memory_working_set,minikube,chaos-controller-manager-659785674d-wbwg8,chaos-testing,/kubepods/burstable/podd7abbfc2-2af5-4b28-b438-3ebef4bafcce,1780920069,27824128.0
memory_working_set,minikube,paymentservice-6b76dfb449-n8mm2,boutique,/kubepods/burstable/podd9986049-5066-4a99-a156-0bc7b2391961,1780920069,77099008.0
memory_working_set,minikube,checkoutservice-75b9cd684f-vzdsz,boutique,/kubepods/burstable/pod5827d8c7-6a98-4352-9825-164648474ddc,1780920069,17645568.0
memory_working_set,minikube,frontend-694b9f76cd-z2pk6,boutique,/kubepods/burstable/podcf6049c2-3667-4622-87ba-b06efa553d48,1780920069,23248896.0
memory_working_set,minikube,productcatalogservice-fb49fc9cc-wptz6,boutique,/kubepods/burstable/pode9d4586d-6739-497d-ae8d-4fd70972eea8,1780920069,18264064.0
memory_working_set,minikube,loadgenerator-7694cd65db-bdz8c,boutique,/kubepods/burstable/pod38d6ef8e-d456-4bd4-95a0-ea6760631a9d,1780920069,77451264.0
cpu_rate,minikube,kube-proxy-fshvh,kube-system,/kubepods/besteffort/pod2f4efb93-ee48-4c37-b1e1-6f2e54a917c7,1780920098,0.00038972480626237954
cpu_rate,minikube,monitoring-kube-state-metrics-868694bc4b-689cm,monitoring,/kubepods/besteffort/pod59c52cc8-67e3-4946-aac6-7ff0ef74285f,1780920098,0.0008005186099366719
cpu_rate,minikube,prometheus-monitoring-kube-prometheus-prometheus-0,monitoring,/kubepods/besteffort/pod6bff50b8-f988-4ff2-a8c1-8f95f2c25189,1780920098,0.016497305272649393
cpu_rate,minikube,storage-provisioner,kube-system,/kubepods/besteffort/pod9bffcac8-a0cd-49a4-ad59-cdbf60a579cb,1780920098,0.0018389843364811883
cpu_rate,minikube,monitoring-grafana-6f66955c48-hlrcn,monitoring,/kubepods/besteffort/pod9d3fe3f0-8989-47b4-8478-0ae7be66df8d,1780920098,0.01174510883024677
cpu_rate,minikube,chaos-daemon-n6ghj,chaos-testing,/kubepods/besteffort/poda051be83-a7cd-43e4-83d3-76f3c90e8474,1780920098,2.716964986094474e-05
cpu_rate,minikube,monitoring-kube-prometheus-operator-556b56cc6d-n6dg9,monitoring,/kubepods/besteffort/podc8122519-a592-495f-9353-00a2f23fdf80,1780920098,0.0025195547656137844
cpu_rate,minikube,monitoring-prometheus-node-exporter-pdw8p,monitoring,/kubepods/besteffort/podd35abb3b-34f0-40fa-af55-3ab246fc64c8,1780920098,0.0012077430481672187
cpu_rate,minikube,kube-scheduler-minikube,kube-system,/kubepods/burstable/pod1c7123a121598343200ffd5b015ca580,1780920098,0.004774706757265914
cpu_rate,minikube,shippingservice-55656785c7-lk4mx,boutique,/kubepods/burstable/pod1df51271-c9ea-47fa-8fb2-cf15bbc7c216,1780920098,0.00109227494439833
cpu_rate,minikube,chaos-controller-manager-659785674d-29q42,chaos-testing,/kubepods/burstable/pod21ab858c-cee8-438c-8682-c786dc3dc044,1780920098,0.0003939048552376357
cpu_rate,minikube,chaos-controller-manager-659785674d-fjb2r,chaos-testing,/kubepods/burstable/pod2569141a-4d05-422e-bcf2-2f01e2f5056d,1780920098,0.005352282929717613
cpu_rate,minikube,coredns-7d764666f9-hxxb8,kube-system,/kubepods/burstable/pod596c18fb-891c-4e87-9b11-83d99dd6d264,1780920098,0.0025795163882206813
cpu_rate,minikube,recommendationservice-6f8f67d69-fhrns,boutique,/kubepods/burstable/pod5ded7b1a-44d9-4178-8596-57a9e25f6171,1780920098,0.007011749758701726
cpu_rate,minikube,etcd-minikube,kube-system,/kubepods/burstable/pod5ff8e3b06bbaa8cb7ebc2bf531e48a2f,1780920098,0.029642087098334047
cpu_rate,minikube,emailservice-7466dc585-sv4wh,boutique,/kubepods/burstable/pod6116940a-da83-4761-97dc-892a207b789e,1780920098,0.0015610492287102791
cpu_rate,minikube,cartservice-546c548494-cb4lb,boutique,/kubepods/burstable/pod6ec732c5-cf34-4e25-a3ce-ff4b44ce8d19,1780920098,0.004246786717018729
cpu_rate,minikube,kube-controller-manager-minikube,kube-system,/kubepods/burstable/pod740363cf4388c2d0df59fc97f96b889c,1780920098,0.014895747991176503
cpu_rate,minikube,chaos-dashboard-5b77585c6c-zm7f4,chaos-testing,/kubepods/burstable/pod7d3e8284-7c72-4577-a8fb-79d957f69104,1780920098,0.00242463807118223
cpu_rate,minikube,chaos-dns-server-6bccb5bb76-gscmn,chaos-testing,/kubepods/burstable/pod8a82a436-ef3f-4750-8f39-dbfde680d0b8,1780920098,0.0021228918411548485
cpu_rate,minikube,coredns-7d764666f9-gmlgd,kube-system,/kubepods/burstable/pod9289fad3-6e91-4617-b97d-6da4631c2f35,1780920098,0.002288061709910357
cpu_rate,minikube,adservice-8576649cff-5bvst,boutique,/kubepods/burstable/pod9d685cd3-17df-43af-a26e-7743c006902d,1780920098,0.0015277276228015542
cpu_rate,minikube,kube-apiserver-minikube,kube-system,/kubepods/burstable/poda6dc00f40d27725f15407f95751ce5f7,1780920098,0.05205147754970539
cpu_rate,minikube,alertmanager-monitoring-kube-prometheus-alertmanager-0,monitoring,/kubepods/burstable/podb5fde93f-2f9a-427f-aa16-8a257f179975,1780920098,0.0008019161111944468
cpu_rate,minikube,currencyservice-fd8f5dfb7-js8gr,boutique,/kubepods/burstable/podc827ec2d-8a9d-4e1c-8017-62c3901eccb4,1780920098,0.007531392247508462
cpu_rate,minikube,redis-cart-6899b65948-ms767,boutique,/kubepods/burstable/podd425db0f-53f9-4bec-9ee1-49e4ced03bb6,1780920098,0.0018965640209123098
cpu_rate,minikube,chaos-controller-manager-659785674d-wbwg8,chaos-testing,/kubepods/burstable/podd7abbfc2-2af5-4b28-b438-3ebef4bafcce,1780920098,0.00033407561875464965
cpu_rate,minikube,paymentservice-6b76dfb449-n8mm2,boutique,/kubepods/burstable/podd9986049-5066-4a99-a156-0bc7b2391961,1780920098,0.0005707047257605458
cpu_rate,minikube,checkoutservice-75b9cd684f-vzdsz,boutique,/kubepods/burstable/pod5827d8c7-6a98-4352-9825-164648474ddc,1780920098,0.0009983704895660448
cpu_rate,minikube,frontend-694b9f76cd-z2pk6,boutique,/kubepods/burstable/podcf6049c2-3667-4622-87ba-b06efa553d48,1780920098,0.012336449999999938
cpu_rate,minikube,productcatalogservice-fb49fc9cc-wptz6,boutique,/kubepods/burstable/pode9d4586d-6739-497d-ae8d-4fd70972eea8,1780920098,0.006882516762200773
cpu_rate,minikube,loadgenerator-7694cd65db-bdz8c,boutique,/kubepods/burstable/pod38d6ef8e-d456-4bd4-95a0-ea6760631a9d,1780920098,0.003636927894427737
memory_working_set,minikube,kube-proxy-fshvh,kube-system,/kubepods/besteffort/pod2f4efb93-ee48-4c37-b1e1-6f2e54a917c7,1780920098,39317504.0
memory_working_set,minikube,monitoring-kube-state-metrics-868694bc4b-689cm,monitoring,/kubepods/besteffort/pod59c52cc8-67e3-4946-aac6-7ff0ef74285f,1780920098,38838272.0
memory_working_set,minikube,prometheus-monitoring-kube-prometheus-prometheus-0,monitoring,/kubepods/besteffort/pod6bff50b8-f988-4ff2-a8c1-8f95f2c25189,1780920098,314179584.0
memory_working_set,minikube,storage-provisioner,kube-system,/kubepods/besteffort/pod9bffcac8-a0cd-49a4-ad59-cdbf60a579cb,1780920098,21147648.0
memory_working_set,minikube,monitoring-grafana-6f66955c48-hlrcn,monitoring,/kubepods/besteffort/pod9d3fe3f0-8989-47b4-8478-0ae7be66df8d,1780920098,405696512.0
memory_working_set,minikube,chaos-daemon-n6ghj,chaos-testing,/kubepods/besteffort/poda051be83-a7cd-43e4-83d3-76f3c90e8474,1780920098,19378176.0
memory_working_set,minikube,monitoring-kube-prometheus-operator-556b56cc6d-n6dg9,monitoring,/kubepods/besteffort/podc8122519-a592-495f-9353-00a2f23fdf80,1780920098,40361984.0
memory_working_set,minikube,monitoring-prometheus-node-exporter-pdw8p,monitoring,/kubepods/besteffort/podd35abb3b-34f0-40fa-af55-3ab246fc64c8,1780920098,19632128.0
memory_working_set,minikube,kube-scheduler-minikube,kube-system,/kubepods/burstable/pod1c7123a121598343200ffd5b015ca580,1780920098,40886272.0
memory_working_set,minikube,shippingservice-55656785c7-lk4mx,boutique,/kubepods/burstable/pod1df51271-c9ea-47fa-8fb2-cf15bbc7c216,1780920098,14938112.0
memory_working_set,minikube,chaos-controller-manager-659785674d-29q42,chaos-testing,/kubepods/burstable/pod21ab858c-cee8-438c-8682-c786dc3dc044,1780920098,29597696.0
memory_working_set,minikube,chaos-controller-manager-659785674d-fjb2r,chaos-testing,/kubepods/burstable/pod2569141a-4d05-422e-bcf2-2f01e2f5056d,1780920098,36413440.0
memory_working_set,minikube,coredns-7d764666f9-hxxb8,kube-system,/kubepods/burstable/pod596c18fb-891c-4e87-9b11-83d99dd6d264,1780920098,38346752.0
memory_working_set,minikube,recommendationservice-6f8f67d69-fhrns,boutique,/kubepods/burstable/pod5ded7b1a-44d9-4178-8596-57a9e25f6171,1780920098,57962496.0
memory_working_set,minikube,etcd-minikube,kube-system,/kubepods/burstable/pod5ff8e3b06bbaa8cb7ebc2bf531e48a2f,1780920098,89120768.0
memory_working_set,minikube,emailservice-7466dc585-sv4wh,boutique,/kubepods/burstable/pod6116940a-da83-4761-97dc-892a207b789e,1780920098,53129216.0
memory_working_set,minikube,cartservice-546c548494-cb4lb,boutique,/kubepods/burstable/pod6ec732c5-cf34-4e25-a3ce-ff4b44ce8d19,1780920098,71741440.0
memory_working_set,minikube,kube-controller-manager-minikube,kube-system,/kubepods/burstable/pod740363cf4388c2d0df59fc97f96b889c,1780920098,96243712.0
memory_working_set,minikube,chaos-dashboard-5b77585c6c-zm7f4,chaos-testing,/kubepods/burstable/pod7d3e8284-7c72-4577-a8fb-79d957f69104,1780920098,48488448.0
memory_working_set,minikube,chaos-dns-server-6bccb5bb76-gscmn,chaos-testing,/kubepods/burstable/pod8a82a436-ef3f-4750-8f39-dbfde680d0b8,1780920098,28446720.0
memory_working_set,minikube,coredns-7d764666f9-gmlgd,kube-system,/kubepods/burstable/pod9289fad3-6e91-4617-b97d-6da4631c2f35,1780920098,29573120.0
memory_working_set,minikube,adservice-8576649cff-5bvst,boutique,/kubepods/burstable/pod9d685cd3-17df-43af-a26e-7743c006902d,1780920098,112422912.0
memory_working_set,minikube,kube-apiserver-minikube,kube-system,/kubepods/burstable/poda6dc00f40d27725f15407f95751ce5f7,1780920098,539357184.0
memory_working_set,minikube,alertmanager-monitoring-kube-prometheus-alertmanager-0,monitoring,/kubepods/burstable/podb5fde93f-2f9a-427f-aa16-8a257f179975,1780920098,54345728.0
memory_working_set,minikube,currencyservice-fd8f5dfb7-js8gr,boutique,/kubepods/burstable/podc827ec2d-8a9d-4e1c-8017-62c3901eccb4,1780920098,109989888.0
memory_working_set,minikube,redis-cart-6899b65948-ms767,boutique,/kubepods/burstable/podd425db0f-53f9-4bec-9ee1-49e4ced03bb6,1780920098,13647872.0
memory_working_set,minikube,chaos-controller-manager-659785674d-wbwg8,chaos-testing,/kubepods/burstable/podd7abbfc2-2af5-4b28-b438-3ebef4bafcce,1780920098,27824128.0
memory_working_set,minikube,paymentservice-6b76dfb449-n8mm2,boutique,/kubepods/burstable/podd9986049-5066-4a99-a156-0bc7b2391961,1780920098,76906496.0
memory_working_set,minikube,checkoutservice-75b9cd684f-vzdsz,boutique,/kubepods/burstable/pod5827d8c7-6a98-4352-9825-164648474ddc,1780920098,17702912.0
memory_working_set,minikube,frontend-694b9f76cd-z2pk6,boutique,/kubepods/burstable/podcf6049c2-3667-4622-87ba-b06efa553d48,1780920098,23322624.0
memory_working_set,minikube,productcatalogservice-fb49fc9cc-wptz6,boutique,/kubepods/burstable/pode9d4586d-6739-497d-ae8d-4fd70972eea8,1780920098,18333696.0
memory_working_set,minikube,loadgenerator-7694cd65db-bdz8c,boutique,/kubepods/burstable/pod38d6ef8e-d456-4bd4-95a0-ea6760631a9d,1780920098,77463552.0
cpu_rate,minikube,kube-proxy-fshvh,kube-system,/kubepods/besteffort/pod2f4efb93-ee48-4c37-b1e1-6f2e54a917c7,1780920128,0.0005272846680465014
cpu_rate,minikube,monitoring-kube-state-metrics-868694bc4b-689cm,monitoring,/kubepods/besteffort/pod59c52cc8-67e3-4946-aac6-7ff0ef74285f,1780920128,0.0010474806016815103
cpu_rate,minikube,prometheus-monitoring-kube-prometheus-prometheus-0,monitoring,/kubepods/besteffort/pod6bff50b8-f988-4ff2-a8c1-8f95f2c25189,1780920128,0.01601497676020028
cpu_rate,minikube,storage-provisioner,kube-system,/kubepods/besteffort/pod9bffcac8-a0cd-49a4-ad59-cdbf60a579cb,1780920128,0.0018591588445337533
cpu_rate,minikube,monitoring-grafana-6f66955c48-hlrcn,monitoring,/kubepods/besteffort/pod9d3fe3f0-8989-47b4-8478-0ae7be66df8d,1780920128,0.012496311806976699
cpu_rate,minikube,chaos-daemon-n6ghj,chaos-testing,/kubepods/besteffort/poda051be83-a7cd-43e4-83d3-76f3c90e8474,1780920128,2.8836251287334582e-05
cpu_rate,minikube,monitoring-kube-prometheus-operator-556b56cc6d-n6dg9,monitoring,/kubepods/besteffort/podc8122519-a592-495f-9353-00a2f23fdf80,1780920128,0.003083246981315225
cpu_rate,minikube,monitoring-prometheus-node-exporter-pdw8p,monitoring,/kubepods/besteffort/podd35abb3b-34f0-40fa-af55-3ab246fc64c8,1780920128,0.001379813325999637
cpu_rate,minikube,kube-scheduler-minikube,kube-system,/kubepods/burstable/pod1c7123a121598343200ffd5b015ca580,1780920128,0.005734956410801421
cpu_rate,minikube,shippingservice-55656785c7-lk4mx,boutique,/kubepods/burstable/pod1df51271-c9ea-47fa-8fb2-cf15bbc7c216,1780920128,0.0010988303992845209
cpu_rate,minikube,chaos-controller-manager-659785674d-29q42,chaos-testing,/kubepods/burstable/pod21ab858c-cee8-438c-8682-c786dc3dc044,1780920128,0.0005046340326340285
cpu_rate,minikube,chaos-controller-manager-659785674d-fjb2r,chaos-testing,/kubepods/burstable/pod2569141a-4d05-422e-bcf2-2f01e2f5056d,1780920128,0.005919202670757858
cpu_rate,minikube,coredns-7d764666f9-hxxb8,kube-system,/kubepods/burstable/pod596c18fb-891c-4e87-9b11-83d99dd6d264,1780920128,0.002481998590960697
cpu_rate,minikube,recommendationservice-6f8f67d69-fhrns,boutique,/kubepods/burstable/pod5ded7b1a-44d9-4178-8596-57a9e25f6171,1780920128,0.006470655146627816
cpu_rate,minikube,etcd-minikube,kube-system,/kubepods/burstable/pod5ff8e3b06bbaa8cb7ebc2bf531e48a2f,1780920128,0.03125658234886668
cpu_rate,minikube,emailservice-7466dc585-sv4wh,boutique,/kubepods/burstable/pod6116940a-da83-4761-97dc-892a207b789e,1780920128,0.0016417668746832417
cpu_rate,minikube,cartservice-546c548494-cb4lb,boutique,/kubepods/burstable/pod6ec732c5-cf34-4e25-a3ce-ff4b44ce8d19,1780920128,0.004265433556484757
cpu_rate,minikube,kube-controller-manager-minikube,kube-system,/kubepods/burstable/pod740363cf4388c2d0df59fc97f96b889c,1780920128,0.015771628006873012
cpu_rate,minikube,chaos-dashboard-5b77585c6c-zm7f4,chaos-testing,/kubepods/burstable/pod7d3e8284-7c72-4577-a8fb-79d957f69104,1780920128,0.0028068566773625818
cpu_rate,minikube,chaos-dns-server-6bccb5bb76-gscmn,chaos-testing,/kubepods/burstable/pod8a82a436-ef3f-4750-8f39-dbfde680d0b8,1780920128,0.0024434751558174784
cpu_rate,minikube,coredns-7d764666f9-gmlgd,kube-system,/kubepods/burstable/pod9289fad3-6e91-4617-b97d-6da4631c2f35,1780920128,0.0023503220359883206
cpu_rate,minikube,adservice-8576649cff-5bvst,boutique,/kubepods/burstable/pod9d685cd3-17df-43af-a26e-7743c006902d,1780920128,0.0016828550115818607
cpu_rate,minikube,kube-apiserver-minikube,kube-system,/kubepods/burstable/poda6dc00f40d27725f15407f95751ce5f7,1780920128,0.04533247638888913
cpu_rate,minikube,alertmanager-monitoring-kube-prometheus-alertmanager-0,monitoring,/kubepods/burstable/podb5fde93f-2f9a-427f-aa16-8a257f179975,1780920128,0.0007161565626839163
cpu_rate,minikube,currencyservice-fd8f5dfb7-js8gr,boutique,/kubepods/burstable/podc827ec2d-8a9d-4e1c-8017-62c3901eccb4,1780920128,0.009063219903604628
cpu_rate,minikube,redis-cart-6899b65948-ms767,boutique,/kubepods/burstable/podd425db0f-53f9-4bec-9ee1-49e4ced03bb6,1780920128,0.0022799809480420112
cpu_rate,minikube,chaos-controller-manager-659785674d-wbwg8,chaos-testing,/kubepods/burstable/podd7abbfc2-2af5-4b28-b438-3ebef4bafcce,1780920128,0.0004370447047897265
cpu_rate,minikube,paymentservice-6b76dfb449-n8mm2,boutique,/kubepods/burstable/podd9986049-5066-4a99-a156-0bc7b2391961,1780920128,0.0006030154644163449
cpu_rate,minikube,checkoutservice-75b9cd684f-vzdsz,boutique,/kubepods/burstable/pod5827d8c7-6a98-4352-9825-164648474ddc,1780920128,0.0010841946751256532
cpu_rate,minikube,frontend-694b9f76cd-z2pk6,boutique,/kubepods/burstable/podcf6049c2-3667-4622-87ba-b06efa553d48,1780920128,0.01600676400148337
cpu_rate,minikube,productcatalogservice-fb49fc9cc-wptz6,boutique,/kubepods/burstable/pode9d4586d-6739-497d-ae8d-4fd70972eea8,1780920128,0.0071296542621750395
cpu_rate,minikube,loadgenerator-7694cd65db-bdz8c,boutique,/kubepods/burstable/pod38d6ef8e-d456-4bd4-95a0-ea6760631a9d,1780920128,0.0034565242548974975
memory_working_set,minikube,kube-proxy-fshvh,kube-system,/kubepods/besteffort/pod2f4efb93-ee48-4c37-b1e1-6f2e54a917c7,1780920128,39337984.0
memory_working_set,minikube,monitoring-kube-state-metrics-868694bc4b-689cm,monitoring,/kubepods/besteffort/pod59c52cc8-67e3-4946-aac6-7ff0ef74285f,1780920128,38850560.0
memory_working_set,minikube,prometheus-monitoring-kube-prometheus-prometheus-0,monitoring,/kubepods/besteffort/pod6bff50b8-f988-4ff2-a8c1-8f95f2c25189,1780920128,323584000.0
memory_working_set,minikube,storage-provisioner,kube-system,/kubepods/besteffort/pod9bffcac8-a0cd-49a4-ad59-cdbf60a579cb,1780920128,21209088.0
memory_working_set,minikube,monitoring-grafana-6f66955c48-hlrcn,monitoring,/kubepods/besteffort/pod9d3fe3f0-8989-47b4-8478-0ae7be66df8d,1780920128,405442560.0
memory_working_set,minikube,chaos-daemon-n6ghj,chaos-testing,/kubepods/besteffort/poda051be83-a7cd-43e4-83d3-76f3c90e8474,1780920128,19378176.0
memory_working_set,minikube,monitoring-kube-prometheus-operator-556b56cc6d-n6dg9,monitoring,/kubepods/besteffort/podc8122519-a592-495f-9353-00a2f23fdf80,1780920128,41086976.0
memory_working_set,minikube,monitoring-prometheus-node-exporter-pdw8p,monitoring,/kubepods/besteffort/podd35abb3b-34f0-40fa-af55-3ab246fc64c8,1780920128,19828736.0
memory_working_set,minikube,kube-scheduler-minikube,kube-system,/kubepods/burstable/pod1c7123a121598343200ffd5b015ca580,1780920128,40890368.0
memory_working_set,minikube,shippingservice-55656785c7-lk4mx,boutique,/kubepods/burstable/pod1df51271-c9ea-47fa-8fb2-cf15bbc7c216,1780920128,14942208.0
memory_working_set,minikube,chaos-controller-manager-659785674d-29q42,chaos-testing,/kubepods/burstable/pod21ab858c-cee8-438c-8682-c786dc3dc044,1780920128,29597696.0
memory_working_set,minikube,chaos-controller-manager-659785674d-fjb2r,chaos-testing,/kubepods/burstable/pod2569141a-4d05-422e-bcf2-2f01e2f5056d,1780920128,36413440.0
memory_working_set,minikube,coredns-7d764666f9-hxxb8,kube-system,/kubepods/burstable/pod596c18fb-891c-4e87-9b11-83d99dd6d264,1780920128,38092800.0
memory_working_set,minikube,recommendationservice-6f8f67d69-fhrns,boutique,/kubepods/burstable/pod5ded7b1a-44d9-4178-8596-57a9e25f6171,1780920128,57962496.0
memory_working_set,minikube,etcd-minikube,kube-system,/kubepods/burstable/pod5ff8e3b06bbaa8cb7ebc2bf531e48a2f,1780920128,89403392.0
memory_working_set,minikube,emailservice-7466dc585-sv4wh,boutique,/kubepods/burstable/pod6116940a-da83-4761-97dc-892a207b789e,1780920128,53137408.0
memory_working_set,minikube,cartservice-546c548494-cb4lb,boutique,/kubepods/burstable/pod6ec732c5-cf34-4e25-a3ce-ff4b44ce8d19,1780920128,71737344.0
memory_working_set,minikube,kube-controller-manager-minikube,kube-system,/kubepods/burstable/pod740363cf4388c2d0df59fc97f96b889c,1780920128,96235520.0
memory_working_set,minikube,chaos-dashboard-5b77585c6c-zm7f4,chaos-testing,/kubepods/burstable/pod7d3e8284-7c72-4577-a8fb-79d957f69104,1780920128,48488448.0
memory_working_set,minikube,chaos-dns-server-6bccb5bb76-gscmn,chaos-testing,/kubepods/burstable/pod8a82a436-ef3f-4750-8f39-dbfde680d0b8,1780920128,28446720.0
memory_working_set,minikube,coredns-7d764666f9-gmlgd,kube-system,/kubepods/burstable/pod9289fad3-6e91-4617-b97d-6da4631c2f35,1780920128,29593600.0
memory_working_set,minikube,adservice-8576649cff-5bvst,boutique,/kubepods/burstable/pod9d685cd3-17df-43af-a26e-7743c006902d,1780920128,112422912.0
memory_working_set,minikube,kube-apiserver-minikube,kube-system,/kubepods/burstable/poda6dc00f40d27725f15407f95751ce5f7,1780920128,535658496.0
memory_working_set,minikube,alertmanager-monitoring-kube-prometheus-alertmanager-0,monitoring,/kubepods/burstable/podb5fde93f-2f9a-427f-aa16-8a257f179975,1780920128,54439936.0
memory_working_set,minikube,currencyservice-fd8f5dfb7-js8gr,boutique,/kubepods/burstable/podc827ec2d-8a9d-4e1c-8017-62c3901eccb4,1780920128,110686208.0
memory_working_set,minikube,redis-cart-6899b65948-ms767,boutique,/kubepods/burstable/podd425db0f-53f9-4bec-9ee1-49e4ced03bb6,1780920128,13647872.0
memory_working_set,minikube,chaos-controller-manager-659785674d-wbwg8,chaos-testing,/kubepods/burstable/podd7abbfc2-2af5-4b28-b438-3ebef4bafcce,1780920128,27824128.0
memory_working_set,minikube,paymentservice-6b76dfb449-n8mm2,boutique,/kubepods/burstable/podd9986049-5066-4a99-a156-0bc7b2391961,1780920128,77328384.0
memory_working_set,minikube,checkoutservice-75b9cd684f-vzdsz,boutique,/kubepods/burstable/pod5827d8c7-6a98-4352-9825-164648474ddc,1780920128,17719296.0
memory_working_set,minikube,frontend-694b9f76cd-z2pk6,boutique,/kubepods/burstable/podcf6049c2-3667-4622-87ba-b06efa553d48,1780920128,23400448.0
memory_working_set,minikube,productcatalogservice-fb49fc9cc-wptz6,boutique,/kubepods/burstable/pode9d4586d-6739-497d-ae8d-4fd70972eea8,1780920128,18624512.0
memory_working_set,minikube,loadgenerator-7694cd65db-bdz8c,boutique,/kubepods/burstable/pod38d6ef8e-d456-4bd4-95a0-ea6760631a9d,1780920128,77471744.0
cpu_rate,minikube,kube-proxy-fshvh,kube-system,/kubepods/besteffort/pod2f4efb93-ee48-4c37-b1e1-6f2e54a917c7,1780920157,0.00039208690772065145
cpu_rate,minikube,monitoring-kube-state-metrics-868694bc4b-689cm,monitoring,/kubepods/besteffort/pod59c52cc8-67e3-4946-aac6-7ff0ef74285f,1780920157,0.0009851137682374543
cpu_rate,minikube,prometheus-monitoring-kube-prometheus-prometheus-0,monitoring,/kubepods/besteffort/pod6bff50b8-f988-4ff2-a8c1-8f95f2c25189,1780920157,0.01528877527306554
cpu_rate,minikube,storage-provisioner,kube-system,/kubepods/besteffort/pod9bffcac8-a0cd-49a4-ad59-cdbf60a579cb,1780920157,0.001992134868748552
cpu_rate,minikube,monitoring-grafana-6f66955c48-hlrcn,monitoring,/kubepods/besteffort/pod9d3fe3f0-8989-47b4-8478-0ae7be66df8d,1780920157,0.012394340111864202
cpu_rate,minikube,chaos-daemon-n6ghj,chaos-testing,/kubepods/besteffort/poda051be83-a7cd-43e4-83d3-76f3c90e8474,1780920157,2.036408287007372e-06
cpu_rate,minikube,monitoring-kube-prometheus-operator-556b56cc6d-n6dg9,monitoring,/kubepods/besteffort/podc8122519-a592-495f-9353-00a2f23fdf80,1780920157,0.003204945480421039
cpu_rate,minikube,monitoring-prometheus-node-exporter-pdw8p,monitoring,/kubepods/besteffort/podd35abb3b-34f0-40fa-af55-3ab246fc64c8,1780920157,0.001391101224009099
cpu_rate,minikube,kube-scheduler-minikube,kube-system,/kubepods/burstable/pod1c7123a121598343200ffd5b015ca580,1780920157,0.0055919422880589004
cpu_rate,minikube,shippingservice-55656785c7-lk4mx,boutique,/kubepods/burstable/pod1df51271-c9ea-47fa-8fb2-cf15bbc7c216,1780920157,0.0011317878720895976
cpu_rate,minikube,chaos-controller-manager-659785674d-29q42,chaos-testing,/kubepods/burstable/pod21ab858c-cee8-438c-8682-c786dc3dc044,1780920157,0.0005073468139193858
cpu_rate,minikube,chaos-controller-manager-659785674d-fjb2r,chaos-testing,/kubepods/burstable/pod2569141a-4d05-422e-bcf2-2f01e2f5056d,1780920157,0.005801683151567756
cpu_rate,minikube,coredns-7d764666f9-hxxb8,kube-system,/kubepods/burstable/pod596c18fb-891c-4e87-9b11-83d99dd6d264,1780920157,0.0026875126239552832
cpu_rate,minikube,recommendationservice-6f8f67d69-fhrns,boutique,/kubepods/burstable/pod5ded7b1a-44d9-4178-8596-57a9e25f6171,1780920157,0.005909023680260175
cpu_rate,minikube,etcd-minikube,kube-system,/kubepods/burstable/pod5ff8e3b06bbaa8cb7ebc2bf531e48a2f,1780920157,0.026878602596003987
cpu_rate,minikube,emailservice-7466dc585-sv4wh,boutique,/kubepods/burstable/pod6116940a-da83-4761-97dc-892a207b789e,1780920157,0.0017363097102781689
cpu_rate,minikube,cartservice-546c548494-cb4lb,boutique,/kubepods/burstable/pod6ec732c5-cf34-4e25-a3ce-ff4b44ce8d19,1780920157,0.004305402265466036
cpu_rate,minikube,kube-controller-manager-minikube,kube-system,/kubepods/burstable/pod740363cf4388c2d0df59fc97f96b889c,1780920157,0.015628205128205293
cpu_rate,minikube,chaos-dashboard-5b77585c6c-zm7f4,chaos-testing,/kubepods/burstable/pod7d3e8284-7c72-4577-a8fb-79d957f69104,1780920157,0.002737243014262962
cpu_rate,minikube,chaos-dns-server-6bccb5bb76-gscmn,chaos-testing,/kubepods/burstable/pod8a82a436-ef3f-4750-8f39-dbfde680d0b8,1780920157,0.0025200110972965614
cpu_rate,minikube,coredns-7d764666f9-gmlgd,kube-system,/kubepods/burstable/pod9289fad3-6e91-4617-b97d-6da4631c2f35,1780920157,0.0023942902101832682
cpu_rate,minikube,adservice-8576649cff-5bvst,boutique,/kubepods/burstable/pod9d685cd3-17df-43af-a26e-7743c006902d,1780920157,0.0015351087675642583
cpu_rate,minikube,kube-apiserver-minikube,kube-system,/kubepods/burstable/poda6dc00f40d27725f15407f95751ce5f7,1780920157,0.06441439606669332
cpu_rate,minikube,alertmanager-monitoring-kube-prometheus-alertmanager-0,monitoring,/kubepods/burstable/podb5fde93f-2f9a-427f-aa16-8a257f179975,1780920157,0.0006500824682254848
cpu_rate,minikube,currencyservice-fd8f5dfb7-js8gr,boutique,/kubepods/burstable/podc827ec2d-8a9d-4e1c-8017-62c3901eccb4,1780920157,0.008616926321795624
cpu_rate,minikube,redis-cart-6899b65948-ms767,boutique,/kubepods/burstable/podd425db0f-53f9-4bec-9ee1-49e4ced03bb6,1780920157,0.002205996684665132
cpu_rate,minikube,chaos-controller-manager-659785674d-wbwg8,chaos-testing,/kubepods/burstable/podd7abbfc2-2af5-4b28-b438-3ebef4bafcce,1780920157,0.00042430799917205647
cpu_rate,minikube,paymentservice-6b76dfb449-n8mm2,boutique,/kubepods/burstable/podd9986049-5066-4a99-a156-0bc7b2391961,1780920157,0.0005923156942999392
cpu_rate,minikube,checkoutservice-75b9cd684f-vzdsz,boutique,/kubepods/burstable/pod5827d8c7-6a98-4352-9825-164648474ddc,1780920157,0.0009180200069267445
cpu_rate,minikube,frontend-694b9f76cd-z2pk6,boutique,/kubepods/burstable/podcf6049c2-3667-4622-87ba-b06efa553d48,1780920157,0.013154437546499406
cpu_rate,minikube,productcatalogservice-fb49fc9cc-wptz6,boutique,/kubepods/burstable/pode9d4586d-6739-497d-ae8d-4fd70972eea8,1780920157,0.005743059502437124
cpu_rate,minikube,loadgenerator-7694cd65db-bdz8c,boutique,/kubepods/burstable/pod38d6ef8e-d456-4bd4-95a0-ea6760631a9d,1780920157,0.0035817075787686766
memory_working_set,minikube,kube-proxy-fshvh,kube-system,/kubepods/besteffort/pod2f4efb93-ee48-4c37-b1e1-6f2e54a917c7,1780920157,39346176.0
memory_working_set,minikube,monitoring-kube-state-metrics-868694bc4b-689cm,monitoring,/kubepods/besteffort/pod59c52cc8-67e3-4946-aac6-7ff0ef74285f,1780920157,38850560.0
memory_working_set,minikube,prometheus-monitoring-kube-prometheus-prometheus-0,monitoring,/kubepods/besteffort/pod6bff50b8-f988-4ff2-a8c1-8f95f2c25189,1780920157,321208320.0
memory_working_set,minikube,storage-provisioner,kube-system,/kubepods/besteffort/pod9bffcac8-a0cd-49a4-ad59-cdbf60a579cb,1780920157,20881408.0
memory_working_set,minikube,monitoring-grafana-6f66955c48-hlrcn,monitoring,/kubepods/besteffort/pod9d3fe3f0-8989-47b4-8478-0ae7be66df8d,1780920157,405479424.0
memory_working_set,minikube,chaos-daemon-n6ghj,chaos-testing,/kubepods/besteffort/poda051be83-a7cd-43e4-83d3-76f3c90e8474,1780920157,19378176.0
memory_working_set,minikube,monitoring-kube-prometheus-operator-556b56cc6d-n6dg9,monitoring,/kubepods/besteffort/podc8122519-a592-495f-9353-00a2f23fdf80,1780920157,40505344.0
memory_working_set,minikube,monitoring-prometheus-node-exporter-pdw8p,monitoring,/kubepods/besteffort/podd35abb3b-34f0-40fa-af55-3ab246fc64c8,1780920157,18587648.0
memory_working_set,minikube,kube-scheduler-minikube,kube-system,/kubepods/burstable/pod1c7123a121598343200ffd5b015ca580,1780920157,40898560.0
memory_working_set,minikube,shippingservice-55656785c7-lk4mx,boutique,/kubepods/burstable/pod1df51271-c9ea-47fa-8fb2-cf15bbc7c216,1780920157,14942208.0
memory_working_set,minikube,chaos-controller-manager-659785674d-29q42,chaos-testing,/kubepods/burstable/pod21ab858c-cee8-438c-8682-c786dc3dc044,1780920157,29601792.0
memory_working_set,minikube,chaos-controller-manager-659785674d-fjb2r,chaos-testing,/kubepods/burstable/pod2569141a-4d05-422e-bcf2-2f01e2f5056d,1780920157,36413440.0
memory_working_set,minikube,coredns-7d764666f9-hxxb8,kube-system,/kubepods/burstable/pod596c18fb-891c-4e87-9b11-83d99dd6d264,1780920157,38797312.0
memory_working_set,minikube,recommendationservice-6f8f67d69-fhrns,boutique,/kubepods/burstable/pod5ded7b1a-44d9-4178-8596-57a9e25f6171,1780920157,57962496.0
memory_working_set,minikube,etcd-minikube,kube-system,/kubepods/burstable/pod5ff8e3b06bbaa8cb7ebc2bf531e48a2f,1780920157,89128960.0
memory_working_set,minikube,emailservice-7466dc585-sv4wh,boutique,/kubepods/burstable/pod6116940a-da83-4761-97dc-892a207b789e,1780920157,53137408.0
memory_working_set,minikube,cartservice-546c548494-cb4lb,boutique,/kubepods/burstable/pod6ec732c5-cf34-4e25-a3ce-ff4b44ce8d19,1780920157,71774208.0
memory_working_set,minikube,kube-controller-manager-minikube,kube-system,/kubepods/burstable/pod740363cf4388c2d0df59fc97f96b889c,1780920157,96276480.0
memory_working_set,minikube,chaos-dashboard-5b77585c6c-zm7f4,chaos-testing,/kubepods/burstable/pod7d3e8284-7c72-4577-a8fb-79d957f69104,1780920157,48754688.0
memory_working_set,minikube,chaos-dns-server-6bccb5bb76-gscmn,chaos-testing,/kubepods/burstable/pod8a82a436-ef3f-4750-8f39-dbfde680d0b8,1780920157,28450816.0
memory_working_set,minikube,coredns-7d764666f9-gmlgd,kube-system,/kubepods/burstable/pod9289fad3-6e91-4617-b97d-6da4631c2f35,1780920157,29663232.0
memory_working_set,minikube,adservice-8576649cff-5bvst,boutique,/kubepods/burstable/pod9d685cd3-17df-43af-a26e-7743c006902d,1780920157,112689152.0
memory_working_set,minikube,kube-apiserver-minikube,kube-system,/kubepods/burstable/poda6dc00f40d27725f15407f95751ce5f7,1780920157,579104768.0
memory_working_set,minikube,alertmanager-monitoring-kube-prometheus-alertmanager-0,monitoring,/kubepods/burstable/podb5fde93f-2f9a-427f-aa16-8a257f179975,1780920157,54546432.0
memory_working_set,minikube,currencyservice-fd8f5dfb7-js8gr,boutique,/kubepods/burstable/podc827ec2d-8a9d-4e1c-8017-62c3901eccb4,1780920157,110940160.0
memory_working_set,minikube,redis-cart-6899b65948-ms767,boutique,/kubepods/burstable/podd425db0f-53f9-4bec-9ee1-49e4ced03bb6,1780920157,13647872.0
memory_working_set,minikube,chaos-controller-manager-659785674d-wbwg8,chaos-testing,/kubepods/burstable/podd7abbfc2-2af5-4b28-b438-3ebef4bafcce,1780920157,27824128.0
memory_working_set,minikube,paymentservice-6b76dfb449-n8mm2,boutique,/kubepods/burstable/podd9986049-5066-4a99-a156-0bc7b2391961,1780920157,77742080.0
memory_working_set,minikube,checkoutservice-75b9cd684f-vzdsz,boutique,/kubepods/burstable/pod5827d8c7-6a98-4352-9825-164648474ddc,1780920157,17719296.0
memory_working_set,minikube,frontend-694b9f76cd-z2pk6,boutique,/kubepods/burstable/podcf6049c2-3667-4622-87ba-b06efa553d48,1780920157,23945216.0
memory_working_set,minikube,productcatalogservice-fb49fc9cc-wptz6,boutique,/kubepods/burstable/pode9d4586d-6739-497d-ae8d-4fd70972eea8,1780920157,18612224.0
memory_working_set,minikube,loadgenerator-7694cd65db-bdz8c,boutique,/kubepods/burstable/pod38d6ef8e-d456-4bd4-95a0-ea6760631a9d,1780920157,77475840.0
cpu_rate,minikube,kube-proxy-fshvh,kube-system,/kubepods/besteffort/pod2f4efb93-ee48-4c37-b1e1-6f2e54a917c7,1780920186,0.0005117242696200203
cpu_rate,minikube,monitoring-kube-state-metrics-868694bc4b-689cm,monitoring,/kubepods/besteffort/pod59c52cc8-67e3-4946-aac6-7ff0ef74285f,1780920186,0.0010889424120123425
cpu_rate,minikube,prometheus-monitoring-kube-prometheus-prometheus-0,monitoring,/kubepods/besteffort/pod6bff50b8-f988-4ff2-a8c1-8f95f2c25189,1780920186,0.015290222226349662
cpu_rate,minikube,storage-provisioner,kube-system,/kubepods/besteffort/pod9bffcac8-a0cd-49a4-ad59-cdbf60a579cb,1780920186,0.001655212865609653
cpu_rate,minikube,monitoring-grafana-6f66955c48-hlrcn,monitoring,/kubepods/besteffort/pod9d3fe3f0-8989-47b4-8478-0ae7be66df8d,1780920186,0.011410812195577212
cpu_rate,minikube,chaos-daemon-n6ghj,chaos-testing,/kubepods/besteffort/poda051be83-a7cd-43e4-83d3-76f3c90e8474,1780920186,2.5835612342703378e-05
cpu_rate,minikube,monitoring-kube-prometheus-operator-556b56cc6d-n6dg9,monitoring,/kubepods/besteffort/podc8122519-a592-495f-9353-00a2f23fdf80,1780920186,0.00320373426466072
cpu_rate,minikube,monitoring-prometheus-node-exporter-pdw8p,monitoring,/kubepods/besteffort/podd35abb3b-34f0-40fa-af55-3ab246fc64c8,1780920186,0.0013756962710815238
cpu_rate,minikube,kube-scheduler-minikube,kube-system,/kubepods/burstable/pod1c7123a121598343200ffd5b015ca580,1780920186,0.005357901265424178
cpu_rate,minikube,shippingservice-55656785c7-lk4mx,boutique,/kubepods/burstable/pod1df51271-c9ea-47fa-8fb2-cf15bbc7c216,1780920186,0.0010700747648081338
cpu_rate,minikube,chaos-controller-manager-659785674d-29q42,chaos-testing,/kubepods/burstable/pod21ab858c-cee8-438c-8682-c786dc3dc044,1780920186,0.00049291572017094
cpu_rate,minikube,chaos-controller-manager-659785674d-fjb2r,chaos-testing,/kubepods/burstable/pod2569141a-4d05-422e-bcf2-2f01e2f5056d,1780920186,0.005554263409669904
cpu_rate,minikube,coredns-7d764666f9-hxxb8,kube-system,/kubepods/burstable/pod596c18fb-891c-4e87-9b11-83d99dd6d264,1780920186,0.002209176058899846
cpu_rate,minikube,recommendationservice-6f8f67d69-fhrns,boutique,/kubepods/burstable/pod5ded7b1a-44d9-4178-8596-57a9e25f6171,1780920186,0.006064530534777299
cpu_rate,minikube,etcd-minikube,kube-system,/kubepods/burstable/pod5ff8e3b06bbaa8cb7ebc2bf531e48a2f,1780920186,0.0298430587695711
cpu_rate,minikube,emailservice-7466dc585-sv4wh,boutique,/kubepods/burstable/pod6116940a-da83-4761-97dc-892a207b789e,1780920186,0.0017440638834170226
cpu_rate,minikube,cartservice-546c548494-cb4lb,boutique,/kubepods/burstable/pod6ec732c5-cf34-4e25-a3ce-ff4b44ce8d19,1780920186,0.004152508401224548
cpu_rate,minikube,kube-controller-manager-minikube,kube-system,/kubepods/burstable/pod740363cf4388c2d0df59fc97f96b889c,1780920186,0.012970657453966309
cpu_rate,minikube,chaos-dashboard-5b77585c6c-zm7f4,chaos-testing,/kubepods/burstable/pod7d3e8284-7c72-4577-a8fb-79d957f69104,1780920186,0.002273237464954004
cpu_rate,minikube,chaos-dns-server-6bccb5bb76-gscmn,chaos-testing,/kubepods/burstable/pod8a82a436-ef3f-4750-8f39-dbfde680d0b8,1780920186,0.0023529181315921975
cpu_rate,minikube,coredns-7d764666f9-gmlgd,kube-system,/kubepods/burstable/pod9289fad3-6e91-4617-b97d-6da4631c2f35,1780920186,0.0022786587509276215
cpu_rate,minikube,adservice-8576649cff-5bvst,boutique,/kubepods/burstable/pod9d685cd3-17df-43af-a26e-7743c006902d,1780920186,0.0013807027072192343
cpu_rate,minikube,kube-apiserver-minikube,kube-system,/kubepods/burstable/poda6dc00f40d27725f15407f95751ce5f7,1780920186,0.061801910668058346
cpu_rate,minikube,alertmanager-monitoring-kube-prometheus-alertmanager-0,monitoring,/kubepods/burstable/podb5fde93f-2f9a-427f-aa16-8a257f179975,1780920186,0.0007104429479275498
cpu_rate,minikube,currencyservice-fd8f5dfb7-js8gr,boutique,/kubepods/burstable/podc827ec2d-8a9d-4e1c-8017-62c3901eccb4,1780920186,0.008185210816617343
cpu_rate,minikube,redis-cart-6899b65948-ms767,boutique,/kubepods/burstable/podd425db0f-53f9-4bec-9ee1-49e4ced03bb6,1780920186,0.0020967353465025356
cpu_rate,minikube,chaos-controller-manager-659785674d-wbwg8,chaos-testing,/kubepods/burstable/podd7abbfc2-2af5-4b28-b438-3ebef4bafcce,1780920186,0.0004292342645035276
cpu_rate,minikube,paymentservice-6b76dfb449-n8mm2,boutique,/kubepods/burstable/podd9986049-5066-4a99-a156-0bc7b2391961,1780920186,0.0005212709385709236
cpu_rate,minikube,checkoutservice-75b9cd684f-vzdsz,boutique,/kubepods/burstable/pod5827d8c7-6a98-4352-9825-164648474ddc,1780920186,0.0010454598899043402
cpu_rate,minikube,frontend-694b9f76cd-z2pk6,boutique,/kubepods/burstable/podcf6049c2-3667-4622-87ba-b06efa553d48,1780920186,0.013330492611724098
cpu_rate,minikube,productcatalogservice-fb49fc9cc-wptz6,boutique,/kubepods/burstable/pode9d4586d-6739-497d-ae8d-4fd70972eea8,1780920186,0.005876204995253199
cpu_rate,minikube,loadgenerator-7694cd65db-bdz8c,boutique,/kubepods/burstable/pod38d6ef8e-d456-4bd4-95a0-ea6760631a9d,1780920186,0.003482875836797283
memory_working_set,minikube,kube-proxy-fshvh,kube-system,/kubepods/besteffort/pod2f4efb93-ee48-4c37-b1e1-6f2e54a917c7,1780920186,36765696.0
memory_working_set,minikube,monitoring-kube-state-metrics-868694bc4b-689cm,monitoring,/kubepods/besteffort/pod59c52cc8-67e3-4946-aac6-7ff0ef74285f,1780920186,38674432.0
memory_working_set,minikube,prometheus-monitoring-kube-prometheus-prometheus-0,monitoring,/kubepods/besteffort/pod6bff50b8-f988-4ff2-a8c1-8f95f2c25189,1780920186,317698048.0
memory_working_set,minikube,storage-provisioner,kube-system,/kubepods/besteffort/pod9bffcac8-a0cd-49a4-ad59-cdbf60a579cb,1780920186,20946944.0
memory_working_set,minikube,monitoring-grafana-6f66955c48-hlrcn,monitoring,/kubepods/besteffort/pod9d3fe3f0-8989-47b4-8478-0ae7be66df8d,1780920186,404660224.0
memory_working_set,minikube,chaos-daemon-n6ghj,chaos-testing,/kubepods/besteffort/poda051be83-a7cd-43e4-83d3-76f3c90e8474,1780920186,19238912.0
memory_working_set,minikube,monitoring-kube-prometheus-operator-556b56cc6d-n6dg9,monitoring,/kubepods/besteffort/podc8122519-a592-495f-9353-00a2f23fdf80,1780920186,40779776.0
memory_working_set,minikube,monitoring-prometheus-node-exporter-pdw8p,monitoring,/kubepods/besteffort/podd35abb3b-34f0-40fa-af55-3ab246fc64c8,1780920186,19841024.0
memory_working_set,minikube,kube-scheduler-minikube,kube-system,/kubepods/burstable/pod1c7123a121598343200ffd5b015ca580,1780920186,40706048.0
memory_working_set,minikube,shippingservice-55656785c7-lk4mx,boutique,/kubepods/burstable/pod1df51271-c9ea-47fa-8fb2-cf15bbc7c216,1780920186,15028224.0
memory_working_set,minikube,chaos-controller-manager-659785674d-29q42,chaos-testing,/kubepods/burstable/pod21ab858c-cee8-438c-8682-c786dc3dc044,1780920186,29605888.0
memory_working_set,minikube,chaos-controller-manager-659785674d-fjb2r,chaos-testing,/kubepods/burstable/pod2569141a-4d05-422e-bcf2-2f01e2f5056d,1780920186,36511744.0
memory_working_set,minikube,coredns-7d764666f9-hxxb8,kube-system,/kubepods/burstable/pod596c18fb-891c-4e87-9b11-83d99dd6d264,1780920186,38739968.0
memory_working_set,minikube,recommendationservice-6f8f67d69-fhrns,boutique,/kubepods/burstable/pod5ded7b1a-44d9-4178-8596-57a9e25f6171,1780920186,57847808.0
memory_working_set,minikube,etcd-minikube,kube-system,/kubepods/burstable/pod5ff8e3b06bbaa8cb7ebc2bf531e48a2f,1780920186,91336704.0
memory_working_set,minikube,emailservice-7466dc585-sv4wh,boutique,/kubepods/burstable/pod6116940a-da83-4761-97dc-892a207b789e,1780920186,53456896.0
memory_working_set,minikube,cartservice-546c548494-cb4lb,boutique,/kubepods/burstable/pod6ec732c5-cf34-4e25-a3ce-ff4b44ce8d19,1780920186,71602176.0
memory_working_set,minikube,kube-controller-manager-minikube,kube-system,/kubepods/burstable/pod740363cf4388c2d0df59fc97f96b889c,1780920186,95989760.0
memory_working_set,minikube,chaos-dashboard-5b77585c6c-zm7f4,chaos-testing,/kubepods/burstable/pod7d3e8284-7c72-4577-a8fb-79d957f69104,1780920186,48287744.0
memory_working_set,minikube,chaos-dns-server-6bccb5bb76-gscmn,chaos-testing,/kubepods/burstable/pod8a82a436-ef3f-4750-8f39-dbfde680d0b8,1780920186,28282880.0
memory_working_set,minikube,coredns-7d764666f9-gmlgd,kube-system,/kubepods/burstable/pod9289fad3-6e91-4617-b97d-6da4631c2f35,1780920186,29872128.0
memory_working_set,minikube,adservice-8576649cff-5bvst,boutique,/kubepods/burstable/pod9d685cd3-17df-43af-a26e-7743c006902d,1780920186,112312320.0
memory_working_set,minikube,kube-apiserver-minikube,kube-system,/kubepods/burstable/poda6dc00f40d27725f15407f95751ce5f7,1780920186,578809856.0
memory_working_set,minikube,alertmanager-monitoring-kube-prometheus-alertmanager-0,monitoring,/kubepods/burstable/podb5fde93f-2f9a-427f-aa16-8a257f179975,1780920186,52391936.0
memory_working_set,minikube,currencyservice-fd8f5dfb7-js8gr,boutique,/kubepods/burstable/podc827ec2d-8a9d-4e1c-8017-62c3901eccb4,1780920186,110280704.0
memory_working_set,minikube,redis-cart-6899b65948-ms767,boutique,/kubepods/burstable/podd425db0f-53f9-4bec-9ee1-49e4ced03bb6,1780920186,13557760.0
memory_working_set,minikube,chaos-controller-manager-659785674d-wbwg8,chaos-testing,/kubepods/burstable/podd7abbfc2-2af5-4b28-b438-3ebef4bafcce,1780920186,27754496.0
memory_working_set,minikube,paymentservice-6b76dfb449-n8mm2,boutique,/kubepods/burstable/podd9986049-5066-4a99-a156-0bc7b2391961,1780920186,78852096.0
memory_working_set,minikube,checkoutservice-75b9cd684f-vzdsz,boutique,/kubepods/burstable/pod5827d8c7-6a98-4352-9825-164648474ddc,1780920186,17444864.0
memory_working_set,minikube,frontend-694b9f76cd-z2pk6,boutique,/kubepods/burstable/podcf6049c2-3667-4622-87ba-b06efa553d48,1780920186,23650304.0
memory_working_set,minikube,productcatalogservice-fb49fc9cc-wptz6,boutique,/kubepods/burstable/pode9d4586d-6739-497d-ae8d-4fd70972eea8,1780920186,18542592.0
memory_working_set,minikube,loadgenerator-7694cd65db-bdz8c,boutique,/kubepods/burstable/pod38d6ef8e-d456-4bd4-95a0-ea6760631a9d,1780920186,77713408.0
cpu_rate,minikube,kube-proxy-fshvh,kube-system,/kubepods/besteffort/pod2f4efb93-ee48-4c37-b1e1-6f2e54a917c7,1780920215,0.0004068082707025095
cpu_rate,minikube,monitoring-kube-state-metrics-868694bc4b-689cm,monitoring,/kubepods/besteffort/pod59c52cc8-67e3-4946-aac6-7ff0ef74285f,1780920215,0.000940536667210374
cpu_rate,minikube,prometheus-monitoring-kube-prometheus-prometheus-0,monitoring,/kubepods/besteffort/pod6bff50b8-f988-4ff2-a8c1-8f95f2c25189,1780920215,0.011637218348585004
cpu_rate,minikube,storage-provisioner,kube-system,/kubepods/besteffort/pod9bffcac8-a0cd-49a4-ad59-cdbf60a579cb,1780920215,0.001641111547274539
cpu_rate,minikube,monitoring-grafana-6f66955c48-hlrcn,monitoring,/kubepods/besteffort/pod9d3fe3f0-8989-47b4-8478-0ae7be66df8d,1780920215,0.010962844097385401
cpu_rate,minikube,chaos-daemon-n6ghj,chaos-testing,/kubepods/besteffort/poda051be83-a7cd-43e4-83d3-76f3c90e8474,1780920215,2.8230485638291282e-05
cpu_rate,minikube,monitoring-kube-prometheus-operator-556b56cc6d-n6dg9,monitoring,/kubepods/besteffort/podc8122519-a592-495f-9353-00a2f23fdf80,1780920215,0.002938232214394636
cpu_rate,minikube,monitoring-prometheus-node-exporter-pdw8p,monitoring,/kubepods/besteffort/podd35abb3b-34f0-40fa-af55-3ab246fc64c8,1780920215,0.0009565944652650061
cpu_rate,minikube,kube-scheduler-minikube,kube-system,/kubepods/burstable/pod1c7123a121598343200ffd5b015ca580,1780920215,0.0052144524142922885
cpu_rate,minikube,shippingservice-55656785c7-lk4mx,boutique,/kubepods/burstable/pod1df51271-c9ea-47fa-8fb2-cf15bbc7c216,1780920215,0.0009999417814865147
cpu_rate,minikube,chaos-controller-manager-659785674d-29q42,chaos-testing,/kubepods/burstable/pod21ab858c-cee8-438c-8682-c786dc3dc044,1780920215,0.0004338092584407807
cpu_rate,minikube,chaos-controller-manager-659785674d-fjb2r,chaos-testing,/kubepods/burstable/pod2569141a-4d05-422e-bcf2-2f01e2f5056d,1780920215,0.0061693359603605885
cpu_rate,minikube,coredns-7d764666f9-hxxb8,kube-system,/kubepods/burstable/pod596c18fb-891c-4e87-9b11-83d99dd6d264,1780920215,0.002737256184531979
cpu_rate,minikube,recommendationservice-6f8f67d69-fhrns,boutique,/kubepods/burstable/pod5ded7b1a-44d9-4178-8596-57a9e25f6171,1780920215,0.006254785689449499
cpu_rate,minikube,etcd-minikube,kube-system,/kubepods/burstable/pod5ff8e3b06bbaa8cb7ebc2bf531e48a2f,1780920215,0.02896780663925315
cpu_rate,minikube,emailservice-7466dc585-sv4wh,boutique,/kubepods/burstable/pod6116940a-da83-4761-97dc-892a207b789e,1780920215,0.0017871140792642638
cpu_rate,minikube,cartservice-546c548494-cb4lb,boutique,/kubepods/burstable/pod6ec732c5-cf34-4e25-a3ce-ff4b44ce8d19,1780920215,0.004327645426043738
cpu_rate,minikube,kube-controller-manager-minikube,kube-system,/kubepods/burstable/pod740363cf4388c2d0df59fc97f96b889c,1780920215,0.01450039060974168
cpu_rate,minikube,chaos-dashboard-5b77585c6c-zm7f4,chaos-testing,/kubepods/burstable/pod7d3e8284-7c72-4577-a8fb-79d957f69104,1780920215,0.002699816176470496
cpu_rate,minikube,chaos-dns-server-6bccb5bb76-gscmn,chaos-testing,/kubepods/burstable/pod8a82a436-ef3f-4750-8f39-dbfde680d0b8,1780920215,0.0022168050314464705
cpu_rate,minikube,coredns-7d764666f9-gmlgd,kube-system,/kubepods/burstable/pod9289fad3-6e91-4617-b97d-6da4631c2f35,1780920215,0.0021237744507322173
cpu_rate,minikube,adservice-8576649cff-5bvst,boutique,/kubepods/burstable/pod9d685cd3-17df-43af-a26e-7743c006902d,1780920215,0.0018745195182368812
cpu_rate,minikube,kube-apiserver-minikube,kube-system,/kubepods/burstable/poda6dc00f40d27725f15407f95751ce5f7,1780920215,0.07368270057046934
cpu_rate,minikube,alertmanager-monitoring-kube-prometheus-alertmanager-0,monitoring,/kubepods/burstable/podb5fde93f-2f9a-427f-aa16-8a257f179975,1780920215,0.0007948711921133715
cpu_rate,minikube,currencyservice-fd8f5dfb7-js8gr,boutique,/kubepods/burstable/podc827ec2d-8a9d-4e1c-8017-62c3901eccb4,1780920215,0.007782472067038757
cpu_rate,minikube,redis-cart-6899b65948-ms767,boutique,/kubepods/burstable/podd425db0f-53f9-4bec-9ee1-49e4ced03bb6,1780920215,0.0016971619047618939
cpu_rate,minikube,chaos-controller-manager-659785674d-wbwg8,chaos-testing,/kubepods/burstable/podd7abbfc2-2af5-4b28-b438-3ebef4bafcce,1780920215,0.0003270226566143288
cpu_rate,minikube,paymentservice-6b76dfb449-n8mm2,boutique,/kubepods/burstable/podd9986049-5066-4a99-a156-0bc7b2391961,1780920215,0.0006848324092798262
cpu_rate,minikube,checkoutservice-75b9cd684f-vzdsz,boutique,/kubepods/burstable/pod5827d8c7-6a98-4352-9825-164648474ddc,1780920215,0.0010603077987907997
cpu_rate,minikube,frontend-694b9f76cd-z2pk6,boutique,/kubepods/burstable/podcf6049c2-3667-4622-87ba-b06efa553d48,1780920215,0.012516368128474264
cpu_rate,minikube,productcatalogservice-fb49fc9cc-wptz6,boutique,/kubepods/burstable/pode9d4586d-6739-497d-ae8d-4fd70972eea8,1780920215,0.005896803662095503
cpu_rate,minikube,loadgenerator-7694cd65db-bdz8c,boutique,/kubepods/burstable/pod38d6ef8e-d456-4bd4-95a0-ea6760631a9d,1780920215,0.003462982509790735
memory_working_set,minikube,kube-proxy-fshvh,kube-system,/kubepods/besteffort/pod2f4efb93-ee48-4c37-b1e1-6f2e54a917c7,1780920215,36773888.0
memory_working_set,minikube,monitoring-kube-state-metrics-868694bc4b-689cm,monitoring,/kubepods/besteffort/pod59c52cc8-67e3-4946-aac6-7ff0ef74285f,1780920215,38678528.0
memory_working_set,minikube,prometheus-monitoring-kube-prometheus-prometheus-0,monitoring,/kubepods/besteffort/pod6bff50b8-f988-4ff2-a8c1-8f95f2c25189,1780920215,318009344.0
memory_working_set,minikube,storage-provisioner,kube-system,/kubepods/besteffort/pod9bffcac8-a0cd-49a4-ad59-cdbf60a579cb,1780920215,21086208.0
memory_working_set,minikube,monitoring-grafana-6f66955c48-hlrcn,monitoring,/kubepods/besteffort/pod9d3fe3f0-8989-47b4-8478-0ae7be66df8d,1780920215,404467712.0
memory_working_set,minikube,chaos-daemon-n6ghj,chaos-testing,/kubepods/besteffort/poda051be83-a7cd-43e4-83d3-76f3c90e8474,1780920215,19238912.0
memory_working_set,minikube,monitoring-kube-prometheus-operator-556b56cc6d-n6dg9,monitoring,/kubepods/besteffort/podc8122519-a592-495f-9353-00a2f23fdf80,1780920215,40525824.0
memory_working_set,minikube,monitoring-prometheus-node-exporter-pdw8p,monitoring,/kubepods/besteffort/podd35abb3b-34f0-40fa-af55-3ab246fc64c8,1780920215,19587072.0
memory_working_set,minikube,kube-scheduler-minikube,kube-system,/kubepods/burstable/pod1c7123a121598343200ffd5b015ca580,1780920215,40706048.0
memory_working_set,minikube,shippingservice-55656785c7-lk4mx,boutique,/kubepods/burstable/pod1df51271-c9ea-47fa-8fb2-cf15bbc7c216,1780920215,15028224.0
memory_working_set,minikube,chaos-controller-manager-659785674d-29q42,chaos-testing,/kubepods/burstable/pod21ab858c-cee8-438c-8682-c786dc3dc044,1780920215,29605888.0
memory_working_set,minikube,chaos-controller-manager-659785674d-fjb2r,chaos-testing,/kubepods/burstable/pod2569141a-4d05-422e-bcf2-2f01e2f5056d,1780920215,36511744.0
memory_working_set,minikube,coredns-7d764666f9-hxxb8,kube-system,/kubepods/burstable/pod596c18fb-891c-4e87-9b11-83d99dd6d264,1780920215,39247872.0
memory_working_set,minikube,recommendationservice-6f8f67d69-fhrns,boutique,/kubepods/burstable/pod5ded7b1a-44d9-4178-8596-57a9e25f6171,1780920215,57872384.0
memory_working_set,minikube,etcd-minikube,kube-system,/kubepods/burstable/pod5ff8e3b06bbaa8cb7ebc2bf531e48a2f,1780920215,89526272.0
memory_working_set,minikube,emailservice-7466dc585-sv4wh,boutique,/kubepods/burstable/pod6116940a-da83-4761-97dc-892a207b789e,1780920215,53194752.0
memory_working_set,minikube,cartservice-546c548494-cb4lb,boutique,/kubepods/burstable/pod6ec732c5-cf34-4e25-a3ce-ff4b44ce8d19,1780920215,71626752.0
memory_working_set,minikube,kube-controller-manager-minikube,kube-system,/kubepods/burstable/pod740363cf4388c2d0df59fc97f96b889c,1780920215,95993856.0
memory_working_set,minikube,chaos-dashboard-5b77585c6c-zm7f4,chaos-testing,/kubepods/burstable/pod7d3e8284-7c72-4577-a8fb-79d957f69104,1780920215,48287744.0
memory_working_set,minikube,chaos-dns-server-6bccb5bb76-gscmn,chaos-testing,/kubepods/burstable/pod8a82a436-ef3f-4750-8f39-dbfde680d0b8,1780920215,28409856.0
memory_working_set,minikube,coredns-7d764666f9-gmlgd,kube-system,/kubepods/burstable/pod9289fad3-6e91-4617-b97d-6da4631c2f35,1780920215,29995008.0
memory_working_set,minikube,adservice-8576649cff-5bvst,boutique,/kubepods/burstable/pod9d685cd3-17df-43af-a26e-7743c006902d,1780920215,112447488.0
memory_working_set,minikube,kube-apiserver-minikube,kube-system,/kubepods/burstable/poda6dc00f40d27725f15407f95751ce5f7,1780920215,580050944.0
memory_working_set,minikube,alertmanager-monitoring-kube-prometheus-alertmanager-0,monitoring,/kubepods/burstable/podb5fde93f-2f9a-427f-aa16-8a257f179975,1780920215,53166080.0
memory_working_set,minikube,currencyservice-fd8f5dfb7-js8gr,boutique,/kubepods/burstable/podc827ec2d-8a9d-4e1c-8017-62c3901eccb4,1780920215,111132672.0
memory_working_set,minikube,redis-cart-6899b65948-ms767,boutique,/kubepods/burstable/podd425db0f-53f9-4bec-9ee1-49e4ced03bb6,1780920215,13557760.0
memory_working_set,minikube,chaos-controller-manager-659785674d-wbwg8,chaos-testing,/kubepods/burstable/podd7abbfc2-2af5-4b28-b438-3ebef4bafcce,1780920215,27754496.0
memory_working_set,minikube,paymentservice-6b76dfb449-n8mm2,boutique,/kubepods/burstable/podd9986049-5066-4a99-a156-0bc7b2391961,1780920215,78807040.0
memory_working_set,minikube,checkoutservice-75b9cd684f-vzdsz,boutique,/kubepods/burstable/pod5827d8c7-6a98-4352-9825-164648474ddc,1780920215,17575936.0
memory_working_set,minikube,frontend-694b9f76cd-z2pk6,boutique,/kubepods/burstable/podcf6049c2-3667-4622-87ba-b06efa553d48,1780920215,23699456.0
memory_working_set,minikube,productcatalogservice-fb49fc9cc-wptz6,boutique,/kubepods/burstable/pode9d4586d-6739-497d-ae8d-4fd70972eea8,1780920215,18235392.0
memory_working_set,minikube,loadgenerator-7694cd65db-bdz8c,boutique,/kubepods/burstable/pod38d6ef8e-d456-4bd4-95a0-ea6760631a9d,1780920215,77455360.0
cpu_rate,minikube,kube-proxy-fshvh,kube-system,/kubepods/besteffort/pod2f4efb93-ee48-4c37-b1e1-6f2e54a917c7,1780920245,0.000460215361646016
cpu_rate,minikube,monitoring-kube-state-metrics-868694bc4b-689cm,monitoring,/kubepods/besteffort/pod59c52cc8-67e3-4946-aac6-7ff0ef74285f,1780920245,0.0010723412313827763
cpu_rate,minikube,prometheus-monitoring-kube-prometheus-prometheus-0,monitoring,/kubepods/besteffort/pod6bff50b8-f988-4ff2-a8c1-8f95f2c25189,1780920245,0.01458573464069428
cpu_rate,minikube,storage-provisioner,kube-system,/kubepods/besteffort/pod9bffcac8-a0cd-49a4-ad59-cdbf60a579cb,1780920245,0.0017978741499216299
cpu_rate,minikube,monitoring-grafana-6f66955c48-hlrcn,monitoring,/kubepods/besteffort/pod9d3fe3f0-8989-47b4-8478-0ae7be66df8d,1780920245,0.015900894798038485
cpu_rate,minikube,chaos-daemon-n6ghj,chaos-testing,/kubepods/besteffort/poda051be83-a7cd-43e4-83d3-76f3c90e8474,1780920245,2.9101278307828858e-05
cpu_rate,minikube,monitoring-kube-prometheus-operator-556b56cc6d-n6dg9,monitoring,/kubepods/besteffort/podc8122519-a592-495f-9353-00a2f23fdf80,1780920245,0.002977893143420215
cpu_rate,minikube,monitoring-prometheus-node-exporter-pdw8p,monitoring,/kubepods/besteffort/podd35abb3b-34f0-40fa-af55-3ab246fc64c8,1780920245,0.0011376830742805637
cpu_rate,minikube,kube-scheduler-minikube,kube-system,/kubepods/burstable/pod1c7123a121598343200ffd5b015ca580,1780920245,0.005387475519280601
cpu_rate,minikube,shippingservice-55656785c7-lk4mx,boutique,/kubepods/burstable/pod1df51271-c9ea-47fa-8fb2-cf15bbc7c216,1780920245,0.0010215828724490777
cpu_rate,minikube,chaos-controller-manager-659785674d-29q42,chaos-testing,/kubepods/burstable/pod21ab858c-cee8-438c-8682-c786dc3dc044,1780920245,0.0005416613349561493
cpu_rate,minikube,chaos-controller-manager-659785674d-fjb2r,chaos-testing,/kubepods/burstable/pod2569141a-4d05-422e-bcf2-2f01e2f5056d,1780920245,0.0060972328709836794
cpu_rate,minikube,coredns-7d764666f9-hxxb8,kube-system,/kubepods/burstable/pod596c18fb-891c-4e87-9b11-83d99dd6d264,1780920245,0.002610533361305135
cpu_rate,minikube,recommendationservice-6f8f67d69-fhrns,boutique,/kubepods/burstable/pod5ded7b1a-44d9-4178-8596-57a9e25f6171,1780920245,0.00644917102369676
cpu_rate,minikube,etcd-minikube,kube-system,/kubepods/burstable/pod5ff8e3b06bbaa8cb7ebc2bf531e48a2f,1780920245,0.02881834997372593
cpu_rate,minikube,emailservice-7466dc585-sv4wh,boutique,/kubepods/burstable/pod6116940a-da83-4761-97dc-892a207b789e,1780920245,0.0017398161372734252
cpu_rate,minikube,cartservice-546c548494-cb4lb,boutique,/kubepods/burstable/pod6ec732c5-cf34-4e25-a3ce-ff4b44ce8d19,1780920245,0.00461584678203378
cpu_rate,minikube,kube-controller-manager-minikube,kube-system,/kubepods/burstable/pod740363cf4388c2d0df59fc97f96b889c,1780920245,0.01311235546349043
cpu_rate,minikube,chaos-dashboard-5b77585c6c-zm7f4,chaos-testing,/kubepods/burstable/pod7d3e8284-7c72-4577-a8fb-79d957f69104,1780920245,0.002763253604027962
cpu_rate,minikube,chaos-dns-server-6bccb5bb76-gscmn,chaos-testing,/kubepods/burstable/pod8a82a436-ef3f-4750-8f39-dbfde680d0b8,1780920245,0.002301517196985337
cpu_rate,minikube,coredns-7d764666f9-gmlgd,kube-system,/kubepods/burstable/pod9289fad3-6e91-4617-b97d-6da4631c2f35,1780920245,0.0025425752602822897
cpu_rate,minikube,adservice-8576649cff-5bvst,boutique,/kubepods/burstable/pod9d685cd3-17df-43af-a26e-7743c006902d,1780920245,0.0021805137635128196
cpu_rate,minikube,kube-apiserver-minikube,kube-system,/kubepods/burstable/poda6dc00f40d27725f15407f95751ce5f7,1780920245,0.06007845507767606
cpu_rate,minikube,alertmanager-monitoring-kube-prometheus-alertmanager-0,monitoring,/kubepods/burstable/podb5fde93f-2f9a-427f-aa16-8a257f179975,1780920245,0.0010373703978482321
cpu_rate,minikube,currencyservice-fd8f5dfb7-js8gr,boutique,/kubepods/burstable/podc827ec2d-8a9d-4e1c-8017-62c3901eccb4,1780920245,0.008083598803916523
cpu_rate,minikube,redis-cart-6899b65948-ms767,boutique,/kubepods/burstable/podd425db0f-53f9-4bec-9ee1-49e4ced03bb6,1780920245,0.002172370467254988
cpu_rate,minikube,chaos-controller-manager-659785674d-wbwg8,chaos-testing,/kubepods/burstable/podd7abbfc2-2af5-4b28-b438-3ebef4bafcce,1780920245,0.0006618106362041622
cpu_rate,minikube,paymentservice-6b76dfb449-n8mm2,boutique,/kubepods/burstable/podd9986049-5066-4a99-a156-0bc7b2391961,1780920245,0.0006956829047492547
cpu_rate,minikube,checkoutservice-75b9cd684f-vzdsz,boutique,/kubepods/burstable/pod5827d8c7-6a98-4352-9825-164648474ddc,1780920245,0.0009362827367570491
cpu_rate,minikube,frontend-694b9f76cd-z2pk6,boutique,/kubepods/burstable/podcf6049c2-3667-4622-87ba-b06efa553d48,1780920245,0.012771728603200007
cpu_rate,minikube,productcatalogservice-fb49fc9cc-wptz6,boutique,/kubepods/burstable/pode9d4586d-6739-497d-ae8d-4fd70972eea8,1780920245,0.0061357413283513
cpu_rate,minikube,loadgenerator-7694cd65db-bdz8c,boutique,/kubepods/burstable/pod38d6ef8e-d456-4bd4-95a0-ea6760631a9d,1780920245,0.0033506400037953583
memory_working_set,minikube,kube-proxy-fshvh,kube-system,/kubepods/besteffort/pod2f4efb93-ee48-4c37-b1e1-6f2e54a917c7,1780920245,36769792.0
memory_working_set,minikube,monitoring-kube-state-metrics-868694bc4b-689cm,monitoring,/kubepods/besteffort/pod59c52cc8-67e3-4946-aac6-7ff0ef74285f,1780920245,38674432.0
memory_working_set,minikube,prometheus-monitoring-kube-prometheus-prometheus-0,monitoring,/kubepods/besteffort/pod6bff50b8-f988-4ff2-a8c1-8f95f2c25189,1780920245,321466368.0
memory_working_set,minikube,storage-provisioner,kube-system,/kubepods/besteffort/pod9bffcac8-a0cd-49a4-ad59-cdbf60a579cb,1780920245,20643840.0
memory_working_set,minikube,monitoring-grafana-6f66955c48-hlrcn,monitoring,/kubepods/besteffort/pod9d3fe3f0-8989-47b4-8478-0ae7be66df8d,1780920245,404508672.0
memory_working_set,minikube,chaos-daemon-n6ghj,chaos-testing,/kubepods/besteffort/poda051be83-a7cd-43e4-83d3-76f3c90e8474,1780920245,19238912.0
memory_working_set,minikube,monitoring-kube-prometheus-operator-556b56cc6d-n6dg9,monitoring,/kubepods/besteffort/podc8122519-a592-495f-9353-00a2f23fdf80,1780920245,40525824.0
memory_working_set,minikube,monitoring-prometheus-node-exporter-pdw8p,monitoring,/kubepods/besteffort/podd35abb3b-34f0-40fa-af55-3ab246fc64c8,1780920245,18087936.0
memory_working_set,minikube,kube-scheduler-minikube,kube-system,/kubepods/burstable/pod1c7123a121598343200ffd5b015ca580,1780920245,40706048.0
memory_working_set,minikube,shippingservice-55656785c7-lk4mx,boutique,/kubepods/burstable/pod1df51271-c9ea-47fa-8fb2-cf15bbc7c216,1780920245,15028224.0
memory_working_set,minikube,chaos-controller-manager-659785674d-29q42,chaos-testing,/kubepods/burstable/pod21ab858c-cee8-438c-8682-c786dc3dc044,1780920245,29609984.0
memory_working_set,minikube,chaos-controller-manager-659785674d-fjb2r,chaos-testing,/kubepods/burstable/pod2569141a-4d05-422e-bcf2-2f01e2f5056d,1780920245,36511744.0
memory_working_set,minikube,coredns-7d764666f9-hxxb8,kube-system,/kubepods/burstable/pod596c18fb-891c-4e87-9b11-83d99dd6d264,1780920245,39329792.0
memory_working_set,minikube,recommendationservice-6f8f67d69-fhrns,boutique,/kubepods/burstable/pod5ded7b1a-44d9-4178-8596-57a9e25f6171,1780920245,57872384.0
memory_working_set,minikube,etcd-minikube,kube-system,/kubepods/burstable/pod5ff8e3b06bbaa8cb7ebc2bf531e48a2f,1780920245,90050560.0
memory_working_set,minikube,emailservice-7466dc585-sv4wh,boutique,/kubepods/burstable/pod6116940a-da83-4761-97dc-892a207b789e,1780920245,53194752.0
memory_working_set,minikube,cartservice-546c548494-cb4lb,boutique,/kubepods/burstable/pod6ec732c5-cf34-4e25-a3ce-ff4b44ce8d19,1780920245,71593984.0
memory_working_set,minikube,kube-controller-manager-minikube,kube-system,/kubepods/burstable/pod740363cf4388c2d0df59fc97f96b889c,1780920245,95989760.0
memory_working_set,minikube,chaos-dashboard-5b77585c6c-zm7f4,chaos-testing,/kubepods/burstable/pod7d3e8284-7c72-4577-a8fb-79d957f69104,1780920245,48287744.0
memory_working_set,minikube,chaos-dns-server-6bccb5bb76-gscmn,chaos-testing,/kubepods/burstable/pod8a82a436-ef3f-4750-8f39-dbfde680d0b8,1780920245,28409856.0
memory_working_set,minikube,coredns-7d764666f9-gmlgd,kube-system,/kubepods/burstable/pod9289fad3-6e91-4617-b97d-6da4631c2f35,1780920245,28856320.0
memory_working_set,minikube,adservice-8576649cff-5bvst,boutique,/kubepods/burstable/pod9d685cd3-17df-43af-a26e-7743c006902d,1780920245,112447488.0
memory_working_set,minikube,kube-apiserver-minikube,kube-system,/kubepods/burstable/poda6dc00f40d27725f15407f95751ce5f7,1780920245,579805184.0
memory_working_set,minikube,alertmanager-monitoring-kube-prometheus-alertmanager-0,monitoring,/kubepods/burstable/podb5fde93f-2f9a-427f-aa16-8a257f179975,1780920245,53170176.0
memory_working_set,minikube,currencyservice-fd8f5dfb7-js8gr,boutique,/kubepods/burstable/podc827ec2d-8a9d-4e1c-8017-62c3901eccb4,1780920245,110612480.0
memory_working_set,minikube,redis-cart-6899b65948-ms767,boutique,/kubepods/burstable/podd425db0f-53f9-4bec-9ee1-49e4ced03bb6,1780920245,13557760.0
memory_working_set,minikube,chaos-controller-manager-659785674d-wbwg8,chaos-testing,/kubepods/burstable/podd7abbfc2-2af5-4b28-b438-3ebef4bafcce,1780920245,27754496.0
memory_working_set,minikube,paymentservice-6b76dfb449-n8mm2,boutique,/kubepods/burstable/podd9986049-5066-4a99-a156-0bc7b2391961,1780920245,79089664.0
memory_working_set,minikube,checkoutservice-75b9cd684f-vzdsz,boutique,/kubepods/burstable/pod5827d8c7-6a98-4352-9825-164648474ddc,1780920245,17559552.0
memory_working_set,minikube,frontend-694b9f76cd-z2pk6,boutique,/kubepods/burstable/podcf6049c2-3667-4622-87ba-b06efa553d48,1780920245,23457792.0
memory_working_set,minikube,productcatalogservice-fb49fc9cc-wptz6,boutique,/kubepods/burstable/pode9d4586d-6739-497d-ae8d-4fd70972eea8,1780920245,18243584.0
memory_working_set,minikube,loadgenerator-7694cd65db-bdz8c,boutique,/kubepods/burstable/pod38d6ef8e-d456-4bd4-95a0-ea6760631a9d,1780920245,77479936.0
cpu_rate,minikube,kube-proxy-fshvh,kube-system,/kubepods/besteffort/pod2f4efb93-ee48-4c37-b1e1-6f2e54a917c7,1780920274,0.0003860093665269591
cpu_rate,minikube,monitoring-kube-state-metrics-868694bc4b-689cm,monitoring,/kubepods/besteffort/pod59c52cc8-67e3-4946-aac6-7ff0ef74285f,1780920274,0.0011323609349519876
cpu_rate,minikube,prometheus-monitoring-kube-prometheus-prometheus-0,monitoring,/kubepods/besteffort/pod6bff50b8-f988-4ff2-a8c1-8f95f2c25189,1780920274,0.014419349757711029
cpu_rate,minikube,storage-provisioner,kube-system,/kubepods/besteffort/pod9bffcac8-a0cd-49a4-ad59-cdbf60a579cb,1780920274,0.0018197147133178224
cpu_rate,minikube,monitoring-grafana-6f66955c48-hlrcn,monitoring,/kubepods/besteffort/pod9d3fe3f0-8989-47b4-8478-0ae7be66df8d,1780920274,0.01582468476024229
cpu_rate,minikube,chaos-daemon-n6ghj,chaos-testing,/kubepods/besteffort/poda051be83-a7cd-43e4-83d3-76f3c90e8474,1780920274,2.303986594988004e-06
cpu_rate,minikube,monitoring-kube-prometheus-operator-556b56cc6d-n6dg9,monitoring,/kubepods/besteffort/podc8122519-a592-495f-9353-00a2f23fdf80,1780920274,0.0026792335745517122
cpu_rate,minikube,monitoring-prometheus-node-exporter-pdw8p,monitoring,/kubepods/besteffort/podd35abb3b-34f0-40fa-af55-3ab246fc64c8,1780920274,0.0011837965058387107
cpu_rate,minikube,kube-scheduler-minikube,kube-system,/kubepods/burstable/pod1c7123a121598343200ffd5b015ca580,1780920274,0.006155860243813344
cpu_rate,minikube,shippingservice-55656785c7-lk4mx,boutique,/kubepods/burstable/pod1df51271-c9ea-47fa-8fb2-cf15bbc7c216,1780920274,0.0010253538144615808
cpu_rate,minikube,chaos-controller-manager-659785674d-29q42,chaos-testing,/kubepods/burstable/pod21ab858c-cee8-438c-8682-c786dc3dc044,1780920274,0.0006027456647398826
cpu_rate,minikube,chaos-controller-manager-659785674d-fjb2r,chaos-testing,/kubepods/burstable/pod2569141a-4d05-422e-bcf2-2f01e2f5056d,1780920274,0.005988440298979545
cpu_rate,minikube,coredns-7d764666f9-hxxb8,kube-system,/kubepods/burstable/pod596c18fb-891c-4e87-9b11-83d99dd6d264,1780920274,0.002683787264488453
cpu_rate,minikube,recommendationservice-6f8f67d69-fhrns,boutique,/kubepods/burstable/pod5ded7b1a-44d9-4178-8596-57a9e25f6171,1780920274,0.00664727139094762
cpu_rate,minikube,etcd-minikube,kube-system,/kubepods/burstable/pod5ff8e3b06bbaa8cb7ebc2bf531e48a2f,1780920274,0.02664864243382066
cpu_rate,minikube,emailservice-7466dc585-sv4wh,boutique,/kubepods/burstable/pod6116940a-da83-4761-97dc-892a207b789e,1780920274,0.0017445989343843169
cpu_rate,minikube,cartservice-546c548494-cb4lb,boutique,/kubepods/burstable/pod6ec732c5-cf34-4e25-a3ce-ff4b44ce8d19,1780920274,0.004209769568367139
cpu_rate,minikube,kube-controller-manager-minikube,kube-system,/kubepods/burstable/pod740363cf4388c2d0df59fc97f96b889c,1780920274,0.012361095833333498
cpu_rate,minikube,chaos-dashboard-5b77585c6c-zm7f4,chaos-testing,/kubepods/burstable/pod7d3e8284-7c72-4577-a8fb-79d957f69104,1780920274,0.002720218348235949
cpu_rate,minikube,chaos-dns-server-6bccb5bb76-gscmn,chaos-testing,/kubepods/burstable/pod8a82a436-ef3f-4750-8f39-dbfde680d0b8,1780920274,0.0020776084091897237
cpu_rate,minikube,coredns-7d764666f9-gmlgd,kube-system,/kubepods/burstable/pod9289fad3-6e91-4617-b97d-6da4631c2f35,1780920274,0.0025721403874389174
cpu_rate,minikube,adservice-8576649cff-5bvst,boutique,/kubepods/burstable/pod9d685cd3-17df-43af-a26e-7743c006902d,1780920274,0.0022858539796876257
cpu_rate,minikube,kube-apiserver-minikube,kube-system,/kubepods/burstable/poda6dc00f40d27725f15407f95751ce5f7,1780920274,0.06636341686787198
cpu_rate,minikube,alertmanager-monitoring-kube-prometheus-alertmanager-0,monitoring,/kubepods/burstable/podb5fde93f-2f9a-427f-aa16-8a257f179975,1780920274,0.001056642967075505
cpu_rate,minikube,currencyservice-fd8f5dfb7-js8gr,boutique,/kubepods/burstable/podc827ec2d-8a9d-4e1c-8017-62c3901eccb4,1780920274,0.00801248018619977
cpu_rate,minikube,redis-cart-6899b65948-ms767,boutique,/kubepods/burstable/podd425db0f-53f9-4bec-9ee1-49e4ced03bb6,1780920274,0.0019938321783138104
cpu_rate,minikube,chaos-controller-manager-659785674d-wbwg8,chaos-testing,/kubepods/burstable/podd7abbfc2-2af5-4b28-b438-3ebef4bafcce,1780920274,0.0006821338108131767
cpu_rate,minikube,paymentservice-6b76dfb449-n8mm2,boutique,/kubepods/burstable/podd9986049-5066-4a99-a156-0bc7b2391961,1780920274,0.0009102375102375458
cpu_rate,minikube,checkoutservice-75b9cd684f-vzdsz,boutique,/kubepods/burstable/pod5827d8c7-6a98-4352-9825-164648474ddc,1780920274,0.0010327672943142867
cpu_rate,minikube,frontend-694b9f76cd-z2pk6,boutique,/kubepods/burstable/podcf6049c2-3667-4622-87ba-b06efa553d48,1780920274,0.013148714480352293
cpu_rate,minikube,productcatalogservice-fb49fc9cc-wptz6,boutique,/kubepods/burstable/pode9d4586d-6739-497d-ae8d-4fd70972eea8,1780920274,0.006316652848513694
cpu_rate,minikube,loadgenerator-7694cd65db-bdz8c,boutique,/kubepods/burstable/pod38d6ef8e-d456-4bd4-95a0-ea6760631a9d,1780920274,0.008133704632973936
memory_working_set,minikube,kube-proxy-fshvh,kube-system,/kubepods/besteffort/pod2f4efb93-ee48-4c37-b1e1-6f2e54a917c7,1780920274,36769792.0
memory_working_set,minikube,monitoring-kube-state-metrics-868694bc4b-689cm,monitoring,/kubepods/besteffort/pod59c52cc8-67e3-4946-aac6-7ff0ef74285f,1780920274,38936576.0
memory_working_set,minikube,prometheus-monitoring-kube-prometheus-prometheus-0,monitoring,/kubepods/besteffort/pod6bff50b8-f988-4ff2-a8c1-8f95f2c25189,1780920274,325500928.0
memory_working_set,minikube,storage-provisioner,kube-system,/kubepods/besteffort/pod9bffcac8-a0cd-49a4-ad59-cdbf60a579cb,1780920274,20643840.0
memory_working_set,minikube,monitoring-grafana-6f66955c48-hlrcn,monitoring,/kubepods/besteffort/pod9d3fe3f0-8989-47b4-8478-0ae7be66df8d,1780920274,404742144.0
memory_working_set,minikube,chaos-daemon-n6ghj,chaos-testing,/kubepods/besteffort/poda051be83-a7cd-43e4-83d3-76f3c90e8474,1780920274,19238912.0
memory_working_set,minikube,monitoring-kube-prometheus-operator-556b56cc6d-n6dg9,monitoring,/kubepods/besteffort/podc8122519-a592-495f-9353-00a2f23fdf80,1780920274,40521728.0
memory_working_set,minikube,monitoring-prometheus-node-exporter-pdw8p,monitoring,/kubepods/besteffort/podd35abb3b-34f0-40fa-af55-3ab246fc64c8,1780920274,19861504.0
memory_working_set,minikube,kube-scheduler-minikube,kube-system,/kubepods/burstable/pod1c7123a121598343200ffd5b015ca580,1780920274,40763392.0
memory_working_set,minikube,shippingservice-55656785c7-lk4mx,boutique,/kubepods/burstable/pod1df51271-c9ea-47fa-8fb2-cf15bbc7c216,1780920274,15024128.0
memory_working_set,minikube,chaos-controller-manager-659785674d-29q42,chaos-testing,/kubepods/burstable/pod21ab858c-cee8-438c-8682-c786dc3dc044,1780920274,29605888.0
memory_working_set,minikube,chaos-controller-manager-659785674d-fjb2r,chaos-testing,/kubepods/burstable/pod2569141a-4d05-422e-bcf2-2f01e2f5056d,1780920274,36511744.0
memory_working_set,minikube,coredns-7d764666f9-hxxb8,kube-system,/kubepods/burstable/pod596c18fb-891c-4e87-9b11-83d99dd6d264,1780920274,39452672.0
memory_working_set,minikube,recommendationservice-6f8f67d69-fhrns,boutique,/kubepods/burstable/pod5ded7b1a-44d9-4178-8596-57a9e25f6171,1780920274,58130432.0
memory_working_set,minikube,etcd-minikube,kube-system,/kubepods/burstable/pod5ff8e3b06bbaa8cb7ebc2bf531e48a2f,1780920274,88551424.0
memory_working_set,minikube,emailservice-7466dc585-sv4wh,boutique,/kubepods/burstable/pod6116940a-da83-4761-97dc-892a207b789e,1780920274,53194752.0
memory_working_set,minikube,cartservice-546c548494-cb4lb,boutique,/kubepods/burstable/pod6ec732c5-cf34-4e25-a3ce-ff4b44ce8d19,1780920274,71622656.0
memory_working_set,minikube,kube-controller-manager-minikube,kube-system,/kubepods/burstable/pod740363cf4388c2d0df59fc97f96b889c,1780920274,95993856.0
memory_working_set,minikube,chaos-dashboard-5b77585c6c-zm7f4,chaos-testing,/kubepods/burstable/pod7d3e8284-7c72-4577-a8fb-79d957f69104,1780920274,48287744.0
memory_working_set,minikube,chaos-dns-server-6bccb5bb76-gscmn,chaos-testing,/kubepods/burstable/pod8a82a436-ef3f-4750-8f39-dbfde680d0b8,1780920274,28676096.0
memory_working_set,minikube,coredns-7d764666f9-gmlgd,kube-system,/kubepods/burstable/pod9289fad3-6e91-4617-b97d-6da4631c2f35,1780920274,28860416.0
memory_working_set,minikube,adservice-8576649cff-5bvst,boutique,/kubepods/burstable/pod9d685cd3-17df-43af-a26e-7743c006902d,1780920274,112455680.0
memory_working_set,minikube,kube-apiserver-minikube,kube-system,/kubepods/burstable/poda6dc00f40d27725f15407f95751ce5f7,1780920274,579792896.0
memory_working_set,minikube,alertmanager-monitoring-kube-prometheus-alertmanager-0,monitoring,/kubepods/burstable/podb5fde93f-2f9a-427f-aa16-8a257f179975,1780920274,53833728.0
memory_working_set,minikube,currencyservice-fd8f5dfb7-js8gr,boutique,/kubepods/burstable/podc827ec2d-8a9d-4e1c-8017-62c3901eccb4,1780920274,112205824.0
memory_working_set,minikube,redis-cart-6899b65948-ms767,boutique,/kubepods/burstable/podd425db0f-53f9-4bec-9ee1-49e4ced03bb6,1780920274,13557760.0
memory_working_set,minikube,chaos-controller-manager-659785674d-wbwg8,chaos-testing,/kubepods/burstable/podd7abbfc2-2af5-4b28-b438-3ebef4bafcce,1780920274,27754496.0
memory_working_set,minikube,paymentservice-6b76dfb449-n8mm2,boutique,/kubepods/burstable/podd9986049-5066-4a99-a156-0bc7b2391961,1780920274,78909440.0
memory_working_set,minikube,checkoutservice-75b9cd684f-vzdsz,boutique,/kubepods/burstable/pod5827d8c7-6a98-4352-9825-164648474ddc,1780920274,17563648.0
memory_working_set,minikube,frontend-694b9f76cd-z2pk6,boutique,/kubepods/burstable/podcf6049c2-3667-4622-87ba-b06efa553d48,1780920274,23388160.0
memory_working_set,minikube,productcatalogservice-fb49fc9cc-wptz6,boutique,/kubepods/burstable/pode9d4586d-6739-497d-ae8d-4fd70972eea8,1780920274,18391040.0
memory_working_set,minikube,loadgenerator-7694cd65db-bdz8c,boutique,/kubepods/burstable/pod38d6ef8e-d456-4bd4-95a0-ea6760631a9d,1780920274,77496320.0
