metric,node,pod,namespace,container,timestamp,value
cpu_rate,minikube,kube-proxy-fshvh,kube-system,/kubepods/besteffort/pod2f4efb93-ee48-4c37-b1e1-6f2e54a917c7,1780920576,0.0006308458387529137
cpu_rate,minikube,monitoring-kube-state-metrics-868694bc4b-689cm,monitoring,/kubepods/besteffort/pod59c52cc8-67e3-4946-aac6-7ff0ef74285f,1780920576,0.001053106639039473
cpu_rate,minikube,prometheus-monitoring-kube-prometheus-prometheus-0,monitoring,/kubepods/besteffort/pod6bff50b8-f988-4ff2-a8c1-8f95f2c25189,1780920576,0.010476672917376298
cpu_rate,minikube,storage-provisioner,kube-system,/kubepods/besteffort/pod9bffcac8-a0cd-49a4-ad59-cdbf60a579cb,1780920576,0.001393481151621959
cpu_rate,minikube,monitoring-grafana-6f66955c48-hlrcn,monitoring,/kubepods/besteffort/pod9d3fe3f0-8989-47b4-8478-0ae7be66df8d,1780920576,0.010460076782516918
cpu_rate,minikube,chaos-daemon-n6ghj,chaos-testing,/kubepods/besteffort/poda051be83-a7cd-43e4-83d3-76f3c90e8474,1780920576,3.829438689472341e-05
cpu_rate,minikube,monitoring-kube-prometheus-operator-556b56cc6d-n6dg9,monitoring,/kubepods/besteffort/podc8122519-a592-495f-9353-00a2f23fdf80,1780920576,0.0021588973268567117
cpu_rate,minikube,monitoring-prometheus-node-exporter-pdw8p,monitoring,/kubepods/besteffort/podd35abb3b-34f0-40fa-af55-3ab246fc64c8,1780920576,0.0013538934876565667
cpu_rate,minikube,kube-scheduler-minikube,kube-system,/kubepods/burstable/pod1c7123a121598343200ffd5b015ca580,1780920576,0.004296679816297181
cpu_rate,minikube,shippingservice-55656785c7-lk4mx,boutique,/kubepods/burstable/pod1df51271-c9ea-47fa-8fb2-cf15bbc7c216,1780920576,0.0006345307558755917
cpu_rate,minikube,chaos-controller-manager-659785674d-29q42,chaos-testing,/kubepods/burstable/pod21ab858c-cee8-438c-8682-c786dc3dc044,1780920576,0.0003876212881343093
cpu_rate,minikube,chaos-controller-manager-659785674d-fjb2r,chaos-testing,/kubepods/burstable/pod2569141a-4d05-422e-bcf2-2f01e2f5056d,1780920576,0.005180006666246295
cpu_rate,minikube,coredns-7d764666f9-hxxb8,kube-system,/kubepods/burstable/pod596c18fb-891c-4e87-9b11-83d99dd6d264,1780920576,0.002205320386198816
cpu_rate,minikube,recommendationservice-6f8f67d69-fhrns,boutique,/kubepods/burstable/pod5ded7b1a-44d9-4178-8596-57a9e25f6171,1780920576,0.005044773359902127
cpu_rate,minikube,etcd-minikube,kube-system,/kubepods/burstable/pod5ff8e3b06bbaa8cb7ebc2bf531e48a2f,1780920576,0.024776710766201204
cpu_rate,minikube,emailservice-7466dc585-sv4wh,boutique,/kubepods/burstable/pod6116940a-da83-4761-97dc-892a207b789e,1780920576,0.0013784893348095682
cpu_rate,minikube,cartservice-546c548494-cb4lb,boutique,/kubepods/burstable/pod6ec732c5-cf34-4e25-a3ce-ff4b44ce8d19,1780920576,0.004247072178997051
cpu_rate,minikube,kube-controller-manager-minikube,kube-system,/kubepods/burstable/pod740363cf4388c2d0df59fc97f96b889c,1780920576,0.012092550456546636
cpu_rate,minikube,chaos-dashboard-5b77585c6c-zm7f4,chaos-testing,/kubepods/burstable/pod7d3e8284-7c72-4577-a8fb-79d957f69104,1780920576,0.0021257554666713864
cpu_rate,minikube,chaos-dns-server-6bccb5bb76-gscmn,chaos-testing,/kubepods/burstable/pod8a82a436-ef3f-4750-8f39-dbfde680d0b8,1780920576,0.0019040375716336908
cpu_rate,minikube,coredns-7d764666f9-gmlgd,kube-system,/kubepods/burstable/pod9289fad3-6e91-4617-b97d-6da4631c2f35,1780920576,0.001943574591076948
cpu_rate,minikube,adservice-8576649cff-5bvst,boutique,/kubepods/burstable/pod9d685cd3-17df-43af-a26e-7743c006902d,1780920576,0.0012529466827135328
cpu_rate,minikube,kube-apiserver-minikube,kube-system,/kubepods/burstable/poda6dc00f40d27725f15407f95751ce5f7,1780920576,0.03940695477524701
cpu_rate,minikube,alertmanager-monitoring-kube-prometheus-alertmanager-0,monitoring,/kubepods/burstable/podb5fde93f-2f9a-427f-aa16-8a257f179975,1780920576,0.000791749974373738
cpu_rate,minikube,currencyservice-fd8f5dfb7-js8gr,boutique,/kubepods/burstable/podc827ec2d-8a9d-4e1c-8017-62c3901eccb4,1780920576,0.005816872855292261
cpu_rate,minikube,redis-cart-6899b65948-ms767,boutique,/kubepods/burstable/podd425db0f-53f9-4bec-9ee1-49e4ced03bb6,1780920576,0.0015599168721337595
cpu_rate,minikube,chaos-controller-manager-659785674d-wbwg8,chaos-testing,/kubepods/burstable/podd7abbfc2-2af5-4b28-b438-3ebef4bafcce,1780920576,0.00039998712418720975
cpu_rate,minikube,paymentservice-6b76dfb449-n8mm2,boutique,/kubepods/burstable/podd9986049-5066-4a99-a156-0bc7b2391961,1780920576,0.0006614723486980391
cpu_rate,minikube,checkoutservice-75b9cd684f-vzdsz,boutique,/kubepods/burstable/pod5827d8c7-6a98-4352-9825-164648474ddc,1780920576,0.0005154619902275002
cpu_rate,minikube,frontend-694b9f76cd-z2pk6,boutique,/kubepods/burstable/podcf6049c2-3667-4622-87ba-b06efa553d48,1780920576,0.009915863981319085
cpu_rate,minikube,productcatalogservice-fb49fc9cc-wptz6,boutique,/kubepods/burstable/pode9d4586d-6739-497d-ae8d-4fd70972eea8,1780920576,0.00435668990818428
cpu_rate,minikube,loadgenerator-7694cd65db-bdz8c,boutique,/kubepods/burstable/pod38d6ef8e-d456-4bd4-95a0-ea6760631a9d,1780920576,0.002404487890598796
memory_working_set,minikube,kube-proxy-fshvh,kube-system,/kubepods/besteffort/pod2f4efb93-ee48-4c37-b1e1-6f2e54a917c7,1780920576,38309888.0
memory_working_set,minikube,monitoring-kube-state-metrics-868694bc4b-689cm,monitoring,/kubepods/besteffort/pod59c52cc8-67e3-4946-aac6-7ff0ef74285f,1780920576,38682624.0
memory_working_set,minikube,prometheus-monitoring-kube-prometheus-prometheus-0,monitoring,/kubepods/besteffort/pod6bff50b8-f988-4ff2-a8c1-8f95f2c25189,1780920576,332263424.0
memory_working_set,minikube,storage-provisioner,kube-system,/kubepods/besteffort/pod9bffcac8-a0cd-49a4-ad59-cdbf60a579cb,1780920576,20635648.0
memory_working_set,minikube,monitoring-grafana-6f66955c48-hlrcn,monitoring,/kubepods/besteffort/pod9d3fe3f0-8989-47b4-8478-0ae7be66df8d,1780920576,404459520.0
memory_working_set,minikube,chaos-daemon-n6ghj,chaos-testing,/kubepods/besteffort/poda051be83-a7cd-43e4-83d3-76f3c90e8474,1780920576,19238912.0
memory_working_set,minikube,monitoring-kube-prometheus-operator-556b56cc6d-n6dg9,monitoring,/kubepods/besteffort/podc8122519-a592-495f-9353-00a2f23fdf80,1780920576,41078784.0
memory_working_set,minikube,monitoring-prometheus-node-exporter-pdw8p,monitoring,/kubepods/besteffort/podd35abb3b-34f0-40fa-af55-3ab246fc64c8,1780920576,20332544.0
memory_working_set,minikube,kube-scheduler-minikube,kube-system,/kubepods/burstable/pod1c7123a121598343200ffd5b015ca580,1780920576,40771584.0
memory_working_set,minikube,shippingservice-55656785c7-lk4mx,boutique,/kubepods/burstable/pod1df51271-c9ea-47fa-8fb2-cf15bbc7c216,1780920576,15245312.0
memory_working_set,minikube,chaos-controller-manager-659785674d-29q42,chaos-testing,/kubepods/burstable/pod21ab858c-cee8-438c-8682-c786dc3dc044,1780920576,29609984.0
memory_working_set,minikube,chaos-controller-manager-659785674d-fjb2r,chaos-testing,/kubepods/burstable/pod2569141a-4d05-422e-bcf2-2f01e2f5056d,1780920576,36511744.0
memory_working_set,minikube,coredns-7d764666f9-hxxb8,kube-system,/kubepods/burstable/pod596c18fb-891c-4e87-9b11-83d99dd6d264,1780920576,39706624.0
memory_working_set,minikube,recommendationservice-6f8f67d69-fhrns,boutique,/kubepods/burstable/pod5ded7b1a-44d9-4178-8596-57a9e25f6171,1780920576,57868288.0
memory_working_set,minikube,etcd-minikube,kube-system,/kubepods/burstable/pod5ff8e3b06bbaa8cb7ebc2bf531e48a2f,1780920576,87556096.0
memory_working_set,minikube,emailservice-7466dc585-sv4wh,boutique,/kubepods/burstable/pod6116940a-da83-4761-97dc-892a207b789e,1780920576,53194752.0
memory_working_set,minikube,cartservice-546c548494-cb4lb,boutique,/kubepods/burstable/pod6ec732c5-cf34-4e25-a3ce-ff4b44ce8d19,1780920576,71655424.0
memory_working_set,minikube,kube-controller-manager-minikube,kube-system,/kubepods/burstable/pod740363cf4388c2d0df59fc97f96b889c,1780920576,95993856.0
memory_working_set,minikube,chaos-dashboard-5b77585c6c-zm7f4,chaos-testing,/kubepods/burstable/pod7d3e8284-7c72-4577-a8fb-79d957f69104,1780920576,48291840.0
memory_working_set,minikube,chaos-dns-server-6bccb5bb76-gscmn,chaos-testing,/kubepods/burstable/pod8a82a436-ef3f-4750-8f39-dbfde680d0b8,1780920576,28020736.0
memory_working_set,minikube,coredns-7d764666f9-gmlgd,kube-system,/kubepods/burstable/pod9289fad3-6e91-4617-b97d-6da4631c2f35,1780920576,31645696.0
memory_working_set,minikube,adservice-8576649cff-5bvst,boutique,/kubepods/burstable/pod9d685cd3-17df-43af-a26e-7743c006902d,1780920576,112328704.0
memory_working_set,minikube,kube-apiserver-minikube,kube-system,/kubepods/burstable/poda6dc00f40d27725f15407f95751ce5f7,1780920576,588566528.0
memory_working_set,minikube,alertmanager-monitoring-kube-prometheus-alertmanager-0,monitoring,/kubepods/burstable/podb5fde93f-2f9a-427f-aa16-8a257f179975,1780920576,52346880.0
memory_working_set,minikube,currencyservice-fd8f5dfb7-js8gr,boutique,/kubepods/burstable/podc827ec2d-8a9d-4e1c-8017-62c3901eccb4,1780920576,113229824.0
memory_working_set,minikube,redis-cart-6899b65948-ms767,boutique,/kubepods/burstable/podd425db0f-53f9-4bec-9ee1-49e4ced03bb6,1780920576,13819904.0
memory_working_set,minikube,chaos-controller-manager-659785674d-wbwg8,chaos-testing,/kubepods/burstable/podd7abbfc2-2af5-4b28-b438-3ebef4bafcce,1780920576,27774976.0
memory_working_set,minikube,paymentservice-6b76dfb449-n8mm2,boutique,/kubepods/burstable/podd9986049-5066-4a99-a156-0bc7b2391961,1780920576,80474112.0
memory_working_set,minikube,checkoutservice-75b9cd684f-vzdsz,boutique,/kubepods/burstable/pod5827d8c7-6a98-4352-9825-164648474ddc,1780920576,17743872.0
memory_working_set,minikube,frontend-694b9f76cd-z2pk6,boutique,/kubepods/burstable/podcf6049c2-3667-4622-87ba-b06efa553d48,1780920576,24223744.0
memory_working_set,minikube,productcatalogservice-fb49fc9cc-wptz6,boutique,/kubepods/burstable/pode9d4586d-6739-497d-ae8d-4fd70972eea8,1780920576,18579456.0
memory_working_set,minikube,loadgenerator-7694cd65db-bdz8c,boutique,/kubepods/burstable/pod38d6ef8e-d456-4bd4-95a0-ea6760631a9d,1780920576,77578240.0
cpu_rate,minikube,kube-proxy-fshvh,kube-system,/kubepods/besteffort/pod2f4efb93-ee48-4c37-b1e1-6f2e54a917c7,1780920605,0.0005131649650725719
cpu_rate,minikube,monitoring-kube-state-metrics-868694bc4b-689cm,monitoring,/kubepods/besteffort/pod59c52cc8-67e3-4946-aac6-7ff0ef74285f,1780920605,0.0009364269557679328
cpu_rate,minikube,prometheus-monitoring-kube-prometheus-prometheus-0,monitoring,/kubepods/besteffort/pod6bff50b8-f988-4ff2-a8c1-8f95f2c25189,1780920605,0.010351561334129114
cpu_rate,minikube,storage-provisioner,kube-system,/kubepods/besteffort/pod9bffcac8-a0cd-49a4-ad59-cdbf60a579cb,1780920605,0.0012772780447753037
cpu_rate,minikube,monitoring-grafana-6f66955c48-hlrcn,monitoring,/kubepods/besteffort/pod9d3fe3f0-8989-47b4-8478-0ae7be66df8d,1780920605,0.010155658863461824
cpu_rate,minikube,chaos-daemon-n6ghj,chaos-testing,/kubepods/besteffort/poda051be83-a7cd-43e4-83d3-76f3c90e8474,1780920605,4.6146343676282415e-05
cpu_rate,minikube,monitoring-kube-prometheus-operator-556b56cc6d-n6dg9,monitoring,/kubepods/besteffort/podc8122519-a592-495f-9353-00a2f23fdf80,1780920605,0.002640078084230461
cpu_rate,minikube,monitoring-prometheus-node-exporter-pdw8p,monitoring,/kubepods/besteffort/podd35abb3b-34f0-40fa-af55-3ab246fc64c8,1780920605,0.0011153734515593932
cpu_rate,minikube,kube-scheduler-minikube,kube-system,/kubepods/burstable/pod1c7123a121598343200ffd5b015ca580,1780920605,0.004649529663779442
cpu_rate,minikube,shippingservice-55656785c7-lk4mx,boutique,/kubepods/burstable/pod1df51271-c9ea-47fa-8fb2-cf15bbc7c216,1780920605,0.0008120557696716748
cpu_rate,minikube,chaos-controller-manager-659785674d-29q42,chaos-testing,/kubepods/burstable/pod21ab858c-cee8-438c-8682-c786dc3dc044,1780920605,0.0005327538090209575
cpu_rate,minikube,chaos-controller-manager-659785674d-fjb2r,chaos-testing,/kubepods/burstable/pod2569141a-4d05-422e-bcf2-2f01e2f5056d,1780920605,0.004411343786485584
cpu_rate,minikube,coredns-7d764666f9-hxxb8,kube-system,/kubepods/burstable/pod596c18fb-891c-4e87-9b11-83d99dd6d264,1780920605,0.0021117778357537696
cpu_rate,minikube,recommendationservice-6f8f67d69-fhrns,boutique,/kubepods/burstable/pod5ded7b1a-44d9-4178-8596-57a9e25f6171,1780920605,0.004974577633030735
cpu_rate,minikube,etcd-minikube,kube-system,/kubepods/burstable/pod5ff8e3b06bbaa8cb7ebc2bf531e48a2f,1780920605,0.023992716041067893
cpu_rate,minikube,emailservice-7466dc585-sv4wh,boutique,/kubepods/burstable/pod6116940a-da83-4761-97dc-892a207b789e,1780920605,0.001240649509093727
cpu_rate,minikube,cartservice-546c548494-cb4lb,boutique,/kubepods/burstable/pod6ec732c5-cf34-4e25-a3ce-ff4b44ce8d19,1780920605,0.003988752088366006
cpu_rate,minikube,kube-controller-manager-minikube,kube-system,/kubepods/burstable/pod740363cf4388c2d0df59fc97f96b889c,1780920605,0.010892096940592807
cpu_rate,minikube,chaos-dashboard-5b77585c6c-zm7f4,chaos-testing,/kubepods/burstable/pod7d3e8284-7c72-4577-a8fb-79d957f69104,1780920605,0.0020563387449743613
cpu_rate,minikube,chaos-dns-server-6bccb5bb76-gscmn,chaos-testing,/kubepods/burstable/pod8a82a436-ef3f-4750-8f39-dbfde680d0b8,1780920605,0.0020585694980316902
cpu_rate,minikube,coredns-7d764666f9-gmlgd,kube-system,/kubepods/burstable/pod9289fad3-6e91-4617-b97d-6da4631c2f35,1780920605,0.002170272931023665
cpu_rate,minikube,adservice-8576649cff-5bvst,boutique,/kubepods/burstable/pod9d685cd3-17df-43af-a26e-7743c006902d,1780920605,0.001178634123445144
cpu_rate,minikube,kube-apiserver-minikube,kube-system,/kubepods/burstable/poda6dc00f40d27725f15407f95751ce5f7,1780920605,0.04483702119916207
cpu_rate,minikube,alertmanager-monitoring-kube-prometheus-alertmanager-0,monitoring,/kubepods/burstable/podb5fde93f-2f9a-427f-aa16-8a257f179975,1780920605,0.0007511314789029946
cpu_rate,minikube,currencyservice-fd8f5dfb7-js8gr,boutique,/kubepods/burstable/podc827ec2d-8a9d-4e1c-8017-62c3901eccb4,1780920605,0.0062714459796067625
cpu_rate,minikube,redis-cart-6899b65948-ms767,boutique,/kubepods/burstable/podd425db0f-53f9-4bec-9ee1-49e4ced03bb6,1780920605,0.0015877619773369115
cpu_rate,minikube,chaos-controller-manager-659785674d-wbwg8,chaos-testing,/kubepods/burstable/podd7abbfc2-2af5-4b28-b438-3ebef4bafcce,1780920605,0.0004648468010638331
cpu_rate,minikube,paymentservice-6b76dfb449-n8mm2,boutique,/kubepods/burstable/podd9986049-5066-4a99-a156-0bc7b2391961,1780920605,0.000634660137199799
cpu_rate,minikube,checkoutservice-75b9cd684f-vzdsz,boutique,/kubepods/burstable/pod5827d8c7-6a98-4352-9825-164648474ddc,1780920605,0.0006291233020475839
cpu_rate,minikube,frontend-694b9f76cd-z2pk6,boutique,/kubepods/burstable/podcf6049c2-3667-4622-87ba-b06efa553d48,1780920605,0.009434101775652994
cpu_rate,minikube,productcatalogservice-fb49fc9cc-wptz6,boutique,/kubepods/burstable/pode9d4586d-6739-497d-ae8d-4fd70972eea8,1780920605,0.004425600749207064
cpu_rate,minikube,loadgenerator-7694cd65db-bdz8c,boutique,/kubepods/burstable/pod38d6ef8e-d456-4bd4-95a0-ea6760631a9d,1780920605,0.002553017774963838
memory_working_set,minikube,kube-proxy-fshvh,kube-system,/kubepods/besteffort/pod2f4efb93-ee48-4c37-b1e1-6f2e54a917c7,1780920605,38301696.0
memory_working_set,minikube,monitoring-kube-state-metrics-868694bc4b-689cm,monitoring,/kubepods/besteffort/pod59c52cc8-67e3-4946-aac6-7ff0ef74285f,1780920605,38416384.0
memory_working_set,minikube,prometheus-monitoring-kube-prometheus-prometheus-0,monitoring,/kubepods/besteffort/pod6bff50b8-f988-4ff2-a8c1-8f95f2c25189,1780920605,332279808.0
memory_working_set,minikube,storage-provisioner,kube-system,/kubepods/besteffort/pod9bffcac8-a0cd-49a4-ad59-cdbf60a579cb,1780920605,20750336.0
memory_working_set,minikube,monitoring-grafana-6f66955c48-hlrcn,monitoring,/kubepods/besteffort/pod9d3fe3f0-8989-47b4-8478-0ae7be66df8d,1780920605,404463616.0
memory_working_set,minikube,chaos-daemon-n6ghj,chaos-testing,/kubepods/besteffort/poda051be83-a7cd-43e4-83d3-76f3c90e8474,1780920605,19238912.0
memory_working_set,minikube,monitoring-kube-prometheus-operator-556b56cc6d-n6dg9,monitoring,/kubepods/besteffort/podc8122519-a592-495f-9353-00a2f23fdf80,1780920605,40185856.0
memory_working_set,minikube,monitoring-prometheus-node-exporter-pdw8p,monitoring,/kubepods/besteffort/podd35abb3b-34f0-40fa-af55-3ab246fc64c8,1780920605,19210240.0
memory_working_set,minikube,kube-scheduler-minikube,kube-system,/kubepods/burstable/pod1c7123a121598343200ffd5b015ca580,1780920605,40771584.0
memory_working_set,minikube,shippingservice-55656785c7-lk4mx,boutique,/kubepods/burstable/pod1df51271-c9ea-47fa-8fb2-cf15bbc7c216,1780920605,15249408.0
memory_working_set,minikube,chaos-controller-manager-659785674d-29q42,chaos-testing,/kubepods/burstable/pod21ab858c-cee8-438c-8682-c786dc3dc044,1780920605,29609984.0
memory_working_set,minikube,chaos-controller-manager-659785674d-fjb2r,chaos-testing,/kubepods/burstable/pod2569141a-4d05-422e-bcf2-2f01e2f5056d,1780920605,36511744.0
memory_working_set,minikube,coredns-7d764666f9-hxxb8,kube-system,/kubepods/burstable/pod596c18fb-891c-4e87-9b11-83d99dd6d264,1780920605,39964672.0
memory_working_set,minikube,recommendationservice-6f8f67d69-fhrns,boutique,/kubepods/burstable/pod5ded7b1a-44d9-4178-8596-57a9e25f6171,1780920605,57868288.0
memory_working_set,minikube,etcd-minikube,kube-system,/kubepods/burstable/pod5ff8e3b06bbaa8cb7ebc2bf531e48a2f,1780920605,90025984.0
memory_working_set,minikube,emailservice-7466dc585-sv4wh,boutique,/kubepods/burstable/pod6116940a-da83-4761-97dc-892a207b789e,1780920605,53194752.0
memory_working_set,minikube,cartservice-546c548494-cb4lb,boutique,/kubepods/burstable/pod6ec732c5-cf34-4e25-a3ce-ff4b44ce8d19,1780920605,71618560.0
memory_working_set,minikube,kube-controller-manager-minikube,kube-system,/kubepods/burstable/pod740363cf4388c2d0df59fc97f96b889c,1780920605,95997952.0
memory_working_set,minikube,chaos-dashboard-5b77585c6c-zm7f4,chaos-testing,/kubepods/burstable/pod7d3e8284-7c72-4577-a8fb-79d957f69104,1780920605,48291840.0
memory_working_set,minikube,chaos-dns-server-6bccb5bb76-gscmn,chaos-testing,/kubepods/burstable/pod8a82a436-ef3f-4750-8f39-dbfde680d0b8,1780920605,28020736.0
memory_working_set,minikube,coredns-7d764666f9-gmlgd,kube-system,/kubepods/burstable/pod9289fad3-6e91-4617-b97d-6da4631c2f35,1780920605,31666176.0
memory_working_set,minikube,adservice-8576649cff-5bvst,boutique,/kubepods/burstable/pod9d685cd3-17df-43af-a26e-7743c006902d,1780920605,112328704.0
memory_working_set,minikube,kube-apiserver-minikube,kube-system,/kubepods/burstable/poda6dc00f40d27725f15407f95751ce5f7,1780920605,550666240.0
memory_working_set,minikube,alertmanager-monitoring-kube-prometheus-alertmanager-0,monitoring,/kubepods/burstable/podb5fde93f-2f9a-427f-aa16-8a257f179975,1780920605,53014528.0
memory_working_set,minikube,currencyservice-fd8f5dfb7-js8gr,boutique,/kubepods/burstable/podc827ec2d-8a9d-4e1c-8017-62c3901eccb4,1780920605,113561600.0
memory_working_set,minikube,redis-cart-6899b65948-ms767,boutique,/kubepods/burstable/podd425db0f-53f9-4bec-9ee1-49e4ced03bb6,1780920605,13557760.0
memory_working_set,minikube,chaos-controller-manager-659785674d-wbwg8,chaos-testing,/kubepods/burstable/podd7abbfc2-2af5-4b28-b438-3ebef4bafcce,1780920605,27774976.0
memory_working_set,minikube,paymentservice-6b76dfb449-n8mm2,boutique,/kubepods/burstable/podd9986049-5066-4a99-a156-0bc7b2391961,1780920605,80973824.0
memory_working_set,minikube,checkoutservice-75b9cd684f-vzdsz,boutique,/kubepods/burstable/pod5827d8c7-6a98-4352-9825-164648474ddc,1780920605,17743872.0
memory_working_set,minikube,frontend-694b9f76cd-z2pk6,boutique,/kubepods/burstable/podcf6049c2-3667-4622-87ba-b06efa553d48,1780920605,23736320.0
memory_working_set,minikube,productcatalogservice-fb49fc9cc-wptz6,boutique,/kubepods/burstable/pode9d4586d-6739-497d-ae8d-4fd70972eea8,1780920605,18300928.0
memory_working_set,minikube,loadgenerator-7694cd65db-bdz8c,boutique,/kubepods/burstable/pod38d6ef8e-d456-4bd4-95a0-ea6760631a9d,1780920605,77586432.0
cpu_rate,minikube,kube-proxy-fshvh,kube-system,/kubepods/besteffort/pod2f4efb93-ee48-4c37-b1e1-6f2e54a917c7,1780920634,0.00035574360336014185
cpu_rate,minikube,monitoring-kube-state-metrics-868694bc4b-689cm,monitoring,/kubepods/besteffort/pod59c52cc8-67e3-4946-aac6-7ff0ef74285f,1780920634,0.000864472495117032
cpu_rate,minikube,prometheus-monitoring-kube-prometheus-prometheus-0,monitoring,/kubepods/besteffort/pod6bff50b8-f988-4ff2-a8c1-8f95f2c25189,1780920634,0.010327452592298026
cpu_rate,minikube,storage-provisioner,kube-system,/kubepods/besteffort/pod9bffcac8-a0cd-49a4-ad59-cdbf60a579cb,1780920634,0.0015585781950790388
cpu_rate,minikube,monitoring-grafana-6f66955c48-hlrcn,monitoring,/kubepods/besteffort/pod9d3fe3f0-8989-47b4-8478-0ae7be66df8d,1780920634,0.01021940970686415
cpu_rate,minikube,chaos-daemon-n6ghj,chaos-testing,/kubepods/besteffort/poda051be83-a7cd-43e4-83d3-76f3c90e8474,1780920634,8.380750738825479e-07
cpu_rate,minikube,monitoring-kube-prometheus-operator-556b56cc6d-n6dg9,monitoring,/kubepods/besteffort/podc8122519-a592-495f-9353-00a2f23fdf80,1780920634,0.002433381233994698
cpu_rate,minikube,monitoring-prometheus-node-exporter-pdw8p,monitoring,/kubepods/besteffort/podd35abb3b-34f0-40fa-af55-3ab246fc64c8,1780920634,0.0011781714319250743
cpu_rate,minikube,kube-scheduler-minikube,kube-system,/kubepods/burstable/pod1c7123a121598343200ffd5b015ca580,1780920634,0.0046273421093069025
cpu_rate,minikube,shippingservice-55656785c7-lk4mx,boutique,/kubepods/burstable/pod1df51271-c9ea-47fa-8fb2-cf15bbc7c216,1780920634,0.000715483812126346
cpu_rate,minikube,chaos-controller-manager-659785674d-29q42,chaos-testing,/kubepods/burstable/pod21ab858c-cee8-438c-8682-c786dc3dc044,1780920634,0.000557272220961684
cpu_rate,minikube,chaos-controller-manager-659785674d-fjb2r,chaos-testing,/kubepods/burstable/pod2569141a-4d05-422e-bcf2-2f01e2f5056d,1780920634,0.005050152680607495
cpu_rate,minikube,coredns-7d764666f9-hxxb8,kube-system,/kubepods/burstable/pod596c18fb-891c-4e87-9b11-83d99dd6d264,1780920634,0.0020962141306968946
cpu_rate,minikube,recommendationservice-6f8f67d69-fhrns,boutique,/kubepods/burstable/pod5ded7b1a-44d9-4178-8596-57a9e25f6171,1780920634,0.004974057064686205
cpu_rate,minikube,etcd-minikube,kube-system,/kubepods/burstable/pod5ff8e3b06bbaa8cb7ebc2bf531e48a2f,1780920634,0.02425016395900052
cpu_rate,minikube,emailservice-7466dc585-sv4wh,boutique,/kubepods/burstable/pod6116940a-da83-4761-97dc-892a207b789e,1780920634,0.0014493478950289424
cpu_rate,minikube,cartservice-546c548494-cb4lb,boutique,/kubepods/burstable/pod6ec732c5-cf34-4e25-a3ce-ff4b44ce8d19,1780920634,0.003991496174716685
cpu_rate,minikube,kube-controller-manager-minikube,kube-system,/kubepods/burstable/pod740363cf4388c2d0df59fc97f96b889c,1780920634,0.010014771428571595
cpu_rate,minikube,chaos-dashboard-5b77585c6c-zm7f4,chaos-testing,/kubepods/burstable/pod7d3e8284-7c72-4577-a8fb-79d957f69104,1780920634,0.0020409840420821984
cpu_rate,minikube,chaos-dns-server-6bccb5bb76-gscmn,chaos-testing,/kubepods/burstable/pod8a82a436-ef3f-4750-8f39-dbfde680d0b8,1780920634,0.0019162713449845604
cpu_rate,minikube,coredns-7d764666f9-gmlgd,kube-system,/kubepods/burstable/pod9289fad3-6e91-4617-b97d-6da4631c2f35,1780920634,0.00218459462377201
cpu_rate,minikube,adservice-8576649cff-5bvst,boutique,/kubepods/burstable/pod9d685cd3-17df-43af-a26e-7743c006902d,1780920634,0.0011645267850461118
cpu_rate,minikube,kube-apiserver-minikube,kube-system,/kubepods/burstable/poda6dc00f40d27725f15407f95751ce5f7,1780920634,0.04075225882910455
cpu_rate,minikube,alertmanager-monitoring-kube-prometheus-alertmanager-0,monitoring,/kubepods/burstable/podb5fde93f-2f9a-427f-aa16-8a257f179975,1780920634,0.0006717184137719162
cpu_rate,minikube,currencyservice-fd8f5dfb7-js8gr,boutique,/kubepods/burstable/podc827ec2d-8a9d-4e1c-8017-62c3901eccb4,1780920634,0.006549587415396636
cpu_rate,minikube,redis-cart-6899b65948-ms767,boutique,/kubepods/burstable/podd425db0f-53f9-4bec-9ee1-49e4ced03bb6,1780920634,0.001755125842158385
cpu_rate,minikube,chaos-controller-manager-659785674d-wbwg8,chaos-testing,/kubepods/burstable/podd7abbfc2-2af5-4b28-b438-3ebef4bafcce,1780920634,0.0004507035466461123
cpu_rate,minikube,paymentservice-6b76dfb449-n8mm2,boutique,/kubepods/burstable/podd9986049-5066-4a99-a156-0bc7b2391961,1780920634,0.0007729971533143339
cpu_rate,minikube,checkoutservice-75b9cd684f-vzdsz,boutique,/kubepods/burstable/pod5827d8c7-6a98-4352-9825-164648474ddc,1780920634,0.0008698656845753921
cpu_rate,minikube,frontend-694b9f76cd-z2pk6,boutique,/kubepods/burstable/podcf6049c2-3667-4622-87ba-b06efa553d48,1780920634,0.008399494444143275
cpu_rate,minikube,productcatalogservice-fb49fc9cc-wptz6,boutique,/kubepods/burstable/pode9d4586d-6739-497d-ae8d-4fd70972eea8,1780920634,0.0039650617628499245
cpu_rate,minikube,loadgenerator-7694cd65db-bdz8c,boutique,/kubepods/burstable/pod38d6ef8e-d456-4bd4-95a0-ea6760631a9d,1780920634,0.002669649380936667
memory_working_set,minikube,kube-proxy-fshvh,kube-system,/kubepods/besteffort/pod2f4efb93-ee48-4c37-b1e1-6f2e54a917c7,1780920634,38481920.0
memory_working_set,minikube,monitoring-kube-state-metrics-868694bc4b-689cm,monitoring,/kubepods/besteffort/pod59c52cc8-67e3-4946-aac6-7ff0ef74285f,1780920634,38416384.0
memory_working_set,minikube,prometheus-monitoring-kube-prometheus-prometheus-0,monitoring,/kubepods/besteffort/pod6bff50b8-f988-4ff2-a8c1-8f95f2c25189,1780920634,323239936.0
memory_working_set,minikube,storage-provisioner,kube-system,/kubepods/besteffort/pod9bffcac8-a0cd-49a4-ad59-cdbf60a579cb,1780920634,20602880.0
memory_working_set,minikube,monitoring-grafana-6f66955c48-hlrcn,monitoring,/kubepods/besteffort/pod9d3fe3f0-8989-47b4-8478-0ae7be66df8d,1780920634,404426752.0
memory_working_set,minikube,chaos-daemon-n6ghj,chaos-testing,/kubepods/besteffort/poda051be83-a7cd-43e4-83d3-76f3c90e8474,1780920634,19238912.0
memory_working_set,minikube,monitoring-kube-prometheus-operator-556b56cc6d-n6dg9,monitoring,/kubepods/besteffort/podc8122519-a592-495f-9353-00a2f23fdf80,1780920634,40923136.0
memory_working_set,minikube,monitoring-prometheus-node-exporter-pdw8p,monitoring,/kubepods/besteffort/podd35abb3b-34f0-40fa-af55-3ab246fc64c8,1780920634,20271104.0
memory_working_set,minikube,kube-scheduler-minikube,kube-system,/kubepods/burstable/pod1c7123a121598343200ffd5b015ca580,1780920634,40763392.0
memory_working_set,minikube,shippingservice-55656785c7-lk4mx,boutique,/kubepods/burstable/pod1df51271-c9ea-47fa-8fb2-cf15bbc7c216,1780920634,15245312.0
memory_working_set,minikube,chaos-controller-manager-659785674d-29q42,chaos-testing,/kubepods/burstable/pod21ab858c-cee8-438c-8682-c786dc3dc044,1780920634,29614080.0
memory_working_set,minikube,chaos-controller-manager-659785674d-fjb2r,chaos-testing,/kubepods/burstable/pod2569141a-4d05-422e-bcf2-2f01e2f5056d,1780920634,36511744.0
memory_working_set,minikube,coredns-7d764666f9-hxxb8,kube-system,/kubepods/burstable/pod596c18fb-891c-4e87-9b11-83d99dd6d264,1780920634,39735296.0
memory_working_set,minikube,recommendationservice-6f8f67d69-fhrns,boutique,/kubepods/burstable/pod5ded7b1a-44d9-4178-8596-57a9e25f6171,1780920634,57868288.0
memory_working_set,minikube,etcd-minikube,kube-system,/kubepods/burstable/pod5ff8e3b06bbaa8cb7ebc2bf531e48a2f,1780920634,88616960.0
memory_working_set,minikube,emailservice-7466dc585-sv4wh,boutique,/kubepods/burstable/pod6116940a-da83-4761-97dc-892a207b789e,1780920634,53198848.0
memory_working_set,minikube,cartservice-546c548494-cb4lb,boutique,/kubepods/burstable/pod6ec732c5-cf34-4e25-a3ce-ff4b44ce8d19,1780920634,71618560.0
memory_working_set,minikube,kube-controller-manager-minikube,kube-system,/kubepods/burstable/pod740363cf4388c2d0df59fc97f96b889c,1780920634,95993856.0
memory_working_set,minikube,chaos-dashboard-5b77585c6c-zm7f4,chaos-testing,/kubepods/burstable/pod7d3e8284-7c72-4577-a8fb-79d957f69104,1780920634,48291840.0
memory_working_set,minikube,chaos-dns-server-6bccb5bb76-gscmn,chaos-testing,/kubepods/burstable/pod8a82a436-ef3f-4750-8f39-dbfde680d0b8,1780920634,28024832.0
memory_working_set,minikube,coredns-7d764666f9-gmlgd,kube-system,/kubepods/burstable/pod9289fad3-6e91-4617-b97d-6da4631c2f35,1780920634,31662080.0
memory_working_set,minikube,adservice-8576649cff-5bvst,boutique,/kubepods/burstable/pod9d685cd3-17df-43af-a26e-7743c006902d,1780920634,112328704.0
memory_working_set,minikube,kube-apiserver-minikube,kube-system,/kubepods/burstable/poda6dc00f40d27725f15407f95751ce5f7,1780920634,550551552.0
memory_working_set,minikube,alertmanager-monitoring-kube-prometheus-alertmanager-0,monitoring,/kubepods/burstable/podb5fde93f-2f9a-427f-aa16-8a257f179975,1780920634,53817344.0
memory_working_set,minikube,currencyservice-fd8f5dfb7-js8gr,boutique,/kubepods/burstable/podc827ec2d-8a9d-4e1c-8017-62c3901eccb4,1780920634,113414144.0
memory_working_set,minikube,redis-cart-6899b65948-ms767,boutique,/kubepods/burstable/podd425db0f-53f9-4bec-9ee1-49e4ced03bb6,1780920634,13819904.0
memory_working_set,minikube,chaos-controller-manager-659785674d-wbwg8,chaos-testing,/kubepods/burstable/podd7abbfc2-2af5-4b28-b438-3ebef4bafcce,1780920634,27774976.0
memory_working_set,minikube,paymentservice-6b76dfb449-n8mm2,boutique,/kubepods/burstable/podd9986049-5066-4a99-a156-0bc7b2391961,1780920634,80736256.0
memory_working_set,minikube,checkoutservice-75b9cd684f-vzdsz,boutique,/kubepods/burstable/pod5827d8c7-6a98-4352-9825-164648474ddc,1780920634,17743872.0
memory_working_set,minikube,frontend-694b9f76cd-z2pk6,boutique,/kubepods/burstable/podcf6049c2-3667-4622-87ba-b06efa553d48,1780920634,23621632.0
memory_working_set,minikube,productcatalogservice-fb49fc9cc-wptz6,boutique,/kubepods/burstable/pode9d4586d-6739-497d-ae8d-4fd70972eea8,1780920634,18493440.0
memory_working_set,minikube,loadgenerator-7694cd65db-bdz8c,boutique,/kubepods/burstable/pod38d6ef8e-d456-4bd4-95a0-ea6760631a9d,1780920634,77582336.0
cpu_rate,minikube,kube-proxy-fshvh,kube-system,/kubepods/besteffort/pod2f4efb93-ee48-4c37-b1e1-6f2e54a917c7,1780920664,0.0004095446703754511
cpu_rate,minikube,monitoring-kube-state-metrics-868694bc4b-689cm,monitoring,/kubepods/besteffort/pod59c52cc8-67e3-4946-aac6-7ff0ef74285f,1780920664,0.0008221471499496269
cpu_rate,minikube,prometheus-monitoring-kube-prometheus-prometheus-0,monitoring,/kubepods/besteffort/pod6bff50b8-f988-4ff2-a8c1-8f95f2c25189,1780920664,0.010185725929338318
cpu_rate,minikube,storage-provisioner,kube-system,/kubepods/besteffort/pod9bffcac8-a0cd-49a4-ad59-cdbf60a579cb,1780920664,0.0014081994192689457
cpu_rate,minikube,monitoring-grafana-6f66955c48-hlrcn,monitoring,/kubepods/besteffort/pod9d3fe3f0-8989-47b4-8478-0ae7be66df8d,1780920664,0.009522397186974804
cpu_rate,minikube,chaos-daemon-n6ghj,chaos-testing,/kubepods/besteffort/poda051be83-a7cd-43e4-83d3-76f3c90e8474,1780920664,2.518705545462898e-05
cpu_rate,minikube,monitoring-kube-prometheus-operator-556b56cc6d-n6dg9,monitoring,/kubepods/besteffort/podc8122519-a592-495f-9353-00a2f23fdf80,1780920664,0.0024998976215877965
cpu_rate,minikube,monitoring-prometheus-node-exporter-pdw8p,monitoring,/kubepods/besteffort/podd35abb3b-34f0-40fa-af55-3ab246fc64c8,1780920664,0.0010477577271967263
cpu_rate,minikube,kube-scheduler-minikube,kube-system,/kubepods/burstable/pod1c7123a121598343200ffd5b015ca580,1780920664,0.004553491034696902
cpu_rate,minikube,shippingservice-55656785c7-lk4mx,boutique,/kubepods/burstable/pod1df51271-c9ea-47fa-8fb2-cf15bbc7c216,1780920664,0.0007573990787421442
cpu_rate,minikube,chaos-controller-manager-659785674d-29q42,chaos-testing,/kubepods/burstable/pod21ab858c-cee8-438c-8682-c786dc3dc044,1780920664,0.0005457335511766297
cpu_rate,minikube,chaos-controller-manager-659785674d-fjb2r,chaos-testing,/kubepods/burstable/pod2569141a-4d05-422e-bcf2-2f01e2f5056d,1780920664,0.004393149370715032
cpu_rate,minikube,coredns-7d764666f9-hxxb8,kube-system,/kubepods/burstable/pod596c18fb-891c-4e87-9b11-83d99dd6d264,1780920664,0.002061728395061724
cpu_rate,minikube,recommendationservice-6f8f67d69-fhrns,boutique,/kubepods/burstable/pod5ded7b1a-44d9-4178-8596-57a9e25f6171,1780920664,0.0049120714793077416
cpu_rate,minikube,etcd-minikube,kube-system,/kubepods/burstable/pod5ff8e3b06bbaa8cb7ebc2bf531e48a2f,1780920664,0.02360498142670719
cpu_rate,minikube,emailservice-7466dc585-sv4wh,boutique,/kubepods/burstable/pod6116940a-da83-4761-97dc-892a207b789e,1780920664,0.0014577480257308457
cpu_rate,minikube,cartservice-546c548494-cb4lb,boutique,/kubepods/burstable/pod6ec732c5-cf34-4e25-a3ce-ff4b44ce8d19,1780920664,0.004067139186017376
cpu_rate,minikube,kube-controller-manager-minikube,kube-system,/kubepods/burstable/pod740363cf4388c2d0df59fc97f96b889c,1780920664,0.011506317566911775
cpu_rate,minikube,chaos-dashboard-5b77585c6c-zm7f4,chaos-testing,/kubepods/burstable/pod7d3e8284-7c72-4577-a8fb-79d957f69104,1780920664,0.002085063304569331
cpu_rate,minikube,chaos-dns-server-6bccb5bb76-gscmn,chaos-testing,/kubepods/burstable/pod8a82a436-ef3f-4750-8f39-dbfde680d0b8,1780920664,0.001987055767709099
cpu_rate,minikube,coredns-7d764666f9-gmlgd,kube-system,/kubepods/burstable/pod9289fad3-6e91-4617-b97d-6da4631c2f35,1780920664,0.0020887816198654134
cpu_rate,minikube,adservice-8576649cff-5bvst,boutique,/kubepods/burstable/pod9d685cd3-17df-43af-a26e-7743c006902d,1780920664,0.0010874166872672079
cpu_rate,minikube,kube-apiserver-minikube,kube-system,/kubepods/burstable/poda6dc00f40d27725f15407f95751ce5f7,1780920664,0.04138520612860067
cpu_rate,minikube,alertmanager-monitoring-kube-prometheus-alertmanager-0,monitoring,/kubepods/burstable/podb5fde93f-2f9a-427f-aa16-8a257f179975,1780920664,0.000613781916040766
cpu_rate,minikube,currencyservice-fd8f5dfb7-js8gr,boutique,/kubepods/burstable/podc827ec2d-8a9d-4e1c-8017-62c3901eccb4,1780920664,0.006393280806391304
cpu_rate,minikube,redis-cart-6899b65948-ms767,boutique,/kubepods/burstable/podd425db0f-53f9-4bec-9ee1-49e4ced03bb6,1780920664,0.0017617806092946574
cpu_rate,minikube,chaos-controller-manager-659785674d-wbwg8,chaos-testing,/kubepods/burstable/podd7abbfc2-2af5-4b28-b438-3ebef4bafcce,1780920664,0.000520175897406092
cpu_rate,minikube,paymentservice-6b76dfb449-n8mm2,boutique,/kubepods/burstable/podd9986049-5066-4a99-a156-0bc7b2391961,1780920664,0.0006188096804594947
cpu_rate,minikube,checkoutservice-75b9cd684f-vzdsz,boutique,/kubepods/burstable/pod5827d8c7-6a98-4352-9825-164648474ddc,1780920664,0.0007733246234245378
cpu_rate,minikube,frontend-694b9f76cd-z2pk6,boutique,/kubepods/burstable/podcf6049c2-3667-4622-87ba-b06efa553d48,1780920664,0.009140193681835246
cpu_rate,minikube,productcatalogservice-fb49fc9cc-wptz6,boutique,/kubepods/burstable/pode9d4586d-6739-497d-ae8d-4fd70972eea8,1780920664,0.004331814143568
cpu_rate,minikube,loadgenerator-7694cd65db-bdz8c,boutique,/kubepods/burstable/pod38d6ef8e-d456-4bd4-95a0-ea6760631a9d,1780920664,0.002615988218980811
memory_working_set,minikube,kube-proxy-fshvh,kube-system,/kubepods/besteffort/pod2f4efb93-ee48-4c37-b1e1-6f2e54a917c7,1780920664,38432768.0
memory_working_set,minikube,monitoring-kube-state-metrics-868694bc4b-689cm,monitoring,/kubepods/besteffort/pod59c52cc8-67e3-4946-aac6-7ff0ef74285f,1780920664,38416384.0
memory_working_set,minikube,prometheus-monitoring-kube-prometheus-prometheus-0,monitoring,/kubepods/besteffort/pod6bff50b8-f988-4ff2-a8c1-8f95f2c25189,1780920664,318029824.0
memory_working_set,minikube,storage-provisioner,kube-system,/kubepods/besteffort/pod9bffcac8-a0cd-49a4-ad59-cdbf60a579cb,1780920664,20602880.0
memory_working_set,minikube,monitoring-grafana-6f66955c48-hlrcn,monitoring,/kubepods/besteffort/pod9d3fe3f0-8989-47b4-8478-0ae7be66df8d,1780920664,404422656.0
memory_working_set,minikube,chaos-daemon-n6ghj,chaos-testing,/kubepods/besteffort/poda051be83-a7cd-43e4-83d3-76f3c90e8474,1780920664,19238912.0
memory_working_set,minikube,monitoring-kube-prometheus-operator-556b56cc6d-n6dg9,monitoring,/kubepods/besteffort/podc8122519-a592-495f-9353-00a2f23fdf80,1780920664,40996864.0
memory_working_set,minikube,monitoring-prometheus-node-exporter-pdw8p,monitoring,/kubepods/besteffort/podd35abb3b-34f0-40fa-af55-3ab246fc64c8,1780920664,19582976.0
memory_working_set,minikube,kube-scheduler-minikube,kube-system,/kubepods/burstable/pod1c7123a121598343200ffd5b015ca580,1780920664,40763392.0
memory_working_set,minikube,shippingservice-55656785c7-lk4mx,boutique,/kubepods/burstable/pod1df51271-c9ea-47fa-8fb2-cf15bbc7c216,1780920664,15052800.0
memory_working_set,minikube,chaos-controller-manager-659785674d-29q42,chaos-testing,/kubepods/burstable/pod21ab858c-cee8-438c-8682-c786dc3dc044,1780920664,29609984.0
memory_working_set,minikube,chaos-controller-manager-659785674d-fjb2r,chaos-testing,/kubepods/burstable/pod2569141a-4d05-422e-bcf2-2f01e2f5056d,1780920664,36511744.0
memory_working_set,minikube,coredns-7d764666f9-hxxb8,kube-system,/kubepods/burstable/pod596c18fb-891c-4e87-9b11-83d99dd6d264,1780920664,39718912.0
memory_working_set,minikube,recommendationservice-6f8f67d69-fhrns,boutique,/kubepods/burstable/pod5ded7b1a-44d9-4178-8596-57a9e25f6171,1780920664,57872384.0
memory_working_set,minikube,etcd-minikube,kube-system,/kubepods/burstable/pod5ff8e3b06bbaa8cb7ebc2bf531e48a2f,1780920664,89415680.0
memory_working_set,minikube,emailservice-7466dc585-sv4wh,boutique,/kubepods/burstable/pod6116940a-da83-4761-97dc-892a207b789e,1780920664,53198848.0
memory_working_set,minikube,cartservice-546c548494-cb4lb,boutique,/kubepods/burstable/pod6ec732c5-cf34-4e25-a3ce-ff4b44ce8d19,1780920664,71614464.0
memory_working_set,minikube,kube-controller-manager-minikube,kube-system,/kubepods/burstable/pod740363cf4388c2d0df59fc97f96b889c,1780920664,96256000.0
memory_working_set,minikube,chaos-dashboard-5b77585c6c-zm7f4,chaos-testing,/kubepods/burstable/pod7d3e8284-7c72-4577-a8fb-79d957f69104,1780920664,48291840.0
memory_working_set,minikube,chaos-dns-server-6bccb5bb76-gscmn,chaos-testing,/kubepods/burstable/pod8a82a436-ef3f-4750-8f39-dbfde680d0b8,1780920664,28102656.0
memory_working_set,minikube,coredns-7d764666f9-gmlgd,kube-system,/kubepods/burstable/pod9289fad3-6e91-4617-b97d-6da4631c2f35,1780920664,31674368.0
memory_working_set,minikube,adservice-8576649cff-5bvst,boutique,/kubepods/burstable/pod9d685cd3-17df-43af-a26e-7743c006902d,1780920664,112586752.0
memory_working_set,minikube,kube-apiserver-minikube,kube-system,/kubepods/burstable/poda6dc00f40d27725f15407f95751ce5f7,1780920664,554631168.0
memory_working_set,minikube,alertmanager-monitoring-kube-prometheus-alertmanager-0,monitoring,/kubepods/burstable/podb5fde93f-2f9a-427f-aa16-8a257f179975,1780920664,54800384.0
memory_working_set,minikube,currencyservice-fd8f5dfb7-js8gr,boutique,/kubepods/burstable/podc827ec2d-8a9d-4e1c-8017-62c3901eccb4,1780920664,113348608.0
memory_working_set,minikube,redis-cart-6899b65948-ms767,boutique,/kubepods/burstable/podd425db0f-53f9-4bec-9ee1-49e4ced03bb6,1780920664,13557760.0
memory_working_set,minikube,chaos-controller-manager-659785674d-wbwg8,chaos-testing,/kubepods/burstable/podd7abbfc2-2af5-4b28-b438-3ebef4bafcce,1780920664,27774976.0
memory_working_set,minikube,paymentservice-6b76dfb449-n8mm2,boutique,/kubepods/burstable/podd9986049-5066-4a99-a156-0bc7b2391961,1780920664,81133568.0
memory_working_set,minikube,checkoutservice-75b9cd684f-vzdsz,boutique,/kubepods/burstable/pod5827d8c7-6a98-4352-9825-164648474ddc,1780920664,17760256.0
memory_working_set,minikube,frontend-694b9f76cd-z2pk6,boutique,/kubepods/burstable/podcf6049c2-3667-4622-87ba-b06efa553d48,1780920664,23420928.0
memory_working_set,minikube,productcatalogservice-fb49fc9cc-wptz6,boutique,/kubepods/burstable/pode9d4586d-6739-497d-ae8d-4fd70972eea8,1780920664,18718720.0
memory_working_set,minikube,loadgenerator-7694cd65db-bdz8c,boutique,/kubepods/burstable/pod38d6ef8e-d456-4bd4-95a0-ea6760631a9d,1780920664,77590528.0
cpu_rate,minikube,kube-proxy-fshvh,kube-system,/kubepods/besteffort/pod2f4efb93-ee48-4c37-b1e1-6f2e54a917c7,1780920693,0.0005617310616533124
cpu_rate,minikube,monitoring-kube-state-metrics-868694bc4b-689cm,monitoring,/kubepods/besteffort/pod59c52cc8-67e3-4946-aac6-7ff0ef74285f,1780920693,0.0007740258894760007
cpu_rate,minikube,prometheus-monitoring-kube-prometheus-prometheus-0,monitoring,/kubepods/besteffort/pod6bff50b8-f988-4ff2-a8c1-8f95f2c25189,1780920693,0.010232700964044723
cpu_rate,minikube,storage-provisioner,kube-system,/kubepods/besteffort/pod9bffcac8-a0cd-49a4-ad59-cdbf60a579cb,1780920693,0.0014731645472357612
cpu_rate,minikube,monitoring-grafana-6f66955c48-hlrcn,monitoring,/kubepods/besteffort/pod9d3fe3f0-8989-47b4-8478-0ae7be66df8d,1780920693,0.009962573728601825
cpu_rate,minikube,chaos-daemon-n6ghj,chaos-testing,/kubepods/besteffort/poda051be83-a7cd-43e4-83d3-76f3c90e8474,1780920693,2.620123850937978e-05
cpu_rate,minikube,monitoring-kube-prometheus-operator-556b56cc6d-n6dg9,monitoring,/kubepods/besteffort/podc8122519-a592-495f-9353-00a2f23fdf80,1780920693,0.0021438118716536458
cpu_rate,minikube,monitoring-prometheus-node-exporter-pdw8p,monitoring,/kubepods/besteffort/podd35abb3b-34f0-40fa-af55-3ab246fc64c8,1780920693,0.0010631296768066352
cpu_rate,minikube,kube-scheduler-minikube,kube-system,/kubepods/burstable/pod1c7123a121598343200ffd5b015ca580,1780920693,0.0044950159124995965
cpu_rate,minikube,shippingservice-55656785c7-lk4mx,boutique,/kubepods/burstable/pod1df51271-c9ea-47fa-8fb2-cf15bbc7c216,1780920693,0.0007319464185726278
cpu_rate,minikube,chaos-controller-manager-659785674d-29q42,chaos-testing,/kubepods/burstable/pod21ab858c-cee8-438c-8682-c786dc3dc044,1780920693,0.0004109870852222864
cpu_rate,minikube,chaos-controller-manager-659785674d-fjb2r,chaos-testing,/kubepods/burstable/pod2569141a-4d05-422e-bcf2-2f01e2f5056d,1780920693,0.004525061923614684
cpu_rate,minikube,coredns-7d764666f9-hxxb8,kube-system,/kubepods/burstable/pod596c18fb-891c-4e87-9b11-83d99dd6d264,1780920693,0.001985442286691114
cpu_rate,minikube,recommendationservice-6f8f67d69-fhrns,boutique,/kubepods/burstable/pod5ded7b1a-44d9-4178-8596-57a9e25f6171,1780920693,0.005052910342312592
cpu_rate,minikube,etcd-minikube,kube-system,/kubepods/burstable/pod5ff8e3b06bbaa8cb7ebc2bf531e48a2f,1780920693,0.023619644567613216
cpu_rate,minikube,emailservice-7466dc585-sv4wh,boutique,/kubepods/burstable/pod6116940a-da83-4761-97dc-892a207b789e,1780920693,0.0014093514234504573
cpu_rate,minikube,cartservice-546c548494-cb4lb,boutique,/kubepods/burstable/pod6ec732c5-cf34-4e25-a3ce-ff4b44ce8d19,1780920693,0.003545638897011556
cpu_rate,minikube,kube-controller-manager-minikube,kube-system,/kubepods/burstable/pod740363cf4388c2d0df59fc97f96b889c,1780920693,0.011756720824470166
cpu_rate,minikube,chaos-dashboard-5b77585c6c-zm7f4,chaos-testing,/kubepods/burstable/pod7d3e8284-7c72-4577-a8fb-79d957f69104,1780920693,0.002055493516681166
cpu_rate,minikube,chaos-dns-server-6bccb5bb76-gscmn,chaos-testing,/kubepods/burstable/pod8a82a436-ef3f-4750-8f39-dbfde680d0b8,1780920693,0.001958889430950971
cpu_rate,minikube,coredns-7d764666f9-gmlgd,kube-system,/kubepods/burstable/pod9289fad3-6e91-4617-b97d-6da4631c2f35,1780920693,0.0018027226202662297
cpu_rate,minikube,adservice-8576649cff-5bvst,boutique,/kubepods/burstable/pod9d685cd3-17df-43af-a26e-7743c006902d,1780920693,0.0011297842822556225
cpu_rate,minikube,kube-apiserver-minikube,kube-system,/kubepods/burstable/poda6dc00f40d27725f15407f95751ce5f7,1780920693,0.041714113880892495
cpu_rate,minikube,alertmanager-monitoring-kube-prometheus-alertmanager-0,monitoring,/kubepods/burstable/podb5fde93f-2f9a-427f-aa16-8a257f179975,1780920693,0.0005976895109728637
cpu_rate,minikube,currencyservice-fd8f5dfb7-js8gr,boutique,/kubepods/burstable/podc827ec2d-8a9d-4e1c-8017-62c3901eccb4,1780920693,0.00598680527420675
cpu_rate,minikube,redis-cart-6899b65948-ms767,boutique,/kubepods/burstable/podd425db0f-53f9-4bec-9ee1-49e4ced03bb6,1780920693,0.0017446238426500154
cpu_rate,minikube,chaos-controller-manager-659785674d-wbwg8,chaos-testing,/kubepods/burstable/podd7abbfc2-2af5-4b28-b438-3ebef4bafcce,1780920693,0.00046016902767342195
cpu_rate,minikube,paymentservice-6b76dfb449-n8mm2,boutique,/kubepods/burstable/podd9986049-5066-4a99-a156-0bc7b2391961,1780920693,0.0005968535282972054
cpu_rate,minikube,checkoutservice-75b9cd684f-vzdsz,boutique,/kubepods/burstable/pod5827d8c7-6a98-4352-9825-164648474ddc,1780920693,0.0006069295607607284
cpu_rate,minikube,frontend-694b9f76cd-z2pk6,boutique,/kubepods/burstable/podcf6049c2-3667-4622-87ba-b06efa553d48,1780920693,0.00870535392699019
cpu_rate,minikube,productcatalogservice-fb49fc9cc-wptz6,boutique,/kubepods/burstable/pode9d4586d-6739-497d-ae8d-4fd70972eea8,1780920693,0.0043809194040730776
cpu_rate,minikube,loadgenerator-7694cd65db-bdz8c,boutique,/kubepods/burstable/pod38d6ef8e-d456-4bd4-95a0-ea6760631a9d,1780920693,0.002610840113475619
memory_working_set,minikube,kube-proxy-fshvh,kube-system,/kubepods/besteffort/pod2f4efb93-ee48-4c37-b1e1-6f2e54a917c7,1780920693,39096320.0
memory_working_set,minikube,monitoring-kube-state-metrics-868694bc4b-689cm,monitoring,/kubepods/besteffort/pod59c52cc8-67e3-4946-aac6-7ff0ef74285f,1780920693,38416384.0
memory_working_set,minikube,prometheus-monitoring-kube-prometheus-prometheus-0,monitoring,/kubepods/besteffort/pod6bff50b8-f988-4ff2-a8c1-8f95f2c25189,1780920693,322400256.0
memory_working_set,minikube,storage-provisioner,kube-system,/kubepods/besteffort/pod9bffcac8-a0cd-49a4-ad59-cdbf60a579cb,1780920693,20660224.0
memory_working_set,minikube,monitoring-grafana-6f66955c48-hlrcn,monitoring,/kubepods/besteffort/pod9d3fe3f0-8989-47b4-8478-0ae7be66df8d,1780920693,404283392.0
memory_working_set,minikube,chaos-daemon-n6ghj,chaos-testing,/kubepods/besteffort/poda051be83-a7cd-43e4-83d3-76f3c90e8474,1780920693,19238912.0
memory_working_set,minikube,monitoring-kube-prometheus-operator-556b56cc6d-n6dg9,monitoring,/kubepods/besteffort/podc8122519-a592-495f-9353-00a2f23fdf80,1780920693,40996864.0
memory_working_set,minikube,monitoring-prometheus-node-exporter-pdw8p,monitoring,/kubepods/besteffort/podd35abb3b-34f0-40fa-af55-3ab246fc64c8,1780920693,19632128.0
memory_working_set,minikube,kube-scheduler-minikube,kube-system,/kubepods/burstable/pod1c7123a121598343200ffd5b015ca580,1780920693,40767488.0
memory_working_set,minikube,shippingservice-55656785c7-lk4mx,boutique,/kubepods/burstable/pod1df51271-c9ea-47fa-8fb2-cf15bbc7c216,1780920693,15056896.0
memory_working_set,minikube,chaos-controller-manager-659785674d-29q42,chaos-testing,/kubepods/burstable/pod21ab858c-cee8-438c-8682-c786dc3dc044,1780920693,29609984.0
memory_working_set,minikube,chaos-controller-manager-659785674d-fjb2r,chaos-testing,/kubepods/burstable/pod2569141a-4d05-422e-bcf2-2f01e2f5056d,1780920693,36511744.0
memory_working_set,minikube,coredns-7d764666f9-hxxb8,kube-system,/kubepods/burstable/pod596c18fb-891c-4e87-9b11-83d99dd6d264,1780920693,39780352.0
memory_working_set,minikube,recommendationservice-6f8f67d69-fhrns,boutique,/kubepods/burstable/pod5ded7b1a-44d9-4178-8596-57a9e25f6171,1780920693,57868288.0
memory_working_set,minikube,etcd-minikube,kube-system,/kubepods/burstable/pod5ff8e3b06bbaa8cb7ebc2bf531e48a2f,1780920693,87298048.0
memory_working_set,minikube,emailservice-7466dc585-sv4wh,boutique,/kubepods/burstable/pod6116940a-da83-4761-97dc-892a207b789e,1780920693,53198848.0
memory_working_set,minikube,cartservice-546c548494-cb4lb,boutique,/kubepods/burstable/pod6ec732c5-cf34-4e25-a3ce-ff4b44ce8d19,1780920693,71618560.0
memory_working_set,minikube,kube-controller-manager-minikube,kube-system,/kubepods/burstable/pod740363cf4388c2d0df59fc97f96b889c,1780920693,95997952.0
memory_working_set,minikube,chaos-dashboard-5b77585c6c-zm7f4,chaos-testing,/kubepods/burstable/pod7d3e8284-7c72-4577-a8fb-79d957f69104,1780920693,48291840.0
memory_working_set,minikube,chaos-dns-server-6bccb5bb76-gscmn,chaos-testing,/kubepods/burstable/pod8a82a436-ef3f-4750-8f39-dbfde680d0b8,1780920693,28184576.0
memory_working_set,minikube,coredns-7d764666f9-gmlgd,kube-system,/kubepods/burstable/pod9289fad3-6e91-4617-b97d-6da4631c2f35,1780920693,31678464.0
memory_working_set,minikube,adservice-8576649cff-5bvst,boutique,/kubepods/burstable/pod9d685cd3-17df-43af-a26e-7743c006902d,1780920693,112328704.0
memory_working_set,minikube,kube-apiserver-minikube,kube-system,/kubepods/burstable/poda6dc00f40d27725f15407f95751ce5f7,1780920693,555556864.0
memory_working_set,minikube,alertmanager-monitoring-kube-prometheus-alertmanager-0,monitoring,/kubepods/burstable/podb5fde93f-2f9a-427f-aa16-8a257f179975,1780920693,55926784.0
memory_working_set,minikube,currencyservice-fd8f5dfb7-js8gr,boutique,/kubepods/burstable/podc827ec2d-8a9d-4e1c-8017-62c3901eccb4,1780920693,113766400.0
memory_working_set,minikube,redis-cart-6899b65948-ms767,boutique,/kubepods/burstable/podd425db0f-53f9-4bec-9ee1-49e4ced03bb6,1780920693,13561856.0
memory_working_set,minikube,chaos-controller-manager-659785674d-wbwg8,chaos-testing,/kubepods/burstable/podd7abbfc2-2af5-4b28-b438-3ebef4bafcce,1780920693,27779072.0
memory_working_set,minikube,paymentservice-6b76dfb449-n8mm2,boutique,/kubepods/burstable/podd9986049-5066-4a99-a156-0bc7b2391961,1780920693,81362944.0
memory_working_set,minikube,checkoutservice-75b9cd684f-vzdsz,boutique,/kubepods/burstable/pod5827d8c7-6a98-4352-9825-164648474ddc,1780920693,17821696.0
memory_working_set,minikube,frontend-694b9f76cd-z2pk6,boutique,/kubepods/burstable/podcf6049c2-3667-4622-87ba-b06efa553d48,1780920693,23429120.0
memory_working_set,minikube,productcatalogservice-fb49fc9cc-wptz6,boutique,/kubepods/burstable/pode9d4586d-6739-497d-ae8d-4fd70972eea8,1780920693,18862080.0
memory_working_set,minikube,loadgenerator-7694cd65db-bdz8c,boutique,/kubepods/burstable/pod38d6ef8e-d456-4bd4-95a0-ea6760631a9d,1780920693,77602816.0
cpu_rate,minikube,kube-proxy-fshvh,kube-system,/kubepods/besteffort/pod2f4efb93-ee48-4c37-b1e1-6f2e54a917c7,1780920722,0.0005911008052000038
cpu_rate,minikube,monitoring-kube-state-metrics-868694bc4b-689cm,monitoring,/kubepods/besteffort/pod59c52cc8-67e3-4946-aac6-7ff0ef74285f,1780920722,0.0007496443369089927
cpu_rate,minikube,prometheus-monitoring-kube-prometheus-prometheus-0,monitoring,/kubepods/besteffort/pod6bff50b8-f988-4ff2-a8c1-8f95f2c25189,1780920722,0.009683580984122631
cpu_rate,minikube,storage-provisioner,kube-system,/kubepods/besteffort/pod9bffcac8-a0cd-49a4-ad59-cdbf60a579cb,1780920722,0.0015094278187253438
cpu_rate,minikube,monitoring-grafana-6f66955c48-hlrcn,monitoring,/kubepods/besteffort/pod9d3fe3f0-8989-47b4-8478-0ae7be66df8d,1780920722,0.008992693553713746
cpu_rate,minikube,chaos-daemon-n6ghj,chaos-testing,/kubepods/besteffort/poda051be83-a7cd-43e4-83d3-76f3c90e8474,1780920722,2.427927044518675e-05
cpu_rate,minikube,monitoring-kube-prometheus-operator-556b56cc6d-n6dg9,monitoring,/kubepods/besteffort/podc8122519-a592-495f-9353-00a2f23fdf80,1780920722,0.002566834752417932
cpu_rate,minikube,monitoring-prometheus-node-exporter-pdw8p,monitoring,/kubepods/besteffort/podd35abb3b-34f0-40fa-af55-3ab246fc64c8,1780920722,0.0010900961025093775
cpu_rate,minikube,kube-scheduler-minikube,kube-system,/kubepods/burstable/pod1c7123a121598343200ffd5b015ca580,1780920722,0.004816945780136003
cpu_rate,minikube,shippingservice-55656785c7-lk4mx,boutique,/kubepods/burstable/pod1df51271-c9ea-47fa-8fb2-cf15bbc7c216,1780920722,0.0007190760200700362
cpu_rate,minikube,chaos-controller-manager-659785674d-29q42,chaos-testing,/kubepods/burstable/pod21ab858c-cee8-438c-8682-c786dc3dc044,1780920722,0.0007444876651669472
cpu_rate,minikube,chaos-controller-manager-659785674d-fjb2r,chaos-testing,/kubepods/burstable/pod2569141a-4d05-422e-bcf2-2f01e2f5056d,1780920722,0.005054232165071198
cpu_rate,minikube,coredns-7d764666f9-hxxb8,kube-system,/kubepods/burstable/pod596c18fb-891c-4e87-9b11-83d99dd6d264,1780920722,0.002049296040463528
cpu_rate,minikube,recommendationservice-6f8f67d69-fhrns,boutique,/kubepods/burstable/pod5ded7b1a-44d9-4178-8596-57a9e25f6171,1780920722,0.005069682916505864
cpu_rate,minikube,etcd-minikube,kube-system,/kubepods/burstable/pod5ff8e3b06bbaa8cb7ebc2bf531e48a2f,1780920722,0.024453179850640477
cpu_rate,minikube,emailservice-7466dc585-sv4wh,boutique,/kubepods/burstable/pod6116940a-da83-4761-97dc-892a207b789e,1780920722,0.001430457389285741
cpu_rate,minikube,cartservice-546c548494-cb4lb,boutique,/kubepods/burstable/pod6ec732c5-cf34-4e25-a3ce-ff4b44ce8d19,1780920722,0.0036510356062370805
cpu_rate,minikube,kube-controller-manager-minikube,kube-system,/kubepods/burstable/pod740363cf4388c2d0df59fc97f96b889c,1780920722,0.010109895833333283
cpu_rate,minikube,chaos-dashboard-5b77585c6c-zm7f4,chaos-testing,/kubepods/burstable/pod7d3e8284-7c72-4577-a8fb-79d957f69104,1780920722,0.0020581473842114927
cpu_rate,minikube,chaos-dns-server-6bccb5bb76-gscmn,chaos-testing,/kubepods/burstable/pod8a82a436-ef3f-4750-8f39-dbfde680d0b8,1780920722,0.0017896371557271093
cpu_rate,minikube,coredns-7d764666f9-gmlgd,kube-system,/kubepods/burstable/pod9289fad3-6e91-4617-b97d-6da4631c2f35,1780920722,0.0020198522450949196
cpu_rate,minikube,adservice-8576649cff-5bvst,boutique,/kubepods/burstable/pod9d685cd3-17df-43af-a26e-7743c006902d,1780920722,0.0011799771412243805
cpu_rate,minikube,kube-apiserver-minikube,kube-system,/kubepods/burstable/poda6dc00f40d27725f15407f95751ce5f7,1780920722,0.051905586514072975
cpu_rate,minikube,alertmanager-monitoring-kube-prometheus-alertmanager-0,monitoring,/kubepods/burstable/podb5fde93f-2f9a-427f-aa16-8a257f179975,1780920722,0.0006287951743478206
cpu_rate,minikube,currencyservice-fd8f5dfb7-js8gr,boutique,/kubepods/burstable/podc827ec2d-8a9d-4e1c-8017-62c3901eccb4,1780920722,0.0058926350213641815
cpu_rate,minikube,redis-cart-6899b65948-ms767,boutique,/kubepods/burstable/podd425db0f-53f9-4bec-9ee1-49e4ced03bb6,1780920722,0.0017717066984933056
cpu_rate,minikube,chaos-controller-manager-659785674d-wbwg8,chaos-testing,/kubepods/burstable/podd7abbfc2-2af5-4b28-b438-3ebef4bafcce,1780920722,0.0005405144984994542
cpu_rate,minikube,paymentservice-6b76dfb449-n8mm2,boutique,/kubepods/burstable/podd9986049-5066-4a99-a156-0bc7b2391961,1780920722,0.0006178429125047882
cpu_rate,minikube,checkoutservice-75b9cd684f-vzdsz,boutique,/kubepods/burstable/pod5827d8c7-6a98-4352-9825-164648474ddc,1780920722,0.0006923658482104575
cpu_rate,minikube,frontend-694b9f76cd-z2pk6,boutique,/kubepods/burstable/podcf6049c2-3667-4622-87ba-b06efa553d48,1780920722,0.009791539088176567
cpu_rate,minikube,productcatalogservice-fb49fc9cc-wptz6,boutique,/kubepods/burstable/pode9d4586d-6739-497d-ae8d-4fd70972eea8,1780920722,0.004420612302870898
cpu_rate,minikube,loadgenerator-7694cd65db-bdz8c,boutique,/kubepods/burstable/pod38d6ef8e-d456-4bd4-95a0-ea6760631a9d,1780920722,0.002621644621219182
memory_working_set,minikube,kube-proxy-fshvh,kube-system,/kubepods/besteffort/pod2f4efb93-ee48-4c37-b1e1-6f2e54a917c7,1780920722,39096320.0
memory_working_set,minikube,monitoring-kube-state-metrics-868694bc4b-689cm,monitoring,/kubepods/besteffort/pod59c52cc8-67e3-4946-aac6-7ff0ef74285f,1780920722,38416384.0
memory_working_set,minikube,prometheus-monitoring-kube-prometheus-prometheus-0,monitoring,/kubepods/besteffort/pod6bff50b8-f988-4ff2-a8c1-8f95f2c25189,1780920722,322125824.0
memory_working_set,minikube,storage-provisioner,kube-system,/kubepods/besteffort/pod9bffcac8-a0cd-49a4-ad59-cdbf60a579cb,1780920722,20992000.0
memory_working_set,minikube,monitoring-grafana-6f66955c48-hlrcn,monitoring,/kubepods/besteffort/pod9d3fe3f0-8989-47b4-8478-0ae7be66df8d,1780920722,404283392.0
memory_working_set,minikube,chaos-daemon-n6ghj,chaos-testing,/kubepods/besteffort/poda051be83-a7cd-43e4-83d3-76f3c90e8474,1780920722,19238912.0
memory_working_set,minikube,monitoring-kube-prometheus-operator-556b56cc6d-n6dg9,monitoring,/kubepods/besteffort/podc8122519-a592-495f-9353-00a2f23fdf80,1780920722,39964672.0
memory_working_set,minikube,monitoring-prometheus-node-exporter-pdw8p,monitoring,/kubepods/besteffort/podd35abb3b-34f0-40fa-af55-3ab246fc64c8,1780920722,18186240.0
memory_working_set,minikube,kube-scheduler-minikube,kube-system,/kubepods/burstable/pod1c7123a121598343200ffd5b015ca580,1780920722,40759296.0
memory_working_set,minikube,shippingservice-55656785c7-lk4mx,boutique,/kubepods/burstable/pod1df51271-c9ea-47fa-8fb2-cf15bbc7c216,1780920722,15056896.0
memory_working_set,minikube,chaos-controller-manager-659785674d-29q42,chaos-testing,/kubepods/burstable/pod21ab858c-cee8-438c-8682-c786dc3dc044,1780920722,29614080.0
memory_working_set,minikube,chaos-controller-manager-659785674d-fjb2r,chaos-testing,/kubepods/burstable/pod2569141a-4d05-422e-bcf2-2f01e2f5056d,1780920722,36511744.0
memory_working_set,minikube,coredns-7d764666f9-hxxb8,kube-system,/kubepods/burstable/pod596c18fb-891c-4e87-9b11-83d99dd6d264,1780920722,39776256.0
memory_working_set,minikube,recommendationservice-6f8f67d69-fhrns,boutique,/kubepods/burstable/pod5ded7b1a-44d9-4178-8596-57a9e25f6171,1780920722,57872384.0
memory_working_set,minikube,etcd-minikube,kube-system,/kubepods/burstable/pod5ff8e3b06bbaa8cb7ebc2bf531e48a2f,1780920722,90284032.0
memory_working_set,minikube,emailservice-7466dc585-sv4wh,boutique,/kubepods/burstable/pod6116940a-da83-4761-97dc-892a207b789e,1780920722,53198848.0
memory_working_set,minikube,cartservice-546c548494-cb4lb,boutique,/kubepods/burstable/pod6ec732c5-cf34-4e25-a3ce-ff4b44ce8d19,1780920722,71585792.0
memory_working_set,minikube,kube-controller-manager-minikube,kube-system,/kubepods/burstable/pod740363cf4388c2d0df59fc97f96b889c,1780920722,95997952.0
memory_working_set,minikube,chaos-dashboard-5b77585c6c-zm7f4,chaos-testing,/kubepods/burstable/pod7d3e8284-7c72-4577-a8fb-79d957f69104,1780920722,48291840.0
memory_working_set,minikube,chaos-dns-server-6bccb5bb76-gscmn,chaos-testing,/kubepods/burstable/pod8a82a436-ef3f-4750-8f39-dbfde680d0b8,1780920722,28311552.0
memory_working_set,minikube,coredns-7d764666f9-gmlgd,kube-system,/kubepods/burstable/pod9289fad3-6e91-4617-b97d-6da4631c2f35,1780920722,31969280.0
memory_working_set,minikube,adservice-8576649cff-5bvst,boutique,/kubepods/burstable/pod9d685cd3-17df-43af-a26e-7743c006902d,1780920722,112328704.0
memory_working_set,minikube,kube-apiserver-minikube,kube-system,/kubepods/burstable/poda6dc00f40d27725f15407f95751ce5f7,1780920722,591294464.0
memory_working_set,minikube,alertmanager-monitoring-kube-prometheus-alertmanager-0,monitoring,/kubepods/burstable/podb5fde93f-2f9a-427f-aa16-8a257f179975,1780920722,55959552.0
memory_working_set,minikube,currencyservice-fd8f5dfb7-js8gr,boutique,/kubepods/burstable/podc827ec2d-8a9d-4e1c-8017-62c3901eccb4,1780920722,114003968.0
memory_working_set,minikube,redis-cart-6899b65948-ms767,boutique,/kubepods/burstable/podd425db0f-53f9-4bec-9ee1-49e4ced03bb6,1780920722,14086144.0
memory_working_set,minikube,chaos-controller-manager-659785674d-wbwg8,chaos-testing,/kubepods/burstable/podd7abbfc2-2af5-4b28-b438-3ebef4bafcce,1780920722,27779072.0
memory_working_set,minikube,paymentservice-6b76dfb449-n8mm2,boutique,/kubepods/burstable/podd9986049-5066-4a99-a156-0bc7b2391961,1780920722,81133568.0
memory_working_set,minikube,checkoutservice-75b9cd684f-vzdsz,boutique,/kubepods/burstable/pod5827d8c7-6a98-4352-9825-164648474ddc,1780920722,17633280.0
memory_working_set,minikube,frontend-694b9f76cd-z2pk6,boutique,/kubepods/burstable/podcf6049c2-3667-4622-87ba-b06efa553d48,1780920722,23511040.0
memory_working_set,minikube,productcatalogservice-fb49fc9cc-wptz6,boutique,/kubepods/burstable/pode9d4586d-6739-497d-ae8d-4fd70972eea8,1780920722,18833408.0
memory_working_set,minikube,loadgenerator-7694cd65db-bdz8c,boutique,/kubepods/burstable/pod38d6ef8e-d456-4bd4-95a0-ea6760631a9d,1780920722,77619200.0
cpu_rate,minikube,kube-proxy-fshvh,kube-system,/kubepods/besteffort/pod2f4efb93-ee48-4c37-b1e1-6f2e54a917c7,1780920751,0.0012459697348911195
cpu_rate,minikube,monitoring-kube-state-metrics-868694bc4b-689cm,monitoring,/kubepods/besteffort/pod59c52cc8-67e3-4946-aac6-7ff0ef74285f,1780920751,0.0008126577595961342
cpu_rate,minikube,prometheus-monitoring-kube-prometheus-prometheus-0,monitoring,/kubepods/besteffort/pod6bff50b8-f988-4ff2-a8c1-8f95f2c25189,1780920751,0.01013815676315553
cpu_rate,minikube,storage-provisioner,kube-system,/kubepods/besteffort/pod9bffcac8-a0cd-49a4-ad59-cdbf60a579cb,1780920751,0.0013023099879117305
cpu_rate,minikube,monitoring-grafana-6f66955c48-hlrcn,monitoring,/kubepods/besteffort/pod9d3fe3f0-8989-47b4-8478-0ae7be66df8d,1780920751,0.00971714812538386
cpu_rate,minikube,chaos-daemon-n6ghj,chaos-testing,/kubepods/besteffort/poda051be83-a7cd-43e4-83d3-76f3c90e8474,1780920751,1.3139772209107986e-06
cpu_rate,minikube,monitoring-kube-prometheus-operator-556b56cc6d-n6dg9,monitoring,/kubepods/besteffort/podc8122519-a592-495f-9353-00a2f23fdf80,1780920751,0.002146854314277769
cpu_rate,minikube,monitoring-prometheus-node-exporter-pdw8p,monitoring,/kubepods/besteffort/podd35abb3b-34f0-40fa-af55-3ab246fc64c8,1780920751,0.001180675280205414
cpu_rate,minikube,kube-scheduler-minikube,kube-system,/kubepods/burstable/pod1c7123a121598343200ffd5b015ca580,1780920751,0.004748375325447509
cpu_rate,minikube,shippingservice-55656785c7-lk4mx,boutique,/kubepods/burstable/pod1df51271-c9ea-47fa-8fb2-cf15bbc7c216,1780920751,0.0007891820307876972
cpu_rate,minikube,chaos-controller-manager-659785674d-29q42,chaos-testing,/kubepods/burstable/pod21ab858c-cee8-438c-8682-c786dc3dc044,1780920751,0.0007300866940088878
cpu_rate,minikube,chaos-controller-manager-659785674d-fjb2r,chaos-testing,/kubepods/burstable/pod2569141a-4d05-422e-bcf2-2f01e2f5056d,1780920751,0.005075067552045259
cpu_rate,minikube,coredns-7d764666f9-hxxb8,kube-system,/kubepods/burstable/pod596c18fb-891c-4e87-9b11-83d99dd6d264,1780920751,0.0017434370931228014
cpu_rate,minikube,recommendationservice-6f8f67d69-fhrns,boutique,/kubepods/burstable/pod5ded7b1a-44d9-4178-8596-57a9e25f6171,1780920751,0.005478470879058339
cpu_rate,minikube,etcd-minikube,kube-system,/kubepods/burstable/pod5ff8e3b06bbaa8cb7ebc2bf531e48a2f,1780920751,0.022295729492088065
cpu_rate,minikube,emailservice-7466dc585-sv4wh,boutique,/kubepods/burstable/pod6116940a-da83-4761-97dc-892a207b789e,1780920751,0.0014363028826015688
cpu_rate,minikube,cartservice-546c548494-cb4lb,boutique,/kubepods/burstable/pod6ec732c5-cf34-4e25-a3ce-ff4b44ce8d19,1780920751,0.0038189526035113013
cpu_rate,minikube,kube-controller-manager-minikube,kube-system,/kubepods/burstable/pod740363cf4388c2d0df59fc97f96b889c,1780920751,0.011942081105380331
cpu_rate,minikube,chaos-dashboard-5b77585c6c-zm7f4,chaos-testing,/kubepods/burstable/pod7d3e8284-7c72-4577-a8fb-79d957f69104,1780920751,0.002117123393714114
cpu_rate,minikube,chaos-dns-server-6bccb5bb76-gscmn,chaos-testing,/kubepods/burstable/pod8a82a436-ef3f-4750-8f39-dbfde680d0b8,1780920751,0.0017298492739879327
cpu_rate,minikube,coredns-7d764666f9-gmlgd,kube-system,/kubepods/burstable/pod9289fad3-6e91-4617-b97d-6da4631c2f35,1780920751,0.002040950574848961
cpu_rate,minikube,adservice-8576649cff-5bvst,boutique,/kubepods/burstable/pod9d685cd3-17df-43af-a26e-7743c006902d,1780920751,0.0012335493642005653
cpu_rate,minikube,kube-apiserver-minikube,kube-system,/kubepods/burstable/poda6dc00f40d27725f15407f95751ce5f7,1780920751,0.04541026485326384
cpu_rate,minikube,alertmanager-monitoring-kube-prometheus-alertmanager-0,monitoring,/kubepods/burstable/podb5fde93f-2f9a-427f-aa16-8a257f179975,1780920751,0.0006706312459003764
cpu_rate,minikube,currencyservice-fd8f5dfb7-js8gr,boutique,/kubepods/burstable/podc827ec2d-8a9d-4e1c-8017-62c3901eccb4,1780920751,0.00598797279829117
cpu_rate,minikube,redis-cart-6899b65948-ms767,boutique,/kubepods/burstable/podd425db0f-53f9-4bec-9ee1-49e4ced03bb6,1780920751,0.0016023324399254784
cpu_rate,minikube,chaos-controller-manager-659785674d-wbwg8,chaos-testing,/kubepods/burstable/podd7abbfc2-2af5-4b28-b438-3ebef4bafcce,1780920751,0.00048725116039194806
cpu_rate,minikube,paymentservice-6b76dfb449-n8mm2,boutique,/kubepods/burstable/podd9986049-5066-4a99-a156-0bc7b2391961,1780920751,0.0006161320937857609
cpu_rate,minikube,checkoutservice-75b9cd684f-vzdsz,boutique,/kubepods/burstable/pod5827d8c7-6a98-4352-9825-164648474ddc,1780920751,0.0006274524096743184
cpu_rate,minikube,frontend-694b9f76cd-z2pk6,boutique,/kubepods/burstable/podcf6049c2-3667-4622-87ba-b06efa553d48,1780920751,0.010209008470539703
cpu_rate,minikube,productcatalogservice-fb49fc9cc-wptz6,boutique,/kubepods/burstable/pode9d4586d-6739-497d-ae8d-4fd70972eea8,1780920751,0.004304845588602885
cpu_rate,minikube,loadgenerator-7694cd65db-bdz8c,boutique,/kubepods/burstable/pod38d6ef8e-d456-4bd4-95a0-ea6760631a9d,1780920751,0.0023759741643999753
memory_working_set,minikube,kube-proxy-fshvh,kube-system,/kubepods/besteffort/pod2f4efb93-ee48-4c37-b1e1-6f2e54a917c7,1780920751,39059456.0
memory_working_set,minikube,monitoring-kube-state-metrics-868694bc4b-689cm,monitoring,/kubepods/besteffort/pod59c52cc8-67e3-4946-aac6-7ff0ef74285f,1780920751,38232064.0
memory_working_set,minikube,prometheus-monitoring-kube-prometheus-prometheus-0,monitoring,/kubepods/besteffort/pod6bff50b8-f988-4ff2-a8c1-8f95f2c25189,1780920751,323608576.0
memory_working_set,minikube,storage-provisioner,kube-system,/kubepods/besteffort/pod9bffcac8-a0cd-49a4-ad59-cdbf60a579cb,1780920751,20856832.0
memory_working_set,minikube,monitoring-grafana-6f66955c48-hlrcn,monitoring,/kubepods/besteffort/pod9d3fe3f0-8989-47b4-8478-0ae7be66df8d,1780920751,404889600.0
memory_working_set,minikube,chaos-daemon-n6ghj,chaos-testing,/kubepods/besteffort/poda051be83-a7cd-43e4-83d3-76f3c90e8474,1780920751,19238912.0
memory_working_set,minikube,monitoring-kube-prometheus-operator-556b56cc6d-n6dg9,monitoring,/kubepods/besteffort/podc8122519-a592-495f-9353-00a2f23fdf80,1780920751,40009728.0
memory_working_set,minikube,monitoring-prometheus-node-exporter-pdw8p,monitoring,/kubepods/besteffort/podd35abb3b-34f0-40fa-af55-3ab246fc64c8,1780920751,19632128.0
memory_working_set,minikube,kube-scheduler-minikube,kube-system,/kubepods/burstable/pod1c7123a121598343200ffd5b015ca580,1780920751,40767488.0
memory_working_set,minikube,shippingservice-55656785c7-lk4mx,boutique,/kubepods/burstable/pod1df51271-c9ea-47fa-8fb2-cf15bbc7c216,1780920751,15093760.0
memory_working_set,minikube,chaos-controller-manager-659785674d-29q42,chaos-testing,/kubepods/burstable/pod21ab858c-cee8-438c-8682-c786dc3dc044,1780920751,29614080.0
memory_working_set,minikube,chaos-controller-manager-659785674d-fjb2r,chaos-testing,/kubepods/burstable/pod2569141a-4d05-422e-bcf2-2f01e2f5056d,1780920751,36511744.0
memory_working_set,minikube,coredns-7d764666f9-hxxb8,kube-system,/kubepods/burstable/pod596c18fb-891c-4e87-9b11-83d99dd6d264,1780920751,39776256.0
memory_working_set,minikube,recommendationservice-6f8f67d69-fhrns,boutique,/kubepods/burstable/pod5ded7b1a-44d9-4178-8596-57a9e25f6171,1780920751,57868288.0
memory_working_set,minikube,etcd-minikube,kube-system,/kubepods/burstable/pod5ff8e3b06bbaa8cb7ebc2bf531e48a2f,1780920751,90013696.0
memory_working_set,minikube,emailservice-7466dc585-sv4wh,boutique,/kubepods/burstable/pod6116940a-da83-4761-97dc-892a207b789e,1780920751,53198848.0
memory_working_set,minikube,cartservice-546c548494-cb4lb,boutique,/kubepods/burstable/pod6ec732c5-cf34-4e25-a3ce-ff4b44ce8d19,1780920751,71622656.0
memory_working_set,minikube,kube-controller-manager-minikube,kube-system,/kubepods/burstable/pod740363cf4388c2d0df59fc97f96b889c,1780920751,95997952.0
memory_working_set,minikube,chaos-dashboard-5b77585c6c-zm7f4,chaos-testing,/kubepods/burstable/pod7d3e8284-7c72-4577-a8fb-79d957f69104,1780920751,48291840.0
memory_working_set,minikube,chaos-dns-server-6bccb5bb76-gscmn,chaos-testing,/kubepods/burstable/pod8a82a436-ef3f-4750-8f39-dbfde680d0b8,1780920751,28561408.0
memory_working_set,minikube,coredns-7d764666f9-gmlgd,kube-system,/kubepods/burstable/pod9289fad3-6e91-4617-b97d-6da4631c2f35,1780920751,31703040.0
memory_working_set,minikube,adservice-8576649cff-5bvst,boutique,/kubepods/burstable/pod9d685cd3-17df-43af-a26e-7743c006902d,1780920751,112328704.0
memory_working_set,minikube,kube-apiserver-minikube,kube-system,/kubepods/burstable/poda6dc00f40d27725f15407f95751ce5f7,1780920751,591294464.0
memory_working_set,minikube,alertmanager-monitoring-kube-prometheus-alertmanager-0,monitoring,/kubepods/burstable/podb5fde93f-2f9a-427f-aa16-8a257f179975,1780920751,56672256.0
memory_working_set,minikube,currencyservice-fd8f5dfb7-js8gr,boutique,/kubepods/burstable/podc827ec2d-8a9d-4e1c-8017-62c3901eccb4,1780920751,114282496.0
memory_working_set,minikube,redis-cart-6899b65948-ms767,boutique,/kubepods/burstable/podd425db0f-53f9-4bec-9ee1-49e4ced03bb6,1780920751,13557760.0
memory_working_set,minikube,chaos-controller-manager-659785674d-wbwg8,chaos-testing,/kubepods/burstable/podd7abbfc2-2af5-4b28-b438-3ebef4bafcce,1780920751,27779072.0
memory_working_set,minikube,paymentservice-6b76dfb449-n8mm2,boutique,/kubepods/burstable/podd9986049-5066-4a99-a156-0bc7b2391961,1780920751,81268736.0
memory_working_set,minikube,checkoutservice-75b9cd684f-vzdsz,boutique,/kubepods/burstable/pod5827d8c7-6a98-4352-9825-164648474ddc,1780920751,17633280.0
memory_working_set,minikube,frontend-694b9f76cd-z2pk6,boutique,/kubepods/burstable/podcf6049c2-3667-4622-87ba-b06efa553d48,1780920751,23519232.0
memory_working_set,minikube,productcatalogservice-fb49fc9cc-wptz6,boutique,/kubepods/burstable/pode9d4586d-6739-497d-ae8d-4fd70972eea8,1780920751,19128320.0
memory_working_set,minikube,loadgenerator-7694cd65db-bdz8c,boutique,/kubepods/burstable/pod38d6ef8e-d456-4bd4-95a0-ea6760631a9d,1780920751,77623296.0
cpu_rate,minikube,kube-proxy-fshvh,kube-system,/kubepods/besteffort/pod2f4efb93-ee48-4c37-b1e1-6f2e54a917c7,1780920780,0.0011617661999878046
cpu_rate,minikube,monitoring-kube-state-metrics-868694bc4b-689cm,monitoring,/kubepods/besteffort/pod59c52cc8-67e3-4946-aac6-7ff0ef74285f,1780920780,0.0007078743639188887
cpu_rate,minikube,prometheus-monitoring-kube-prometheus-prometheus-0,monitoring,/kubepods/besteffort/pod6bff50b8-f988-4ff2-a8c1-8f95f2c25189,1780920780,0.00925943044565458
cpu_rate,minikube,storage-provisioner,kube-system,/kubepods/besteffort/pod9bffcac8-a0cd-49a4-ad59-cdbf60a579cb,1780920780,0.0013317362774227103
cpu_rate,minikube,monitoring-grafana-6f66955c48-hlrcn,monitoring,/kubepods/besteffort/pod9d3fe3f0-8989-47b4-8478-0ae7be66df8d,1780920780,0.010211025761725662
cpu_rate,minikube,chaos-daemon-n6ghj,chaos-testing,/kubepods/besteffort/poda051be83-a7cd-43e4-83d3-76f3c90e8474,1780920780,2.9013951507632788e-05
cpu_rate,minikube,monitoring-kube-prometheus-operator-556b56cc6d-n6dg9,monitoring,/kubepods/besteffort/podc8122519-a592-495f-9353-00a2f23fdf80,1780920780,0.002679120061790222
cpu_rate,minikube,monitoring-prometheus-node-exporter-pdw8p,monitoring,/kubepods/besteffort/podd35abb3b-34f0-40fa-af55-3ab246fc64c8,1780920780,0.0012749970844244361
cpu_rate,minikube,kube-scheduler-minikube,kube-system,/kubepods/burstable/pod1c7123a121598343200ffd5b015ca580,1780920780,0.004327175321527869
cpu_rate,minikube,shippingservice-55656785c7-lk4mx,boutique,/kubepods/burstable/pod1df51271-c9ea-47fa-8fb2-cf15bbc7c216,1780920780,0.0007888971367974612
cpu_rate,minikube,chaos-controller-manager-659785674d-29q42,chaos-testing,/kubepods/burstable/pod21ab858c-cee8-438c-8682-c786dc3dc044,1780920780,0.0006817158109855238
cpu_rate,minikube,chaos-controller-manager-659785674d-fjb2r,chaos-testing,/kubepods/burstable/pod2569141a-4d05-422e-bcf2-2f01e2f5056d,1780920780,0.004242611493617885
cpu_rate,minikube,coredns-7d764666f9-hxxb8,kube-system,/kubepods/burstable/pod596c18fb-891c-4e87-9b11-83d99dd6d264,1780920780,0.0017274621726586965
cpu_rate,minikube,recommendationservice-6f8f67d69-fhrns,boutique,/kubepods/burstable/pod5ded7b1a-44d9-4178-8596-57a9e25f6171,1780920780,0.005528770927074201
cpu_rate,minikube,etcd-minikube,kube-system,/kubepods/burstable/pod5ff8e3b06bbaa8cb7ebc2bf531e48a2f,1780920780,0.024205999471771156
cpu_rate,minikube,emailservice-7466dc585-sv4wh,boutique,/kubepods/burstable/pod6116940a-da83-4761-97dc-892a207b789e,1780920780,0.001330692779499915
cpu_rate,minikube,cartservice-546c548494-cb4lb,boutique,/kubepods/burstable/pod6ec732c5-cf34-4e25-a3ce-ff4b44ce8d19,1780920780,0.003068443807745147
cpu_rate,minikube,kube-controller-manager-minikube,kube-system,/kubepods/burstable/pod740363cf4388c2d0df59fc97f96b889c,1780920780,0.010152729039652603
cpu_rate,minikube,chaos-dashboard-5b77585c6c-zm7f4,chaos-testing,/kubepods/burstable/pod7d3e8284-7c72-4577-a8fb-79d957f69104,1780920780,0.0021269257606131046
cpu_rate,minikube,chaos-dns-server-6bccb5bb76-gscmn,chaos-testing,/kubepods/burstable/pod8a82a436-ef3f-4750-8f39-dbfde680d0b8,1780920780,0.0017475124685199215
cpu_rate,minikube,coredns-7d764666f9-gmlgd,kube-system,/kubepods/burstable/pod9289fad3-6e91-4617-b97d-6da4631c2f35,1780920780,0.0020393346905850642
cpu_rate,minikube,adservice-8576649cff-5bvst,boutique,/kubepods/burstable/pod9d685cd3-17df-43af-a26e-7743c006902d,1780920780,0.001118162480805437
cpu_rate,minikube,kube-apiserver-minikube,kube-system,/kubepods/burstable/poda6dc00f40d27725f15407f95751ce5f7,1780920780,0.05410931680577617
cpu_rate,minikube,alertmanager-monitoring-kube-prometheus-alertmanager-0,monitoring,/kubepods/burstable/podb5fde93f-2f9a-427f-aa16-8a257f179975,1780920780,0.0005844511918789128
cpu_rate,minikube,currencyservice-fd8f5dfb7-js8gr,boutique,/kubepods/burstable/podc827ec2d-8a9d-4e1c-8017-62c3901eccb4,1780920780,0.00634407087161276
cpu_rate,minikube,redis-cart-6899b65948-ms767,boutique,/kubepods/burstable/podd425db0f-53f9-4bec-9ee1-49e4ced03bb6,1780920780,0.001796647582953613
cpu_rate,minikube,chaos-controller-manager-659785674d-wbwg8,chaos-testing,/kubepods/burstable/podd7abbfc2-2af5-4b28-b438-3ebef4bafcce,1780920780,0.0005548498961672612
cpu_rate,minikube,paymentservice-6b76dfb449-n8mm2,boutique,/kubepods/burstable/podd9986049-5066-4a99-a156-0bc7b2391961,1780920780,0.0005216534508021597
cpu_rate,minikube,checkoutservice-75b9cd684f-vzdsz,boutique,/kubepods/burstable/pod5827d8c7-6a98-4352-9825-164648474ddc,1780920780,0.0006524507356447962
cpu_rate,minikube,frontend-694b9f76cd-z2pk6,boutique,/kubepods/burstable/podcf6049c2-3667-4622-87ba-b06efa553d48,1780920780,0.009174041183335905
cpu_rate,minikube,productcatalogservice-fb49fc9cc-wptz6,boutique,/kubepods/burstable/pode9d4586d-6739-497d-ae8d-4fd70972eea8,1780920780,0.004956560929768608
cpu_rate,minikube,loadgenerator-7694cd65db-bdz8c,boutique,/kubepods/burstable/pod38d6ef8e-d456-4bd4-95a0-ea6760631a9d,1780920780,0.002811471551152289
memory_working_set,minikube,kube-proxy-fshvh,kube-system,/kubepods/besteffort/pod2f4efb93-ee48-4c37-b1e1-6f2e54a917c7,1780920780,39391232.0
memory_working_set,minikube,monitoring-kube-state-metrics-868694bc4b-689cm,monitoring,/kubepods/besteffort/pod59c52cc8-67e3-4946-aac6-7ff0ef74285f,1780920780,38236160.0
memory_working_set,minikube,prometheus-monitoring-kube-prometheus-prometheus-0,monitoring,/kubepods/besteffort/pod6bff50b8-f988-4ff2-a8c1-8f95f2c25189,1780920780,312016896.0
memory_working_set,minikube,storage-provisioner,kube-system,/kubepods/besteffort/pod9bffcac8-a0cd-49a4-ad59-cdbf60a579cb,1780920780,20717568.0
memory_working_set,minikube,monitoring-grafana-6f66955c48-hlrcn,monitoring,/kubepods/besteffort/pod9d3fe3f0-8989-47b4-8478-0ae7be66df8d,1780920780,404873216.0
memory_working_set,minikube,chaos-daemon-n6ghj,chaos-testing,/kubepods/besteffort/poda051be83-a7cd-43e4-83d3-76f3c90e8474,1780920780,19238912.0
memory_working_set,minikube,monitoring-kube-prometheus-operator-556b56cc6d-n6dg9,monitoring,/kubepods/besteffort/podc8122519-a592-495f-9353-00a2f23fdf80,1780920780,40427520.0
memory_working_set,minikube,monitoring-prometheus-node-exporter-pdw8p,monitoring,/kubepods/besteffort/podd35abb3b-34f0-40fa-af55-3ab246fc64c8,1780920780,20217856.0
memory_working_set,minikube,kube-scheduler-minikube,kube-system,/kubepods/burstable/pod1c7123a121598343200ffd5b015ca580,1780920780,40767488.0
memory_working_set,minikube,shippingservice-55656785c7-lk4mx,boutique,/kubepods/burstable/pod1df51271-c9ea-47fa-8fb2-cf15bbc7c216,1780920780,15089664.0
memory_working_set,minikube,chaos-controller-manager-659785674d-29q42,chaos-testing,/kubepods/burstable/pod21ab858c-cee8-438c-8682-c786dc3dc044,1780920780,29614080.0
memory_working_set,minikube,chaos-controller-manager-659785674d-fjb2r,chaos-testing,/kubepods/burstable/pod2569141a-4d05-422e-bcf2-2f01e2f5056d,1780920780,36511744.0
memory_working_set,minikube,coredns-7d764666f9-hxxb8,kube-system,/kubepods/burstable/pod596c18fb-891c-4e87-9b11-83d99dd6d264,1780920780,39776256.0
memory_working_set,minikube,recommendationservice-6f8f67d69-fhrns,boutique,/kubepods/burstable/pod5ded7b1a-44d9-4178-8596-57a9e25f6171,1780920780,57872384.0
memory_working_set,minikube,etcd-minikube,kube-system,/kubepods/burstable/pod5ff8e3b06bbaa8cb7ebc2bf531e48a2f,1780920780,90398720.0
memory_working_set,minikube,emailservice-7466dc585-sv4wh,boutique,/kubepods/burstable/pod6116940a-da83-4761-97dc-892a207b789e,1780920780,53198848.0
memory_working_set,minikube,cartservice-546c548494-cb4lb,boutique,/kubepods/burstable/pod6ec732c5-cf34-4e25-a3ce-ff4b44ce8d19,1780920780,71589888.0
memory_working_set,minikube,kube-controller-manager-minikube,kube-system,/kubepods/burstable/pod740363cf4388c2d0df59fc97f96b889c,1780920780,95997952.0
memory_working_set,minikube,chaos-dashboard-5b77585c6c-zm7f4,chaos-testing,/kubepods/burstable/pod7d3e8284-7c72-4577-a8fb-79d957f69104,1780920780,48291840.0
memory_working_set,minikube,chaos-dns-server-6bccb5bb76-gscmn,chaos-testing,/kubepods/burstable/pod8a82a436-ef3f-4750-8f39-dbfde680d0b8,1780920780,28307456.0
memory_working_set,minikube,coredns-7d764666f9-gmlgd,kube-system,/kubepods/burstable/pod9289fad3-6e91-4617-b97d-6da4631c2f35,1780920780,31719424.0
memory_working_set,minikube,adservice-8576649cff-5bvst,boutique,/kubepods/burstable/pod9d685cd3-17df-43af-a26e-7743c006902d,1780920780,112328704.0
memory_working_set,minikube,kube-apiserver-minikube,kube-system,/kubepods/burstable/poda6dc00f40d27725f15407f95751ce5f7,1780920780,591310848.0
memory_working_set,minikube,alertmanager-monitoring-kube-prometheus-alertmanager-0,monitoring,/kubepods/burstable/podb5fde93f-2f9a-427f-aa16-8a257f179975,1780920780,56737792.0
memory_working_set,minikube,currencyservice-fd8f5dfb7-js8gr,boutique,/kubepods/burstable/podc827ec2d-8a9d-4e1c-8017-62c3901eccb4,1780920780,113565696.0
memory_working_set,minikube,redis-cart-6899b65948-ms767,boutique,/kubepods/burstable/podd425db0f-53f9-4bec-9ee1-49e4ced03bb6,1780920780,13557760.0
memory_working_set,minikube,chaos-controller-manager-659785674d-wbwg8,chaos-testing,/kubepods/burstable/podd7abbfc2-2af5-4b28-b438-3ebef4bafcce,1780920780,27783168.0
memory_working_set,minikube,paymentservice-6b76dfb449-n8mm2,boutique,/kubepods/burstable/podd9986049-5066-4a99-a156-0bc7b2391961,1780920780,81518592.0
memory_working_set,minikube,checkoutservice-75b9cd684f-vzdsz,boutique,/kubepods/burstable/pod5827d8c7-6a98-4352-9825-164648474ddc,1780920780,17637376.0
memory_working_set,minikube,frontend-694b9f76cd-z2pk6,boutique,/kubepods/burstable/podcf6049c2-3667-4622-87ba-b06efa553d48,1780920780,23515136.0
memory_working_set,minikube,productcatalogservice-fb49fc9cc-wptz6,boutique,/kubepods/burstable/pode9d4586d-6739-497d-ae8d-4fd70972eea8,1780920780,18845696.0
memory_working_set,minikube,loadgenerator-7694cd65db-bdz8c,boutique,/kubepods/burstable/pod38d6ef8e-d456-4bd4-95a0-ea6760631a9d,1780920780,77643776.0
cpu_rate,minikube,kube-proxy-fshvh,kube-system,/kubepods/besteffort/pod2f4efb93-ee48-4c37-b1e1-6f2e54a917c7,1780920810,0.0009605046174142517
cpu_rate,minikube,monitoring-kube-state-metrics-868694bc4b-689cm,monitoring,/kubepods/besteffort/pod59c52cc8-67e3-4946-aac6-7ff0ef74285f,1780920810,0.0008096567645694762
cpu_rate,minikube,prometheus-monitoring-kube-prometheus-prometheus-0,monitoring,/kubepods/besteffort/pod6bff50b8-f988-4ff2-a8c1-8f95f2c25189,1780920810,0.009853394926371169
cpu_rate,minikube,storage-provisioner,kube-system,/kubepods/besteffort/pod9bffcac8-a0cd-49a4-ad59-cdbf60a579cb,1780920810,0.001159240380661056
cpu_rate,minikube,monitoring-grafana-6f66955c48-hlrcn,monitoring,/kubepods/besteffort/pod9d3fe3f0-8989-47b4-8478-0ae7be66df8d,1780920810,0.010784194561000677
cpu_rate,minikube,chaos-daemon-n6ghj,chaos-testing,/kubepods/besteffort/poda051be83-a7cd-43e4-83d3-76f3c90e8474,1780920810,2.8217738294686303e-05
cpu_rate,minikube,monitoring-kube-prometheus-operator-556b56cc6d-n6dg9,monitoring,/kubepods/besteffort/podc8122519-a592-495f-9353-00a2f23fdf80,1780920810,0.0022562355500383713
cpu_rate,minikube,monitoring-prometheus-node-exporter-pdw8p,monitoring,/kubepods/besteffort/podd35abb3b-34f0-40fa-af55-3ab246fc64c8,1780920810,0.0011147084648868322
cpu_rate,minikube,kube-scheduler-minikube,kube-system,/kubepods/burstable/pod1c7123a121598343200ffd5b015ca580,1780920810,0.004913691975893282
cpu_rate,minikube,shippingservice-55656785c7-lk4mx,boutique,/kubepods/burstable/pod1df51271-c9ea-47fa-8fb2-cf15bbc7c216,1780920810,0.0006282841313211211
cpu_rate,minikube,chaos-controller-manager-659785674d-29q42,chaos-testing,/kubepods/burstable/pod21ab858c-cee8-438c-8682-c786dc3dc044,1780920810,0.0004211165423205387
cpu_rate,minikube,chaos-controller-manager-659785674d-fjb2r,chaos-testing,/kubepods/burstable/pod2569141a-4d05-422e-bcf2-2f01e2f5056d,1780920810,0.005228682402747814
cpu_rate,minikube,coredns-7d764666f9-hxxb8,kube-system,/kubepods/burstable/pod596c18fb-891c-4e87-9b11-83d99dd6d264,1780920810,0.0017211161288979405
cpu_rate,minikube,recommendationservice-6f8f67d69-fhrns,boutique,/kubepods/burstable/pod5ded7b1a-44d9-4178-8596-57a9e25f6171,1780920810,0.0055961684597848685
cpu_rate,minikube,etcd-minikube,kube-system,/kubepods/burstable/pod5ff8e3b06bbaa8cb7ebc2bf531e48a2f,1780920810,0.02437377728767163
cpu_rate,minikube,emailservice-7466dc585-sv4wh,boutique,/kubepods/burstable/pod6116940a-da83-4761-97dc-892a207b789e,1780920810,0.0014068393601888805
cpu_rate,minikube,cartservice-546c548494-cb4lb,boutique,/kubepods/burstable/pod6ec732c5-cf34-4e25-a3ce-ff4b44ce8d19,1780920810,0.003922404328732762
cpu_rate,minikube,kube-controller-manager-minikube,kube-system,/kubepods/burstable/pod740363cf4388c2d0df59fc97f96b889c,1780920810,0.012112101076060047
cpu_rate,minikube,chaos-dashboard-5b77585c6c-zm7f4,chaos-testing,/kubepods/burstable/pod7d3e8284-7c72-4577-a8fb-79d957f69104,1780920810,0.0018596786528299256
cpu_rate,minikube,chaos-dns-server-6bccb5bb76-gscmn,chaos-testing,/kubepods/burstable/pod8a82a436-ef3f-4750-8f39-dbfde680d0b8,1780920810,0.0015778583333332225
cpu_rate,minikube,coredns-7d764666f9-gmlgd,kube-system,/kubepods/burstable/pod9289fad3-6e91-4617-b97d-6da4631c2f35,1780920810,0.001780321917944891
cpu_rate,minikube,adservice-8576649cff-5bvst,boutique,/kubepods/burstable/pod9d685cd3-17df-43af-a26e-7743c006902d,1780920810,0.0011365054632948815
cpu_rate,minikube,kube-apiserver-minikube,kube-system,/kubepods/burstable/poda6dc00f40d27725f15407f95751ce5f7,1780920810,0.05081564927642975
cpu_rate,minikube,alertmanager-monitoring-kube-prometheus-alertmanager-0,monitoring,/kubepods/burstable/podb5fde93f-2f9a-427f-aa16-8a257f179975,1780920810,0.0006554740849107205
cpu_rate,minikube,currencyservice-fd8f5dfb7-js8gr,boutique,/kubepods/burstable/podc827ec2d-8a9d-4e1c-8017-62c3901eccb4,1780920810,0.006335941504744274
cpu_rate,minikube,redis-cart-6899b65948-ms767,boutique,/kubepods/burstable/podd425db0f-53f9-4bec-9ee1-49e4ced03bb6,1780920810,0.001790886753630694
cpu_rate,minikube,chaos-controller-manager-659785674d-wbwg8,chaos-testing,/kubepods/burstable/podd7abbfc2-2af5-4b28-b438-3ebef4bafcce,1780920810,0.00044495940714371835
cpu_rate,minikube,paymentservice-6b76dfb449-n8mm2,boutique,/kubepods/burstable/podd9986049-5066-4a99-a156-0bc7b2391961,1780920810,0.0004892387651946816
cpu_rate,minikube,checkoutservice-75b9cd684f-vzdsz,boutique,/kubepods/burstable/pod5827d8c7-6a98-4352-9825-164648474ddc,1780920810,0.0005518125943512383
cpu_rate,minikube,frontend-694b9f76cd-z2pk6,boutique,/kubepods/burstable/podcf6049c2-3667-4622-87ba-b06efa553d48,1780920810,0.008863513272617767
cpu_rate,minikube,productcatalogservice-fb49fc9cc-wptz6,boutique,/kubepods/burstable/pode9d4586d-6739-497d-ae8d-4fd70972eea8,1780920810,0.004556860594234267
cpu_rate,minikube,loadgenerator-7694cd65db-bdz8c,boutique,/kubepods/burstable/pod38d6ef8e-d456-4bd4-95a0-ea6760631a9d,1780920810,0.0023977504941737403
memory_working_set,minikube,kube-proxy-fshvh,kube-system,/kubepods/besteffort/pod2f4efb93-ee48-4c37-b1e1-6f2e54a917c7,1780920810,39522304.0
memory_working_set,minikube,monitoring-kube-state-metrics-868694bc4b-689cm,monitoring,/kubepods/besteffort/pod59c52cc8-67e3-4946-aac6-7ff0ef74285f,1780920810,38236160.0
memory_working_set,minikube,prometheus-monitoring-kube-prometheus-prometheus-0,monitoring,/kubepods/besteffort/pod6bff50b8-f988-4ff2-a8c1-8f95f2c25189,1780920810,315211776.0
memory_working_set,minikube,storage-provisioner,kube-system,/kubepods/besteffort/pod9bffcac8-a0cd-49a4-ad59-cdbf60a579cb,1780920810,20766720.0
memory_working_set,minikube,monitoring-grafana-6f66955c48-hlrcn,monitoring,/kubepods/besteffort/pod9d3fe3f0-8989-47b4-8478-0ae7be66df8d,1780920810,405282816.0
memory_working_set,minikube,chaos-daemon-n6ghj,chaos-testing,/kubepods/besteffort/poda051be83-a7cd-43e4-83d3-76f3c90e8474,1780920810,19238912.0
memory_working_set,minikube,monitoring-kube-prometheus-operator-556b56cc6d-n6dg9,monitoring,/kubepods/besteffort/podc8122519-a592-495f-9353-00a2f23fdf80,1780920810,40427520.0
memory_working_set,minikube,monitoring-prometheus-node-exporter-pdw8p,monitoring,/kubepods/besteffort/podd35abb3b-34f0-40fa-af55-3ab246fc64c8,1780920810,20475904.0
memory_working_set,minikube,kube-scheduler-minikube,kube-system,/kubepods/burstable/pod1c7123a121598343200ffd5b015ca580,1780920810,41029632.0
memory_working_set,minikube,shippingservice-55656785c7-lk4mx,boutique,/kubepods/burstable/pod1df51271-c9ea-47fa-8fb2-cf15bbc7c216,1780920810,15089664.0
memory_working_set,minikube,chaos-controller-manager-659785674d-29q42,chaos-testing,/kubepods/burstable/pod21ab858c-cee8-438c-8682-c786dc3dc044,1780920810,29609984.0
memory_working_set,minikube,chaos-controller-manager-659785674d-fjb2r,chaos-testing,/kubepods/burstable/pod2569141a-4d05-422e-bcf2-2f01e2f5056d,1780920810,36511744.0
memory_working_set,minikube,coredns-7d764666f9-hxxb8,kube-system,/kubepods/burstable/pod596c18fb-891c-4e87-9b11-83d99dd6d264,1780920810,39772160.0
memory_working_set,minikube,recommendationservice-6f8f67d69-fhrns,boutique,/kubepods/burstable/pod5ded7b1a-44d9-4178-8596-57a9e25f6171,1780920810,57864192.0
memory_working_set,minikube,etcd-minikube,kube-system,/kubepods/burstable/pod5ff8e3b06bbaa8cb7ebc2bf531e48a2f,1780920810,87973888.0
memory_working_set,minikube,emailservice-7466dc585-sv4wh,boutique,/kubepods/burstable/pod6116940a-da83-4761-97dc-892a207b789e,1780920810,53198848.0
memory_working_set,minikube,cartservice-546c548494-cb4lb,boutique,/kubepods/burstable/pod6ec732c5-cf34-4e25-a3ce-ff4b44ce8d19,1780920810,71618560.0
memory_working_set,minikube,kube-controller-manager-minikube,kube-system,/kubepods/burstable/pod740363cf4388c2d0df59fc97f96b889c,1780920810,95997952.0
memory_working_set,minikube,chaos-dashboard-5b77585c6c-zm7f4,chaos-testing,/kubepods/burstable/pod7d3e8284-7c72-4577-a8fb-79d957f69104,1780920810,48295936.0
memory_working_set,minikube,chaos-dns-server-6bccb5bb76-gscmn,chaos-testing,/kubepods/burstable/pod8a82a436-ef3f-4750-8f39-dbfde680d0b8,1780920810,28049408.0
memory_working_set,minikube,coredns-7d764666f9-gmlgd,kube-system,/kubepods/burstable/pod9289fad3-6e91-4617-b97d-6da4631c2f35,1780920810,32378880.0
memory_working_set,minikube,adservice-8576649cff-5bvst,boutique,/kubepods/burstable/pod9d685cd3-17df-43af-a26e-7743c006902d,1780920810,112328704.0
memory_working_set,minikube,kube-apiserver-minikube,kube-system,/kubepods/burstable/poda6dc00f40d27725f15407f95751ce5f7,1780920810,591560704.0
memory_working_set,minikube,alertmanager-monitoring-kube-prometheus-alertmanager-0,monitoring,/kubepods/burstable/podb5fde93f-2f9a-427f-aa16-8a257f179975,1780920810,56561664.0
memory_working_set,minikube,currencyservice-fd8f5dfb7-js8gr,boutique,/kubepods/burstable/podc827ec2d-8a9d-4e1c-8017-62c3901eccb4,1780920810,113496064.0
memory_working_set,minikube,redis-cart-6899b65948-ms767,boutique,/kubepods/burstable/podd425db0f-53f9-4bec-9ee1-49e4ced03bb6,1780920810,13561856.0
memory_working_set,minikube,chaos-controller-manager-659785674d-wbwg8,chaos-testing,/kubepods/burstable/podd7abbfc2-2af5-4b28-b438-3ebef4bafcce,1780920810,27779072.0
memory_working_set,minikube,paymentservice-6b76dfb449-n8mm2,boutique,/kubepods/burstable/podd9986049-5066-4a99-a156-0bc7b2391961,1780920810,82153472.0
memory_working_set,minikube,checkoutservice-75b9cd684f-vzdsz,boutique,/kubepods/burstable/pod5827d8c7-6a98-4352-9825-164648474ddc,1780920810,17633280.0
memory_working_set,minikube,frontend-694b9f76cd-z2pk6,boutique,/kubepods/burstable/podcf6049c2-3667-4622-87ba-b06efa553d48,1780920810,23539712.0
memory_working_set,minikube,productcatalogservice-fb49fc9cc-wptz6,boutique,/kubepods/burstable/pode9d4586d-6739-497d-ae8d-4fd70972eea8,1780920810,19468288.0
memory_working_set,minikube,loadgenerator-7694cd65db-bdz8c,boutique,/kubepods/burstable/pod38d6ef8e-d456-4bd4-95a0-ea6760631a9d,1780920810,77635584.0
cpu_rate,minikube,kube-proxy-fshvh,kube-system,/kubepods/besteffort/pod2f4efb93-ee48-4c37-b1e1-6f2e54a917c7,1780920839,0.0003129900000000063
cpu_rate,minikube,monitoring-kube-state-metrics-868694bc4b-689cm,monitoring,/kubepods/besteffort/pod59c52cc8-67e3-4946-aac6-7ff0ef74285f,1780920839,0.0006922666666666561
cpu_rate,minikube,prometheus-monitoring-kube-prometheus-prometheus-0,monitoring,/kubepods/besteffort/pod6bff50b8-f988-4ff2-a8c1-8f95f2c25189,1780920839,0.009494846898489515
cpu_rate,minikube,storage-provisioner,kube-system,/kubepods/besteffort/pod9bffcac8-a0cd-49a4-ad59-cdbf60a579cb,1780920839,0.0013055238130344677
cpu_rate,minikube,monitoring-grafana-6f66955c48-hlrcn,monitoring,/kubepods/besteffort/pod9d3fe3f0-8989-47b4-8478-0ae7be66df8d,1780920839,0.00929608069410399
cpu_rate,minikube,chaos-daemon-n6ghj,chaos-testing,/kubepods/besteffort/poda051be83-a7cd-43e4-83d3-76f3c90e8474,1780920839,3.419493807215862e-05
cpu_rate,minikube,monitoring-kube-prometheus-operator-556b56cc6d-n6dg9,monitoring,/kubepods/besteffort/podc8122519-a592-495f-9353-00a2f23fdf80,1780920839,0.0025640545400060725
cpu_rate,minikube,monitoring-prometheus-node-exporter-pdw8p,monitoring,/kubepods/besteffort/podd35abb3b-34f0-40fa-af55-3ab246fc64c8,1780920839,0.0008541244710692733
cpu_rate,minikube,kube-scheduler-minikube,kube-system,/kubepods/burstable/pod1c7123a121598343200ffd5b015ca580,1780920839,0.004624387523767597
cpu_rate,minikube,shippingservice-55656785c7-lk4mx,boutique,/kubepods/burstable/pod1df51271-c9ea-47fa-8fb2-cf15bbc7c216,1780920839,0.0006960594734907001
cpu_rate,minikube,chaos-controller-manager-659785674d-29q42,chaos-testing,/kubepods/burstable/pod21ab858c-cee8-438c-8682-c786dc3dc044,1780920839,0.000497108411615277
cpu_rate,minikube,chaos-controller-manager-659785674d-fjb2r,chaos-testing,/kubepods/burstable/pod2569141a-4d05-422e-bcf2-2f01e2f5056d,1780920839,0.00464059863306865
cpu_rate,minikube,coredns-7d764666f9-hxxb8,kube-system,/kubepods/burstable/pod596c18fb-891c-4e87-9b11-83d99dd6d264,1780920839,0.0019664417734990983
cpu_rate,minikube,recommendationservice-6f8f67d69-fhrns,boutique,/kubepods/burstable/pod5ded7b1a-44d9-4178-8596-57a9e25f6171,1780920839,0.0047611525473962085
cpu_rate,minikube,etcd-minikube,kube-system,/kubepods/burstable/pod5ff8e3b06bbaa8cb7ebc2bf531e48a2f,1780920839,0.024459261031770495
cpu_rate,minikube,emailservice-7466dc585-sv4wh,boutique,/kubepods/burstable/pod6116940a-da83-4761-97dc-892a207b789e,1780920839,0.0014372182741117213
cpu_rate,minikube,cartservice-546c548494-cb4lb,boutique,/kubepods/burstable/pod6ec732c5-cf34-4e25-a3ce-ff4b44ce8d19,1780920839,0.0043869446416244335
cpu_rate,minikube,kube-controller-manager-minikube,kube-system,/kubepods/burstable/pod740363cf4388c2d0df59fc97f96b889c,1780920839,0.012169587844099976
cpu_rate,minikube,chaos-dashboard-5b77585c6c-zm7f4,chaos-testing,/kubepods/burstable/pod7d3e8284-7c72-4577-a8fb-79d957f69104,1780920839,0.0019732228386853683
cpu_rate,minikube,chaos-dns-server-6bccb5bb76-gscmn,chaos-testing,/kubepods/burstable/pod8a82a436-ef3f-4750-8f39-dbfde680d0b8,1780920839,0.0015011694444443907
cpu_rate,minikube,coredns-7d764666f9-gmlgd,kube-system,/kubepods/burstable/pod9289fad3-6e91-4617-b97d-6da4631c2f35,1780920839,0.0016374557235356788
cpu_rate,minikube,adservice-8576649cff-5bvst,boutique,/kubepods/burstable/pod9d685cd3-17df-43af-a26e-7743c006902d,1780920839,0.0011081686372853416
cpu_rate,minikube,kube-apiserver-minikube,kube-system,/kubepods/burstable/poda6dc00f40d27725f15407f95751ce5f7,1780920839,0.04440914019988045
cpu_rate,minikube,alertmanager-monitoring-kube-prometheus-alertmanager-0,monitoring,/kubepods/burstable/podb5fde93f-2f9a-427f-aa16-8a257f179975,1780920839,0.0006509369828831547
cpu_rate,minikube,currencyservice-fd8f5dfb7-js8gr,boutique,/kubepods/burstable/podc827ec2d-8a9d-4e1c-8017-62c3901eccb4,1780920839,0.0056304247212971845
cpu_rate,minikube,redis-cart-6899b65948-ms767,boutique,/kubepods/burstable/podd425db0f-53f9-4bec-9ee1-49e4ced03bb6,1780920839,0.0016093154435675872
cpu_rate,minikube,chaos-controller-manager-659785674d-wbwg8,chaos-testing,/kubepods/burstable/podd7abbfc2-2af5-4b28-b438-3ebef4bafcce,1780920839,0.0005065455570772428
cpu_rate,minikube,paymentservice-6b76dfb449-n8mm2,boutique,/kubepods/burstable/podd9986049-5066-4a99-a156-0bc7b2391961,1780920839,0.00038829657597547873
cpu_rate,minikube,checkoutservice-75b9cd684f-vzdsz,boutique,/kubepods/burstable/pod5827d8c7-6a98-4352-9825-164648474ddc,1780920839,0.0007261205534905115
cpu_rate,minikube,frontend-694b9f76cd-z2pk6,boutique,/kubepods/burstable/podcf6049c2-3667-4622-87ba-b06efa553d48,1780920839,0.010615901623020816
cpu_rate,minikube,productcatalogservice-fb49fc9cc-wptz6,boutique,/kubepods/burstable/pode9d4586d-6739-497d-ae8d-4fd70972eea8,1780920839,0.005252130439722795
cpu_rate,minikube,loadgenerator-7694cd65db-bdz8c,boutique,/kubepods/burstable/pod38d6ef8e-d456-4bd4-95a0-ea6760631a9d,1780920839,0.0028168683949968474
memory_working_set,minikube,kube-proxy-fshvh,kube-system,/kubepods/besteffort/pod2f4efb93-ee48-4c37-b1e1-6f2e54a917c7,1780920839,39555072.0
memory_working_set,minikube,monitoring-kube-state-metrics-868694bc4b-689cm,monitoring,/kubepods/besteffort/pod59c52cc8-67e3-4946-aac6-7ff0ef74285f,1780920839,38232064.0
memory_working_set,minikube,prometheus-monitoring-kube-prometheus-prometheus-0,monitoring,/kubepods/besteffort/pod6bff50b8-f988-4ff2-a8c1-8f95f2c25189,1780920839,322138112.0
memory_working_set,minikube,storage-provisioner,kube-system,/kubepods/besteffort/pod9bffcac8-a0cd-49a4-ad59-cdbf60a579cb,1780920839,20873216.0
memory_working_set,minikube,monitoring-grafana-6f66955c48-hlrcn,monitoring,/kubepods/besteffort/pod9d3fe3f0-8989-47b4-8478-0ae7be66df8d,1780920839,405024768.0
memory_working_set,minikube,chaos-daemon-n6ghj,chaos-testing,/kubepods/besteffort/poda051be83-a7cd-43e4-83d3-76f3c90e8474,1780920839,19238912.0
memory_working_set,minikube,monitoring-kube-prometheus-operator-556b56cc6d-n6dg9,monitoring,/kubepods/besteffort/podc8122519-a592-495f-9353-00a2f23fdf80,1780920839,41095168.0
memory_working_set,minikube,monitoring-prometheus-node-exporter-pdw8p,monitoring,/kubepods/besteffort/podd35abb3b-34f0-40fa-af55-3ab246fc64c8,1780920839,20475904.0
memory_working_set,minikube,kube-scheduler-minikube,kube-system,/kubepods/burstable/pod1c7123a121598343200ffd5b015ca580,1780920839,40763392.0
memory_working_set,minikube,shippingservice-55656785c7-lk4mx,boutique,/kubepods/burstable/pod1df51271-c9ea-47fa-8fb2-cf15bbc7c216,1780920839,15147008.0
memory_working_set,minikube,chaos-controller-manager-659785674d-29q42,chaos-testing,/kubepods/burstable/pod21ab858c-cee8-438c-8682-c786dc3dc044,1780920839,29609984.0
memory_working_set,minikube,chaos-controller-manager-659785674d-fjb2r,chaos-testing,/kubepods/burstable/pod2569141a-4d05-422e-bcf2-2f01e2f5056d,1780920839,36511744.0
memory_working_set,minikube,coredns-7d764666f9-hxxb8,kube-system,/kubepods/burstable/pod596c18fb-891c-4e87-9b11-83d99dd6d264,1780920839,40706048.0
memory_working_set,minikube,recommendationservice-6f8f67d69-fhrns,boutique,/kubepods/burstable/pod5ded7b1a-44d9-4178-8596-57a9e25f6171,1780920839,57851904.0
memory_working_set,minikube,etcd-minikube,kube-system,/kubepods/burstable/pod5ff8e3b06bbaa8cb7ebc2bf531e48a2f,1780920839,87740416.0
memory_working_set,minikube,emailservice-7466dc585-sv4wh,boutique,/kubepods/burstable/pod6116940a-da83-4761-97dc-892a207b789e,1780920839,53186560.0
memory_working_set,minikube,cartservice-546c548494-cb4lb,boutique,/kubepods/burstable/pod6ec732c5-cf34-4e25-a3ce-ff4b44ce8d19,1780920839,71630848.0
memory_working_set,minikube,kube-controller-manager-minikube,kube-system,/kubepods/burstable/pod740363cf4388c2d0df59fc97f96b889c,1780920839,95997952.0
memory_working_set,minikube,chaos-dashboard-5b77585c6c-zm7f4,chaos-testing,/kubepods/burstable/pod7d3e8284-7c72-4577-a8fb-79d957f69104,1780920839,48291840.0
memory_working_set,minikube,chaos-dns-server-6bccb5bb76-gscmn,chaos-testing,/kubepods/burstable/pod8a82a436-ef3f-4750-8f39-dbfde680d0b8,1780920839,28045312.0
memory_working_set,minikube,coredns-7d764666f9-gmlgd,kube-system,/kubepods/burstable/pod9289fad3-6e91-4617-b97d-6da4631c2f35,1780920839,32391168.0
memory_working_set,minikube,adservice-8576649cff-5bvst,boutique,/kubepods/burstable/pod9d685cd3-17df-43af-a26e-7743c006902d,1780920839,112328704.0
memory_working_set,minikube,kube-apiserver-minikube,kube-system,/kubepods/burstable/poda6dc00f40d27725f15407f95751ce5f7,1780920839,591310848.0
memory_working_set,minikube,alertmanager-monitoring-kube-prometheus-alertmanager-0,monitoring,/kubepods/burstable/podb5fde93f-2f9a-427f-aa16-8a257f179975,1780920839,56561664.0
memory_working_set,minikube,currencyservice-fd8f5dfb7-js8gr,boutique,/kubepods/burstable/podc827ec2d-8a9d-4e1c-8017-62c3901eccb4,1780920839,113602560.0
memory_working_set,minikube,redis-cart-6899b65948-ms767,boutique,/kubepods/burstable/podd425db0f-53f9-4bec-9ee1-49e4ced03bb6,1780920839,13819904.0
memory_working_set,minikube,chaos-controller-manager-659785674d-wbwg8,chaos-testing,/kubepods/burstable/podd7abbfc2-2af5-4b28-b438-3ebef4bafcce,1780920839,27787264.0
memory_working_set,minikube,paymentservice-6b76dfb449-n8mm2,boutique,/kubepods/burstable/podd9986049-5066-4a99-a156-0bc7b2391961,1780920839,81719296.0
memory_working_set,minikube,checkoutservice-75b9cd684f-vzdsz,boutique,/kubepods/burstable/pod5827d8c7-6a98-4352-9825-164648474ddc,1780920839,17518592.0
memory_working_set,minikube,frontend-694b9f76cd-z2pk6,boutique,/kubepods/burstable/podcf6049c2-3667-4622-87ba-b06efa553d48,1780920839,23597056.0
memory_working_set,minikube,productcatalogservice-fb49fc9cc-wptz6,boutique,/kubepods/burstable/pode9d4586d-6739-497d-ae8d-4fd70972eea8,1780920839,18276352.0
memory_working_set,minikube,loadgenerator-7694cd65db-bdz8c,boutique,/kubepods/burstable/pod38d6ef8e-d456-4bd4-95a0-ea6760631a9d,1780920839,77651968.0
cpu_rate,minikube,kube-proxy-fshvh,kube-system,/kubepods/besteffort/pod2f4efb93-ee48-4c37-b1e1-6f2e54a917c7,1780920868,0.0003229498684503542
cpu_rate,minikube,monitoring-kube-state-metrics-868694bc4b-689cm,monitoring,/kubepods/besteffort/pod59c52cc8-67e3-4946-aac6-7ff0ef74285f,1780920868,0.0006950458594509792
cpu_rate,minikube,prometheus-monitoring-kube-prometheus-prometheus-0,monitoring,/kubepods/besteffort/pod6bff50b8-f988-4ff2-a8c1-8f95f2c25189,1780920868,0.010289116306588486
cpu_rate,minikube,storage-provisioner,kube-system,/kubepods/besteffort/pod9bffcac8-a0cd-49a4-ad59-cdbf60a579cb,1780920868,0.0012657525685802868
cpu_rate,minikube,monitoring-grafana-6f66955c48-hlrcn,monitoring,/kubepods/besteffort/pod9d3fe3f0-8989-47b4-8478-0ae7be66df8d,1780920868,0.009816549392657662
cpu_rate,minikube,chaos-daemon-n6ghj,chaos-testing,/kubepods/besteffort/poda051be83-a7cd-43e4-83d3-76f3c90e8474,1780920868,1.5656546482469257e-06
cpu_rate,minikube,monitoring-kube-prometheus-operator-556b56cc6d-n6dg9,monitoring,/kubepods/besteffort/podc8122519-a592-495f-9353-00a2f23fdf80,1780920868,0.0021078570383202184
cpu_rate,minikube,monitoring-prometheus-node-exporter-pdw8p,monitoring,/kubepods/besteffort/podd35abb3b-34f0-40fa-af55-3ab246fc64c8,1780920868,0.0008792107927158985
cpu_rate,minikube,kube-scheduler-minikube,kube-system,/kubepods/burstable/pod1c7123a121598343200ffd5b015ca580,1780920868,0.004610326526020803
cpu_rate,minikube,shippingservice-55656785c7-lk4mx,boutique,/kubepods/burstable/pod1df51271-c9ea-47fa-8fb2-cf15bbc7c216,1780920868,0.0009590723844575173
cpu_rate,minikube,chaos-controller-manager-659785674d-29q42,chaos-testing,/kubepods/burstable/pod21ab858c-cee8-438c-8682-c786dc3dc044,1780920868,0.0005969225719884604
cpu_rate,minikube,chaos-controller-manager-659785674d-fjb2r,chaos-testing,/kubepods/burstable/pod2569141a-4d05-422e-bcf2-2f01e2f5056d,1780920868,0.0052153980303652255
cpu_rate,minikube,coredns-7d764666f9-hxxb8,kube-system,/kubepods/burstable/pod596c18fb-891c-4e87-9b11-83d99dd6d264,1780920868,0.0020072106028637317
cpu_rate,minikube,recommendationservice-6f8f67d69-fhrns,boutique,/kubepods/burstable/pod5ded7b1a-44d9-4178-8596-57a9e25f6171,1780920868,0.005744846762361124
cpu_rate,minikube,etcd-minikube,kube-system,/kubepods/burstable/pod5ff8e3b06bbaa8cb7ebc2bf531e48a2f,1780920868,0.022691489914432695
cpu_rate,minikube,emailservice-7466dc585-sv4wh,boutique,/kubepods/burstable/pod6116940a-da83-4761-97dc-892a207b789e,1780920868,0.0012803204911941417
cpu_rate,minikube,cartservice-546c548494-cb4lb,boutique,/kubepods/burstable/pod6ec732c5-cf34-4e25-a3ce-ff4b44ce8d19,1780920868,0.004076374239755625
cpu_rate,minikube,kube-controller-manager-minikube,kube-system,/kubepods/burstable/pod740363cf4388c2d0df59fc97f96b889c,1780920868,0.012444802891762948
cpu_rate,minikube,chaos-dashboard-5b77585c6c-zm7f4,chaos-testing,/kubepods/burstable/pod7d3e8284-7c72-4577-a8fb-79d957f69104,1780920868,0.001982851956549078
cpu_rate,minikube,chaos-dns-server-6bccb5bb76-gscmn,chaos-testing,/kubepods/burstable/pod8a82a436-ef3f-4750-8f39-dbfde680d0b8,1780920868,0.0019707174384835068
cpu_rate,minikube,coredns-7d764666f9-gmlgd,kube-system,/kubepods/burstable/pod9289fad3-6e91-4617-b97d-6da4631c2f35,1780920868,0.0019390530458791699
cpu_rate,minikube,adservice-8576649cff-5bvst,boutique,/kubepods/burstable/pod9d685cd3-17df-43af-a26e-7743c006902d,1780920868,0.001205014160721857
cpu_rate,minikube,kube-apiserver-minikube,kube-system,/kubepods/burstable/poda6dc00f40d27725f15407f95751ce5f7,1780920868,0.044696422339391584
cpu_rate,minikube,alertmanager-monitoring-kube-prometheus-alertmanager-0,monitoring,/kubepods/burstable/podb5fde93f-2f9a-427f-aa16-8a257f179975,1780920868,0.0007348250416567455
cpu_rate,minikube,currencyservice-fd8f5dfb7-js8gr,boutique,/kubepods/burstable/podc827ec2d-8a9d-4e1c-8017-62c3901eccb4,1780920868,0.00586902571124897
cpu_rate,minikube,redis-cart-6899b65948-ms767,boutique,/kubepods/burstable/podd425db0f-53f9-4bec-9ee1-49e4ced03bb6,1780920868,0.001854131121178229
cpu_rate,minikube,chaos-controller-manager-659785674d-wbwg8,chaos-testing,/kubepods/burstable/podd7abbfc2-2af5-4b28-b438-3ebef4bafcce,1780920868,0.0006174504033791679
cpu_rate,minikube,paymentservice-6b76dfb449-n8mm2,boutique,/kubepods/burstable/podd9986049-5066-4a99-a156-0bc7b2391961,1780920868,0.00043547931995716207
cpu_rate,minikube,checkoutservice-75b9cd684f-vzdsz,boutique,/kubepods/burstable/pod5827d8c7-6a98-4352-9825-164648474ddc,1780920868,0.0009208965593628058
cpu_rate,minikube,frontend-694b9f76cd-z2pk6,boutique,/kubepods/burstable/podcf6049c2-3667-4622-87ba-b06efa553d48,1780920868,0.011637716131862921
cpu_rate,minikube,productcatalogservice-fb49fc9cc-wptz6,boutique,/kubepods/burstable/pode9d4586d-6739-497d-ae8d-4fd70972eea8,1780920868,0.005044981026325591
cpu_rate,minikube,loadgenerator-7694cd65db-bdz8c,boutique,/kubepods/burstable/pod38d6ef8e-d456-4bd4-95a0-ea6760631a9d,1780920868,0.0027082873789935143
memory_working_set,minikube,kube-proxy-fshvh,kube-system,/kubepods/besteffort/pod2f4efb93-ee48-4c37-b1e1-6f2e54a917c7,1780920868,39555072.0
memory_working_set,minikube,monitoring-kube-state-metrics-868694bc4b-689cm,monitoring,/kubepods/besteffort/pod59c52cc8-67e3-4946-aac6-7ff0ef74285f,1780920868,38379520.0
memory_working_set,minikube,prometheus-monitoring-kube-prometheus-prometheus-0,monitoring,/kubepods/besteffort/pod6bff50b8-f988-4ff2-a8c1-8f95f2c25189,1780920868,322846720.0
memory_working_set,minikube,storage-provisioner,kube-system,/kubepods/besteffort/pod9bffcac8-a0cd-49a4-ad59-cdbf60a579cb,1780920868,20807680.0
memory_working_set,minikube,monitoring-grafana-6f66955c48-hlrcn,monitoring,/kubepods/besteffort/pod9d3fe3f0-8989-47b4-8478-0ae7be66df8d,1780920868,405708800.0
memory_working_set,minikube,chaos-daemon-n6ghj,chaos-testing,/kubepods/besteffort/poda051be83-a7cd-43e4-83d3-76f3c90e8474,1780920868,19238912.0
memory_working_set,minikube,monitoring-kube-prometheus-operator-556b56cc6d-n6dg9,monitoring,/kubepods/besteffort/podc8122519-a592-495f-9353-00a2f23fdf80,1780920868,41091072.0
memory_working_set,minikube,monitoring-prometheus-node-exporter-pdw8p,monitoring,/kubepods/besteffort/podd35abb3b-34f0-40fa-af55-3ab246fc64c8,1780920868,18456576.0
memory_working_set,minikube,kube-scheduler-minikube,kube-system,/kubepods/burstable/pod1c7123a121598343200ffd5b015ca580,1780920868,40771584.0
memory_working_set,minikube,shippingservice-55656785c7-lk4mx,boutique,/kubepods/burstable/pod1df51271-c9ea-47fa-8fb2-cf15bbc7c216,1780920868,15183872.0
memory_working_set,minikube,chaos-controller-manager-659785674d-29q42,chaos-testing,/kubepods/burstable/pod21ab858c-cee8-438c-8682-c786dc3dc044,1780920868,29609984.0
memory_working_set,minikube,chaos-controller-manager-659785674d-fjb2r,chaos-testing,/kubepods/burstable/pod2569141a-4d05-422e-bcf2-2f01e2f5056d,1780920868,36511744.0
memory_working_set,minikube,coredns-7d764666f9-hxxb8,kube-system,/kubepods/burstable/pod596c18fb-891c-4e87-9b11-83d99dd6d264,1780920868,40460288.0
memory_working_set,minikube,recommendationservice-6f8f67d69-fhrns,boutique,/kubepods/burstable/pod5ded7b1a-44d9-4178-8596-57a9e25f6171,1780920868,58142720.0
memory_working_set,minikube,etcd-minikube,kube-system,/kubepods/burstable/pod5ff8e3b06bbaa8cb7ebc2bf531e48a2f,1780920868,87490560.0
memory_working_set,minikube,emailservice-7466dc585-sv4wh,boutique,/kubepods/burstable/pod6116940a-da83-4761-97dc-892a207b789e,1780920868,53186560.0
memory_working_set,minikube,cartservice-546c548494-cb4lb,boutique,/kubepods/burstable/pod6ec732c5-cf34-4e25-a3ce-ff4b44ce8d19,1780920868,71655424.0
memory_working_set,minikube,kube-controller-manager-minikube,kube-system,/kubepods/burstable/pod740363cf4388c2d0df59fc97f96b889c,1780920868,96002048.0
memory_working_set,minikube,chaos-dashboard-5b77585c6c-zm7f4,chaos-testing,/kubepods/burstable/pod7d3e8284-7c72-4577-a8fb-79d957f69104,1780920868,48291840.0
memory_working_set,minikube,chaos-dns-server-6bccb5bb76-gscmn,chaos-testing,/kubepods/burstable/pod8a82a436-ef3f-4750-8f39-dbfde680d0b8,1780920868,28049408.0
memory_working_set,minikube,coredns-7d764666f9-gmlgd,kube-system,/kubepods/burstable/pod9289fad3-6e91-4617-b97d-6da4631c2f35,1780920868,32460800.0
memory_working_set,minikube,adservice-8576649cff-5bvst,boutique,/kubepods/burstable/pod9d685cd3-17df-43af-a26e-7743c006902d,1780920868,112336896.0
memory_working_set,minikube,kube-apiserver-minikube,kube-system,/kubepods/burstable/poda6dc00f40d27725f15407f95751ce5f7,1780920868,591302656.0
memory_working_set,minikube,alertmanager-monitoring-kube-prometheus-alertmanager-0,monitoring,/kubepods/burstable/podb5fde93f-2f9a-427f-aa16-8a257f179975,1780920868,56573952.0
memory_working_set,minikube,currencyservice-fd8f5dfb7-js8gr,boutique,/kubepods/burstable/podc827ec2d-8a9d-4e1c-8017-62c3901eccb4,1780920868,113954816.0
memory_working_set,minikube,redis-cart-6899b65948-ms767,boutique,/kubepods/burstable/podd425db0f-53f9-4bec-9ee1-49e4ced03bb6,1780920868,13557760.0
memory_working_set,minikube,chaos-controller-manager-659785674d-wbwg8,chaos-testing,/kubepods/burstable/podd7abbfc2-2af5-4b28-b438-3ebef4bafcce,1780920868,27779072.0
memory_working_set,minikube,paymentservice-6b76dfb449-n8mm2,boutique,/kubepods/burstable/podd9986049-5066-4a99-a156-0bc7b2391961,1780920868,82214912.0
memory_working_set,minikube,checkoutservice-75b9cd684f-vzdsz,boutique,/kubepods/burstable/pod5827d8c7-6a98-4352-9825-164648474ddc,1780920868,17510400.0
memory_working_set,minikube,frontend-694b9f76cd-z2pk6,boutique,/kubepods/burstable/podcf6049c2-3667-4622-87ba-b06efa553d48,1780920868,23654400.0
memory_working_set,minikube,productcatalogservice-fb49fc9cc-wptz6,boutique,/kubepods/burstable/pode9d4586d-6739-497d-ae8d-4fd70972eea8,1780920868,18681856.0
memory_working_set,minikube,loadgenerator-7694cd65db-bdz8c,boutique,/kubepods/burstable/pod38d6ef8e-d456-4bd4-95a0-ea6760631a9d,1780920868,77676544.0
cpu_rate,minikube,kube-proxy-fshvh,kube-system,/kubepods/besteffort/pod2f4efb93-ee48-4c37-b1e1-6f2e54a917c7,1780920897,0.0002738135697085865
cpu_rate,minikube,monitoring-kube-state-metrics-868694bc4b-689cm,monitoring,/kubepods/besteffort/pod59c52cc8-67e3-4946-aac6-7ff0ef74285f,1780920897,0.0007655589055890786
cpu_rate,minikube,prometheus-monitoring-kube-prometheus-prometheus-0,monitoring,/kubepods/besteffort/pod6bff50b8-f988-4ff2-a8c1-8f95f2c25189,1780920897,0.010603208037999688
cpu_rate,minikube,storage-provisioner,kube-system,/kubepods/besteffort/pod9bffcac8-a0cd-49a4-ad59-cdbf60a579cb,1780920897,0.0011752597938551343
cpu_rate,minikube,monitoring-grafana-6f66955c48-hlrcn,monitoring,/kubepods/besteffort/pod9d3fe3f0-8989-47b4-8478-0ae7be66df8d,1780920897,0.010877259475218936
cpu_rate,minikube,chaos-daemon-n6ghj,chaos-testing,/kubepods/besteffort/poda051be83-a7cd-43e4-83d3-76f3c90e8474,1780920897,1.505803732692127e-06
cpu_rate,minikube,monitoring-kube-prometheus-operator-556b56cc6d-n6dg9,monitoring,/kubepods/besteffort/podc8122519-a592-495f-9353-00a2f23fdf80,1780920897,0.0023110569448975913
cpu_rate,minikube,monitoring-prometheus-node-exporter-pdw8p,monitoring,/kubepods/besteffort/podd35abb3b-34f0-40fa-af55-3ab246fc64c8,1780920897,0.0009342319190223731
cpu_rate,minikube,kube-scheduler-minikube,kube-system,/kubepods/burstable/pod1c7123a121598343200ffd5b015ca580,1780920897,0.004351989718202579
cpu_rate,minikube,shippingservice-55656785c7-lk4mx,boutique,/kubepods/burstable/pod1df51271-c9ea-47fa-8fb2-cf15bbc7c216,1780920897,0.0009063169478361915
cpu_rate,minikube,chaos-controller-manager-659785674d-29q42,chaos-testing,/kubepods/burstable/pod21ab858c-cee8-438c-8682-c786dc3dc044,1780920897,0.0005060866504356043
cpu_rate,minikube,chaos-controller-manager-659785674d-fjb2r,chaos-testing,/kubepods/burstable/pod2569141a-4d05-422e-bcf2-2f01e2f5056d,1780920897,0.004823244918007846
cpu_rate,minikube,coredns-7d764666f9-hxxb8,kube-system,/kubepods/burstable/pod596c18fb-891c-4e87-9b11-83d99dd6d264,1780920897,0.001914500495368072
cpu_rate,minikube,recommendationservice-6f8f67d69-fhrns,boutique,/kubepods/burstable/pod5ded7b1a-44d9-4178-8596-57a9e25f6171,1780920897,0.005480107065236836
cpu_rate,minikube,etcd-minikube,kube-system,/kubepods/burstable/pod5ff8e3b06bbaa8cb7ebc2bf531e48a2f,1780920897,0.024037986796446798
cpu_rate,minikube,emailservice-7466dc585-sv4wh,boutique,/kubepods/burstable/pod6116940a-da83-4761-97dc-892a207b789e,1780920897,0.001393917494691393
cpu_rate,minikube,cartservice-546c548494-cb4lb,boutique,/kubepods/burstable/pod6ec732c5-cf34-4e25-a3ce-ff4b44ce8d19,1780920897,0.00498436867415156
cpu_rate,minikube,kube-controller-manager-minikube,kube-system,/kubepods/burstable/pod740363cf4388c2d0df59fc97f96b889c,1780920897,0.012197890680458328
cpu_rate,minikube,chaos-dashboard-5b77585c6c-zm7f4,chaos-testing,/kubepods/burstable/pod7d3e8284-7c72-4577-a8fb-79d957f69104,1780920897,0.00210917575916913
cpu_rate,minikube,chaos-dns-server-6bccb5bb76-gscmn,chaos-testing,/kubepods/burstable/pod8a82a436-ef3f-4750-8f39-dbfde680d0b8,1780920897,0.001919282112132891
cpu_rate,minikube,coredns-7d764666f9-gmlgd,kube-system,/kubepods/burstable/pod9289fad3-6e91-4617-b97d-6da4631c2f35,1780920897,0.001920796080214137
cpu_rate,minikube,adservice-8576649cff-5bvst,boutique,/kubepods/burstable/pod9d685cd3-17df-43af-a26e-7743c006902d,1780920897,0.0012601741285694925
cpu_rate,minikube,kube-apiserver-minikube,kube-system,/kubepods/burstable/poda6dc00f40d27725f15407f95751ce5f7,1780920897,0.04176590234476032
cpu_rate,minikube,alertmanager-monitoring-kube-prometheus-alertmanager-0,monitoring,/kubepods/burstable/podb5fde93f-2f9a-427f-aa16-8a257f179975,1780920897,0.0005478499974190201
cpu_rate,minikube,currencyservice-fd8f5dfb7-js8gr,boutique,/kubepods/burstable/podc827ec2d-8a9d-4e1c-8017-62c3901eccb4,1780920897,0.007107123591617449
cpu_rate,minikube,redis-cart-6899b65948-ms767,boutique,/kubepods/burstable/podd425db0f-53f9-4bec-9ee1-49e4ced03bb6,1780920897,0.0018726893690437188
cpu_rate,minikube,chaos-controller-manager-659785674d-wbwg8,chaos-testing,/kubepods/burstable/podd7abbfc2-2af5-4b28-b438-3ebef4bafcce,1780920897,0.00047228269971527945
cpu_rate,minikube,paymentservice-6b76dfb449-n8mm2,boutique,/kubepods/burstable/podd9986049-5066-4a99-a156-0bc7b2391961,1780920897,0.00047900366988816125
cpu_rate,minikube,checkoutservice-75b9cd684f-vzdsz,boutique,/kubepods/burstable/pod5827d8c7-6a98-4352-9825-164648474ddc,1780920897,0.0010936150553449969
cpu_rate,minikube,frontend-694b9f76cd-z2pk6,boutique,/kubepods/burstable/podcf6049c2-3667-4622-87ba-b06efa553d48,1780920897,0.011873543426901298
cpu_rate,minikube,productcatalogservice-fb49fc9cc-wptz6,boutique,/kubepods/burstable/pode9d4586d-6739-497d-ae8d-4fd70972eea8,1780920897,0.00566764255350002
cpu_rate,minikube,loadgenerator-7694cd65db-bdz8c,boutique,/kubepods/burstable/pod38d6ef8e-d456-4bd4-95a0-ea6760631a9d,1780920897,0.0030615811399904384
memory_working_set,minikube,kube-proxy-fshvh,kube-system,/kubepods/besteffort/pod2f4efb93-ee48-4c37-b1e1-6f2e54a917c7,1780920897,39559168.0
memory_working_set,minikube,monitoring-kube-state-metrics-868694bc4b-689cm,monitoring,/kubepods/besteffort/pod59c52cc8-67e3-4946-aac6-7ff0ef74285f,1780920897,38383616.0
memory_working_set,minikube,prometheus-monitoring-kube-prometheus-prometheus-0,monitoring,/kubepods/besteffort/pod6bff50b8-f988-4ff2-a8c1-8f95f2c25189,1780920897,319475712.0
memory_working_set,minikube,storage-provisioner,kube-system,/kubepods/besteffort/pod9bffcac8-a0cd-49a4-ad59-cdbf60a579cb,1780920897,21045248.0
memory_working_set,minikube,monitoring-grafana-6f66955c48-hlrcn,monitoring,/kubepods/besteffort/pod9d3fe3f0-8989-47b4-8478-0ae7be66df8d,1780920897,405475328.0
memory_working_set,minikube,chaos-daemon-n6ghj,chaos-testing,/kubepods/besteffort/poda051be83-a7cd-43e4-83d3-76f3c90e8474,1780920897,19238912.0
memory_working_set,minikube,monitoring-kube-prometheus-operator-556b56cc6d-n6dg9,monitoring,/kubepods/besteffort/podc8122519-a592-495f-9353-00a2f23fdf80,1780920897,41095168.0
memory_working_set,minikube,monitoring-prometheus-node-exporter-pdw8p,monitoring,/kubepods/besteffort/podd35abb3b-34f0-40fa-af55-3ab246fc64c8,1780920897,19537920.0
memory_working_set,minikube,kube-scheduler-minikube,kube-system,/kubepods/burstable/pod1c7123a121598343200ffd5b015ca580,1780920897,40767488.0
memory_working_set,minikube,shippingservice-55656785c7-lk4mx,boutique,/kubepods/burstable/pod1df51271-c9ea-47fa-8fb2-cf15bbc7c216,1780920897,15343616.0
memory_working_set,minikube,chaos-controller-manager-659785674d-29q42,chaos-testing,/kubepods/burstable/pod21ab858c-cee8-438c-8682-c786dc3dc044,1780920897,29614080.0
memory_working_set,minikube,chaos-controller-manager-659785674d-fjb2r,chaos-testing,/kubepods/burstable/pod2569141a-4d05-422e-bcf2-2f01e2f5056d,1780920897,36511744.0
memory_working_set,minikube,coredns-7d764666f9-hxxb8,kube-system,/kubepods/burstable/pod596c18fb-891c-4e87-9b11-83d99dd6d264,1780920897,40460288.0
memory_working_set,minikube,recommendationservice-6f8f67d69-fhrns,boutique,/kubepods/burstable/pod5ded7b1a-44d9-4178-8596-57a9e25f6171,1780920897,57872384.0
memory_working_set,minikube,etcd-minikube,kube-system,/kubepods/burstable/pod5ff8e3b06bbaa8cb7ebc2bf531e48a2f,1780920897,87506944.0
memory_working_set,minikube,emailservice-7466dc585-sv4wh,boutique,/kubepods/burstable/pod6116940a-da83-4761-97dc-892a207b789e,1780920897,53186560.0
memory_working_set,minikube,cartservice-546c548494-cb4lb,boutique,/kubepods/burstable/pod6ec732c5-cf34-4e25-a3ce-ff4b44ce8d19,1780920897,71630848.0
memory_working_set,minikube,kube-controller-manager-minikube,kube-system,/kubepods/burstable/pod740363cf4388c2d0df59fc97f96b889c,1780920897,96006144.0
memory_working_set,minikube,chaos-dashboard-5b77585c6c-zm7f4,chaos-testing,/kubepods/burstable/pod7d3e8284-7c72-4577-a8fb-79d957f69104,1780920897,48291840.0
memory_working_set,minikube,chaos-dns-server-6bccb5bb76-gscmn,chaos-testing,/kubepods/burstable/pod8a82a436-ef3f-4750-8f39-dbfde680d0b8,1780920897,28049408.0
memory_working_set,minikube,coredns-7d764666f9-gmlgd,kube-system,/kubepods/burstable/pod9289fad3-6e91-4617-b97d-6da4631c2f35,1780920897,32473088.0
memory_working_set,minikube,adservice-8576649cff-5bvst,boutique,/kubepods/burstable/pod9d685cd3-17df-43af-a26e-7743c006902d,1780920897,112328704.0
memory_working_set,minikube,kube-apiserver-minikube,kube-system,/kubepods/burstable/poda6dc00f40d27725f15407f95751ce5f7,1780920897,591835136.0
memory_working_set,minikube,alertmanager-monitoring-kube-prometheus-alertmanager-0,monitoring,/kubepods/burstable/podb5fde93f-2f9a-427f-aa16-8a257f179975,1780920897,56578048.0
memory_working_set,minikube,currencyservice-fd8f5dfb7-js8gr,boutique,/kubepods/burstable/podc827ec2d-8a9d-4e1c-8017-62c3901eccb4,1780920897,114679808.0
memory_working_set,minikube,redis-cart-6899b65948-ms767,boutique,/kubepods/burstable/podd425db0f-53f9-4bec-9ee1-49e4ced03bb6,1780920897,13819904.0
memory_working_set,minikube,chaos-controller-manager-659785674d-wbwg8,chaos-testing,/kubepods/burstable/podd7abbfc2-2af5-4b28-b438-3ebef4bafcce,1780920897,27779072.0
memory_working_set,minikube,paymentservice-6b76dfb449-n8mm2,boutique,/kubepods/burstable/podd9986049-5066-4a99-a156-0bc7b2391961,1780920897,82649088.0
memory_working_set,minikube,checkoutservice-75b9cd684f-vzdsz,boutique,/kubepods/burstable/pod5827d8c7-6a98-4352-9825-164648474ddc,1780920897,17526784.0
memory_working_set,minikube,frontend-694b9f76cd-z2pk6,boutique,/kubepods/burstable/podcf6049c2-3667-4622-87ba-b06efa553d48,1780920897,23437312.0
memory_working_set,minikube,productcatalogservice-fb49fc9cc-wptz6,boutique,/kubepods/burstable/pode9d4586d-6739-497d-ae8d-4fd70972eea8,1780920897,18419712.0
memory_working_set,minikube,loadgenerator-7694cd65db-bdz8c,boutique,/kubepods/burstable/pod38d6ef8e-d456-4bd4-95a0-ea6760631a9d,1780920897,77934592.0
cpu_rate,minikube,kube-proxy-fshvh,kube-system,/kubepods/besteffort/pod2f4efb93-ee48-4c37-b1e1-6f2e54a917c7,1780920927,0.0004098947302527841
cpu_rate,minikube,monitoring-kube-state-metrics-868694bc4b-689cm,monitoring,/kubepods/besteffort/pod59c52cc8-67e3-4946-aac6-7ff0ef74285f,1780920927,0.0007135869410660608
cpu_rate,minikube,prometheus-monitoring-kube-prometheus-prometheus-0,monitoring,/kubepods/besteffort/pod6bff50b8-f988-4ff2-a8c1-8f95f2c25189,1780920927,0.009434143465202936
cpu_rate,minikube,storage-provisioner,kube-system,/kubepods/besteffort/pod9bffcac8-a0cd-49a4-ad59-cdbf60a579cb,1780920927,0.0013468371032308584
cpu_rate,minikube,monitoring-grafana-6f66955c48-hlrcn,monitoring,/kubepods/besteffort/pod9d3fe3f0-8989-47b4-8478-0ae7be66df8d,1780920927,0.00983116274986054
cpu_rate,minikube,chaos-daemon-n6ghj,chaos-testing,/kubepods/besteffort/poda051be83-a7cd-43e4-83d3-76f3c90e8474,1780920927,2.6238417203570948e-05
cpu_rate,minikube,monitoring-kube-prometheus-operator-556b56cc6d-n6dg9,monitoring,/kubepods/besteffort/podc8122519-a592-495f-9353-00a2f23fdf80,1780920927,0.0023217021994120807
cpu_rate,minikube,monitoring-prometheus-node-exporter-pdw8p,monitoring,/kubepods/besteffort/podd35abb3b-34f0-40fa-af55-3ab246fc64c8,1780920927,0.0008776570435322844
cpu_rate,minikube,kube-scheduler-minikube,kube-system,/kubepods/burstable/pod1c7123a121598343200ffd5b015ca580,1780920927,0.003810934414595146
cpu_rate,minikube,shippingservice-55656785c7-lk4mx,boutique,/kubepods/burstable/pod1df51271-c9ea-47fa-8fb2-cf15bbc7c216,1780920927,0.0009356414278044784
cpu_rate,minikube,chaos-controller-manager-659785674d-29q42,chaos-testing,/kubepods/burstable/pod21ab858c-cee8-438c-8682-c786dc3dc044,1780920927,0.0005049851069331759
cpu_rate,minikube,chaos-controller-manager-659785674d-fjb2r,chaos-testing,/kubepods/burstable/pod2569141a-4d05-422e-bcf2-2f01e2f5056d,1780920927,0.005136406911499561
cpu_rate,minikube,coredns-7d764666f9-hxxb8,kube-system,/kubepods/burstable/pod596c18fb-891c-4e87-9b11-83d99dd6d264,1780920927,0.0017694058047878715
cpu_rate,minikube,recommendationservice-6f8f67d69-fhrns,boutique,/kubepods/burstable/pod5ded7b1a-44d9-4178-8596-57a9e25f6171,1780920927,0.005933016417235555
cpu_rate,minikube,etcd-minikube,kube-system,/kubepods/burstable/pod5ff8e3b06bbaa8cb7ebc2bf531e48a2f,1780920927,0.024251248366832703
cpu_rate,minikube,emailservice-7466dc585-sv4wh,boutique,/kubepods/burstable/pod6116940a-da83-4761-97dc-892a207b789e,1780920927,0.0015947285988341762
cpu_rate,minikube,cartservice-546c548494-cb4lb,boutique,/kubepods/burstable/pod6ec732c5-cf34-4e25-a3ce-ff4b44ce8d19,1780920927,0.00447698729001179
cpu_rate,minikube,kube-controller-manager-minikube,kube-system,/kubepods/burstable/pod740363cf4388c2d0df59fc97f96b889c,1780920927,0.012677225184387063
cpu_rate,minikube,chaos-dashboard-5b77585c6c-zm7f4,chaos-testing,/kubepods/burstable/pod7d3e8284-7c72-4577-a8fb-79d957f69104,1780920927,0.0020749456273160753
cpu_rate,minikube,chaos-dns-server-6bccb5bb76-gscmn,chaos-testing,/kubepods/burstable/pod8a82a436-ef3f-4750-8f39-dbfde680d0b8,1780920927,0.0019309906336298069
cpu_rate,minikube,coredns-7d764666f9-gmlgd,kube-system,/kubepods/burstable/pod9289fad3-6e91-4617-b97d-6da4631c2f35,1780920927,0.0018005263755822042
cpu_rate,minikube,adservice-8576649cff-5bvst,boutique,/kubepods/burstable/pod9d685cd3-17df-43af-a26e-7743c006902d,1780920927,0.0012657955044127018
cpu_rate,minikube,kube-apiserver-minikube,kube-system,/kubepods/burstable/poda6dc00f40d27725f15407f95751ce5f7,1780920927,0.04386590847706174
cpu_rate,minikube,alertmanager-monitoring-kube-prometheus-alertmanager-0,monitoring,/kubepods/burstable/podb5fde93f-2f9a-427f-aa16-8a257f179975,1780920927,0.0006141247624909552
cpu_rate,minikube,currencyservice-fd8f5dfb7-js8gr,boutique,/kubepods/burstable/podc827ec2d-8a9d-4e1c-8017-62c3901eccb4,1780920927,0.008052214534918086
cpu_rate,minikube,redis-cart-6899b65948-ms767,boutique,/kubepods/burstable/podd425db0f-53f9-4bec-9ee1-49e4ced03bb6,1780920927,0.0018958669977984007
cpu_rate,minikube,chaos-controller-manager-659785674d-wbwg8,chaos-testing,/kubepods/burstable/podd7abbfc2-2af5-4b28-b438-3ebef4bafcce,1780920927,0.0004487768545477449
cpu_rate,minikube,paymentservice-6b76dfb449-n8mm2,boutique,/kubepods/burstable/podd9986049-5066-4a99-a156-0bc7b2391961,1780920927,0.00046893072229090514
cpu_rate,minikube,checkoutservice-75b9cd684f-vzdsz,boutique,/kubepods/burstable/pod5827d8c7-6a98-4352-9825-164648474ddc,1780920927,0.0010717394234657782
cpu_rate,minikube,frontend-694b9f76cd-z2pk6,boutique,/kubepods/burstable/podcf6049c2-3667-4622-87ba-b06efa553d48,1780920927,0.010681999633621342
cpu_rate,minikube,productcatalogservice-fb49fc9cc-wptz6,boutique,/kubepods/burstable/pode9d4586d-6739-497d-ae8d-4fd70972eea8,1780920927,0.004950972706244149
cpu_rate,minikube,loadgenerator-7694cd65db-bdz8c,boutique,/kubepods/burstable/pod38d6ef8e-d456-4bd4-95a0-ea6760631a9d,1780920927,0.0030140589834273335
memory_working_set,minikube,kube-proxy-fshvh,kube-system,/kubepods/besteffort/pod2f4efb93-ee48-4c37-b1e1-6f2e54a917c7,1780920927,39575552.0
memory_working_set,minikube,monitoring-kube-state-metrics-868694bc4b-689cm,monitoring,/kubepods/besteffort/pod59c52cc8-67e3-4946-aac6-7ff0ef74285f,1780920927,38440960.0
memory_working_set,minikube,prometheus-monitoring-kube-prometheus-prometheus-0,monitoring,/kubepods/besteffort/pod6bff50b8-f988-4ff2-a8c1-8f95f2c25189,1780920927,324292608.0
memory_working_set,minikube,storage-provisioner,kube-system,/kubepods/besteffort/pod9bffcac8-a0cd-49a4-ad59-cdbf60a579cb,1780920927,21217280.0
memory_working_set,minikube,monitoring-grafana-6f66955c48-hlrcn,monitoring,/kubepods/besteffort/pod9d3fe3f0-8989-47b4-8478-0ae7be66df8d,1780920927,405532672.0
memory_working_set,minikube,chaos-daemon-n6ghj,chaos-testing,/kubepods/besteffort/poda051be83-a7cd-43e4-83d3-76f3c90e8474,1780920927,19238912.0
memory_working_set,minikube,monitoring-kube-prometheus-operator-556b56cc6d-n6dg9,monitoring,/kubepods/besteffort/podc8122519-a592-495f-9353-00a2f23fdf80,1780920927,41181184.0
memory_working_set,minikube,monitoring-prometheus-node-exporter-pdw8p,monitoring,/kubepods/besteffort/podd35abb3b-34f0-40fa-af55-3ab246fc64c8,1780920927,20267008.0
memory_working_set,minikube,kube-scheduler-minikube,kube-system,/kubepods/burstable/pod1c7123a121598343200ffd5b015ca580,1780920927,40771584.0
memory_working_set,minikube,shippingservice-55656785c7-lk4mx,boutique,/kubepods/burstable/pod1df51271-c9ea-47fa-8fb2-cf15bbc7c216,1780920927,15474688.0
memory_working_set,minikube,chaos-controller-manager-659785674d-29q42,chaos-testing,/kubepods/burstable/pod21ab858c-cee8-438c-8682-c786dc3dc044,1780920927,29614080.0
memory_working_set,minikube,chaos-controller-manager-659785674d-fjb2r,chaos-testing,/kubepods/burstable/pod2569141a-4d05-422e-bcf2-2f01e2f5056d,1780920927,36515840.0
memory_working_set,minikube,coredns-7d764666f9-hxxb8,kube-system,/kubepods/burstable/pod596c18fb-891c-4e87-9b11-83d99dd6d264,1780920927,40460288.0
memory_working_set,minikube,recommendationservice-6f8f67d69-fhrns,boutique,/kubepods/burstable/pod5ded7b1a-44d9-4178-8596-57a9e25f6171,1780920927,57872384.0
memory_working_set,minikube,etcd-minikube,kube-system,/kubepods/burstable/pod5ff8e3b06bbaa8cb7ebc2bf531e48a2f,1780920927,89600000.0
memory_working_set,minikube,emailservice-7466dc585-sv4wh,boutique,/kubepods/burstable/pod6116940a-da83-4761-97dc-892a207b789e,1780920927,53186560.0
memory_working_set,minikube,cartservice-546c548494-cb4lb,boutique,/kubepods/burstable/pod6ec732c5-cf34-4e25-a3ce-ff4b44ce8d19,1780920927,71921664.0
memory_working_set,minikube,kube-controller-manager-minikube,kube-system,/kubepods/burstable/pod740363cf4388c2d0df59fc97f96b889c,1780920927,95997952.0
memory_working_set,minikube,chaos-dashboard-5b77585c6c-zm7f4,chaos-testing,/kubepods/burstable/pod7d3e8284-7c72-4577-a8fb-79d957f69104,1780920927,48291840.0
memory_working_set,minikube,chaos-dns-server-6bccb5bb76-gscmn,chaos-testing,/kubepods/burstable/pod8a82a436-ef3f-4750-8f39-dbfde680d0b8,1780920927,28057600.0
memory_working_set,minikube,coredns-7d764666f9-gmlgd,kube-system,/kubepods/burstable/pod9289fad3-6e91-4617-b97d-6da4631c2f35,1780920927,32468992.0
memory_working_set,minikube,adservice-8576649cff-5bvst,boutique,/kubepods/burstable/pod9d685cd3-17df-43af-a26e-7743c006902d,1780920927,112328704.0
memory_working_set,minikube,kube-apiserver-minikube,kube-system,/kubepods/burstable/poda6dc00f40d27725f15407f95751ce5f7,1780920927,557731840.0
memory_working_set,minikube,alertmanager-monitoring-kube-prometheus-alertmanager-0,monitoring,/kubepods/burstable/podb5fde93f-2f9a-427f-aa16-8a257f179975,1780920927,53952512.0
memory_working_set,minikube,currencyservice-fd8f5dfb7-js8gr,boutique,/kubepods/burstable/podc827ec2d-8a9d-4e1c-8017-62c3901eccb4,1780920927,114192384.0
memory_working_set,minikube,redis-cart-6899b65948-ms767,boutique,/kubepods/burstable/podd425db0f-53f9-4bec-9ee1-49e4ced03bb6,1780920927,13819904.0
memory_working_set,minikube,chaos-controller-manager-659785674d-wbwg8,chaos-testing,/kubepods/burstable/podd7abbfc2-2af5-4b28-b438-3ebef4bafcce,1780920927,27779072.0
memory_working_set,minikube,paymentservice-6b76dfb449-n8mm2,boutique,/kubepods/burstable/podd9986049-5066-4a99-a156-0bc7b2391961,1780920927,82681856.0
memory_working_set,minikube,checkoutservice-75b9cd684f-vzdsz,boutique,/kubepods/burstable/pod5827d8c7-6a98-4352-9825-164648474ddc,1780920927,17526784.0
memory_working_set,minikube,frontend-694b9f76cd-z2pk6,boutique,/kubepods/burstable/podcf6049c2-3667-4622-87ba-b06efa553d48,1780920927,23576576.0
memory_working_set,minikube,productcatalogservice-fb49fc9cc-wptz6,boutique,/kubepods/burstable/pode9d4586d-6739-497d-ae8d-4fd70972eea8,1780920927,18460672.0
memory_working_set,minikube,loadgenerator-7694cd65db-bdz8c,boutique,/kubepods/burstable/pod38d6ef8e-d456-4bd4-95a0-ea6760631a9d,1780920927,77684736.0
cpu_rate,minikube,kube-proxy-fshvh,kube-system,/kubepods/besteffort/pod2f4efb93-ee48-4c37-b1e1-6f2e54a917c7,1780920956,0.0004367881850639403
cpu_rate,minikube,monitoring-kube-state-metrics-868694bc4b-689cm,monitoring,/kubepods/besteffort/pod59c52cc8-67e3-4946-aac6-7ff0ef74285f,1780920956,0.0006352748717534661
cpu_rate,minikube,prometheus-monitoring-kube-prometheus-prometheus-0,monitoring,/kubepods/besteffort/pod6bff50b8-f988-4ff2-a8c1-8f95f2c25189,1780920956,0.009657504419652407
cpu_rate,minikube,storage-provisioner,kube-system,/kubepods/besteffort/pod9bffcac8-a0cd-49a4-ad59-cdbf60a579cb,1780920956,0.0013151121495326643
cpu_rate,minikube,monitoring-grafana-6f66955c48-hlrcn,monitoring,/kubepods/besteffort/pod9d3fe3f0-8989-47b4-8478-0ae7be66df8d,1780920956,0.008725017398549265
cpu_rate,minikube,chaos-daemon-n6ghj,chaos-testing,/kubepods/besteffort/poda051be83-a7cd-43e4-83d3-76f3c90e8474,1780920956,2.555532099611486e-05
cpu_rate,minikube,monitoring-kube-prometheus-operator-556b56cc6d-n6dg9,monitoring,/kubepods/besteffort/podc8122519-a592-495f-9353-00a2f23fdf80,1780920956,0.0023292432930271854
cpu_rate,minikube,monitoring-prometheus-node-exporter-pdw8p,monitoring,/kubepods/besteffort/podd35abb3b-34f0-40fa-af55-3ab246fc64c8,1780920956,0.0010780209671102654
cpu_rate,minikube,kube-scheduler-minikube,kube-system,/kubepods/burstable/pod1c7123a121598343200ffd5b015ca580,1780920956,0.004288726275751606
cpu_rate,minikube,shippingservice-55656785c7-lk4mx,boutique,/kubepods/burstable/pod1df51271-c9ea-47fa-8fb2-cf15bbc7c216,1780920956,0.0009015338941117992
cpu_rate,minikube,chaos-controller-manager-659785674d-29q42,chaos-testing,/kubepods/burstable/pod21ab858c-cee8-438c-8682-c786dc3dc044,1780920956,0.000505209945321369
cpu_rate,minikube,chaos-controller-manager-659785674d-fjb2r,chaos-testing,/kubepods/burstable/pod2569141a-4d05-422e-bcf2-2f01e2f5056d,1780920956,0.0045827160734137696
cpu_rate,minikube,coredns-7d764666f9-hxxb8,kube-system,/kubepods/burstable/pod596c18fb-891c-4e87-9b11-83d99dd6d264,1780920956,0.0017427402229906782
cpu_rate,minikube,recommendationservice-6f8f67d69-fhrns,boutique,/kubepods/burstable/pod5ded7b1a-44d9-4178-8596-57a9e25f6171,1780920956,0.005153963581993092
cpu_rate,minikube,etcd-minikube,kube-system,/kubepods/burstable/pod5ff8e3b06bbaa8cb7ebc2bf531e48a2f,1780920956,0.02357369001654716
cpu_rate,minikube,emailservice-7466dc585-sv4wh,boutique,/kubepods/burstable/pod6116940a-da83-4761-97dc-892a207b789e,1780920956,0.001525916598336706
cpu_rate,minikube,cartservice-546c548494-cb4lb,boutique,/kubepods/burstable/pod6ec732c5-cf34-4e25-a3ce-ff4b44ce8d19,1780920956,0.004116337758037837
cpu_rate,minikube,kube-controller-manager-minikube,kube-system,/kubepods/burstable/pod740363cf4388c2d0df59fc97f96b889c,1780920956,0.011511472038142671
cpu_rate,minikube,chaos-dashboard-5b77585c6c-zm7f4,chaos-testing,/kubepods/burstable/pod7d3e8284-7c72-4577-a8fb-79d957f69104,1780920956,0.002039129798546342
cpu_rate,minikube,chaos-dns-server-6bccb5bb76-gscmn,chaos-testing,/kubepods/burstable/pod8a82a436-ef3f-4750-8f39-dbfde680d0b8,1780920956,0.001864944283315518
cpu_rate,minikube,coredns-7d764666f9-gmlgd,kube-system,/kubepods/burstable/pod9289fad3-6e91-4617-b97d-6da4631c2f35,1780920956,0.0016316999999999025
cpu_rate,minikube,adservice-8576649cff-5bvst,boutique,/kubepods/burstable/pod9d685cd3-17df-43af-a26e-7743c006902d,1780920956,0.0012336504822020233
cpu_rate,minikube,kube-apiserver-minikube,kube-system,/kubepods/burstable/poda6dc00f40d27725f15407f95751ce5f7,1780920956,0.04332120885051366
cpu_rate,minikube,alertmanager-monitoring-kube-prometheus-alertmanager-0,monitoring,/kubepods/burstable/podb5fde93f-2f9a-427f-aa16-8a257f179975,1780920956,0.0005289050900733859
cpu_rate,minikube,currencyservice-fd8f5dfb7-js8gr,boutique,/kubepods/burstable/podc827ec2d-8a9d-4e1c-8017-62c3901eccb4,1780920956,0.0071137703278447975
cpu_rate,minikube,redis-cart-6899b65948-ms767,boutique,/kubepods/burstable/podd425db0f-53f9-4bec-9ee1-49e4ced03bb6,1780920956,0.0017787420595866028
cpu_rate,minikube,chaos-controller-manager-659785674d-wbwg8,chaos-testing,/kubepods/burstable/podd7abbfc2-2af5-4b28-b438-3ebef4bafcce,1780920956,0.00031563453459015136
cpu_rate,minikube,paymentservice-6b76dfb449-n8mm2,boutique,/kubepods/burstable/podd9986049-5066-4a99-a156-0bc7b2391961,1780920956,0.00048116748875676185
cpu_rate,minikube,checkoutservice-75b9cd684f-vzdsz,boutique,/kubepods/burstable/pod5827d8c7-6a98-4352-9825-164648474ddc,1780920956,0.0008954082874811223
cpu_rate,minikube,frontend-694b9f76cd-z2pk6,boutique,/kubepods/burstable/podcf6049c2-3667-4622-87ba-b06efa553d48,1780920956,0.010423370016923178
cpu_rate,minikube,productcatalogservice-fb49fc9cc-wptz6,boutique,/kubepods/burstable/pode9d4586d-6739-497d-ae8d-4fd70972eea8,1780920956,0.005130992405770549
cpu_rate,minikube,loadgenerator-7694cd65db-bdz8c,boutique,/kubepods/burstable/pod38d6ef8e-d456-4bd4-95a0-ea6760631a9d,1780920956,0.0028449158420622896
memory_working_set,minikube,kube-proxy-fshvh,kube-system,/kubepods/besteffort/pod2f4efb93-ee48-4c37-b1e1-6f2e54a917c7,1780920956,39579648.0
memory_working_set,minikube,monitoring-kube-state-metrics-868694bc4b-689cm,monitoring,/kubepods/besteffort/pod59c52cc8-67e3-4946-aac6-7ff0ef74285f,1780920956,38481920.0
memory_working_set,minikube,prometheus-monitoring-kube-prometheus-prometheus-0,monitoring,/kubepods/besteffort/pod6bff50b8-f988-4ff2-a8c1-8f95f2c25189,1780920956,322691072.0
memory_working_set,minikube,storage-provisioner,kube-system,/kubepods/besteffort/pod9bffcac8-a0cd-49a4-ad59-cdbf60a579cb,1780920956,20754432.0
memory_working_set,minikube,monitoring-grafana-6f66955c48-hlrcn,monitoring,/kubepods/besteffort/pod9d3fe3f0-8989-47b4-8478-0ae7be66df8d,1780920956,405557248.0
memory_working_set,minikube,chaos-daemon-n6ghj,chaos-testing,/kubepods/besteffort/poda051be83-a7cd-43e4-83d3-76f3c90e8474,1780920956,19238912.0
memory_working_set,minikube,monitoring-kube-prometheus-operator-556b56cc6d-n6dg9,monitoring,/kubepods/besteffort/podc8122519-a592-495f-9353-00a2f23fdf80,1780920956,40783872.0
memory_working_set,minikube,monitoring-prometheus-node-exporter-pdw8p,monitoring,/kubepods/besteffort/podd35abb3b-34f0-40fa-af55-3ab246fc64c8,1780920956,19701760.0
memory_working_set,minikube,kube-scheduler-minikube,kube-system,/kubepods/burstable/pod1c7123a121598343200ffd5b015ca580,1780920956,40767488.0
memory_working_set,minikube,shippingservice-55656785c7-lk4mx,boutique,/kubepods/burstable/pod1df51271-c9ea-47fa-8fb2-cf15bbc7c216,1780920956,15155200.0
memory_working_set,minikube,chaos-controller-manager-659785674d-29q42,chaos-testing,/kubepods/burstable/pod21ab858c-cee8-438c-8682-c786dc3dc044,1780920956,29618176.0
memory_working_set,minikube,chaos-controller-manager-659785674d-fjb2r,chaos-testing,/kubepods/burstable/pod2569141a-4d05-422e-bcf2-2f01e2f5056d,1780920956,36511744.0
memory_working_set,minikube,coredns-7d764666f9-hxxb8,kube-system,/kubepods/burstable/pod596c18fb-891c-4e87-9b11-83d99dd6d264,1780920956,36659200.0
memory_working_set,minikube,recommendationservice-6f8f67d69-fhrns,boutique,/kubepods/burstable/pod5ded7b1a-44d9-4178-8596-57a9e25f6171,1780920956,57868288.0
memory_working_set,minikube,etcd-minikube,kube-system,/kubepods/burstable/pod5ff8e3b06bbaa8cb7ebc2bf531e48a2f,1780920956,89587712.0
memory_working_set,minikube,emailservice-7466dc585-sv4wh,boutique,/kubepods/burstable/pod6116940a-da83-4761-97dc-892a207b789e,1780920956,53186560.0
memory_working_set,minikube,cartservice-546c548494-cb4lb,boutique,/kubepods/burstable/pod6ec732c5-cf34-4e25-a3ce-ff4b44ce8d19,1780920956,71626752.0
memory_working_set,minikube,kube-controller-manager-minikube,kube-system,/kubepods/burstable/pod740363cf4388c2d0df59fc97f96b889c,1780920956,95997952.0
memory_working_set,minikube,chaos-dashboard-5b77585c6c-zm7f4,chaos-testing,/kubepods/burstable/pod7d3e8284-7c72-4577-a8fb-79d957f69104,1780920956,48291840.0
memory_working_set,minikube,chaos-dns-server-6bccb5bb76-gscmn,chaos-testing,/kubepods/burstable/pod8a82a436-ef3f-4750-8f39-dbfde680d0b8,1780920956,28053504.0
memory_working_set,minikube,coredns-7d764666f9-gmlgd,kube-system,/kubepods/burstable/pod9289fad3-6e91-4617-b97d-6da4631c2f35,1780920956,29073408.0
memory_working_set,minikube,adservice-8576649cff-5bvst,boutique,/kubepods/burstable/pod9d685cd3-17df-43af-a26e-7743c006902d,1780920956,112328704.0
memory_working_set,minikube,kube-apiserver-minikube,kube-system,/kubepods/burstable/poda6dc00f40d27725f15407f95751ce5f7,1780920956,557477888.0
memory_working_set,minikube,alertmanager-monitoring-kube-prometheus-alertmanager-0,monitoring,/kubepods/burstable/podb5fde93f-2f9a-427f-aa16-8a257f179975,1780920956,53960704.0
memory_working_set,minikube,currencyservice-fd8f5dfb7-js8gr,boutique,/kubepods/burstable/podc827ec2d-8a9d-4e1c-8017-62c3901eccb4,1780920956,114745344.0
memory_working_set,minikube,redis-cart-6899b65948-ms767,boutique,/kubepods/burstable/podd425db0f-53f9-4bec-9ee1-49e4ced03bb6,1780920956,13819904.0
memory_working_set,minikube,chaos-controller-manager-659785674d-wbwg8,chaos-testing,/kubepods/burstable/podd7abbfc2-2af5-4b28-b438-3ebef4bafcce,1780920956,27791360.0
memory_working_set,minikube,paymentservice-6b76dfb449-n8mm2,boutique,/kubepods/burstable/podd9986049-5066-4a99-a156-0bc7b2391961,1780920956,83062784.0
memory_working_set,minikube,checkoutservice-75b9cd684f-vzdsz,boutique,/kubepods/burstable/pod5827d8c7-6a98-4352-9825-164648474ddc,1780920956,17526784.0
memory_working_set,minikube,frontend-694b9f76cd-z2pk6,boutique,/kubepods/burstable/podcf6049c2-3667-4622-87ba-b06efa553d48,1780920956,23367680.0
memory_working_set,minikube,productcatalogservice-fb49fc9cc-wptz6,boutique,/kubepods/burstable/pode9d4586d-6739-497d-ae8d-4fd70972eea8,1780920956,18714624.0
memory_working_set,minikube,loadgenerator-7694cd65db-bdz8c,boutique,/kubepods/burstable/pod38d6ef8e-d456-4bd4-95a0-ea6760631a9d,1780920956,77684736.0
cpu_rate,minikube,kube-proxy-fshvh,kube-system,/kubepods/besteffort/pod2f4efb93-ee48-4c37-b1e1-6f2e54a917c7,1780920985,0.00042754680659483227
cpu_rate,minikube,monitoring-kube-state-metrics-868694bc4b-689cm,monitoring,/kubepods/besteffort/pod59c52cc8-67e3-4946-aac6-7ff0ef74285f,1780920985,0.0007205511126195724
cpu_rate,minikube,prometheus-monitoring-kube-prometheus-prometheus-0,monitoring,/kubepods/besteffort/pod6bff50b8-f988-4ff2-a8c1-8f95f2c25189,1780920985,0.009404616040790566
cpu_rate,minikube,storage-provisioner,kube-system,/kubepods/besteffort/pod9bffcac8-a0cd-49a4-ad59-cdbf60a579cb,1780920985,0.0013608942132848144
cpu_rate,minikube,monitoring-grafana-6f66955c48-hlrcn,monitoring,/kubepods/besteffort/pod9d3fe3f0-8989-47b4-8478-0ae7be66df8d,1780920985,0.009328112882595156
cpu_rate,minikube,chaos-daemon-n6ghj,chaos-testing,/kubepods/besteffort/poda051be83-a7cd-43e4-83d3-76f3c90e8474,1780920985,2.741288864246896e-05
cpu_rate,minikube,monitoring-kube-prometheus-operator-556b56cc6d-n6dg9,monitoring,/kubepods/besteffort/podc8122519-a592-495f-9353-00a2f23fdf80,1780920985,0.001930139228338167
cpu_rate,minikube,monitoring-prometheus-node-exporter-pdw8p,monitoring,/kubepods/besteffort/podd35abb3b-34f0-40fa-af55-3ab246fc64c8,1780920985,0.0010567276012328464
cpu_rate,minikube,kube-scheduler-minikube,kube-system,/kubepods/burstable/pod1c7123a121598343200ffd5b015ca580,1780920985,0.004407549163160637
cpu_rate,minikube,shippingservice-55656785c7-lk4mx,boutique,/kubepods/burstable/pod1df51271-c9ea-47fa-8fb2-cf15bbc7c216,1780920985,0.000800445133341337
cpu_rate,minikube,chaos-controller-manager-659785674d-29q42,chaos-testing,/kubepods/burstable/pod21ab858c-cee8-438c-8682-c786dc3dc044,1780920985,0.0004647803825834202
cpu_rate,minikube,chaos-controller-manager-659785674d-fjb2r,chaos-testing,/kubepods/burstable/pod2569141a-4d05-422e-bcf2-2f01e2f5056d,1780920985,0.005063785654298819
cpu_rate,minikube,coredns-7d764666f9-hxxb8,kube-system,/kubepods/burstable/pod596c18fb-891c-4e87-9b11-83d99dd6d264,1780920985,0.001948822087525512
cpu_rate,minikube,recommendationservice-6f8f67d69-fhrns,boutique,/kubepods/burstable/pod5ded7b1a-44d9-4178-8596-57a9e25f6171,1780920985,0.005310395518558183
cpu_rate,minikube,etcd-minikube,kube-system,/kubepods/burstable/pod5ff8e3b06bbaa8cb7ebc2bf531e48a2f,1780920985,0.021589964780631084
cpu_rate,minikube,emailservice-7466dc585-sv4wh,boutique,/kubepods/burstable/pod6116940a-da83-4761-97dc-892a207b789e,1780920985,0.00144957208622127
cpu_rate,minikube,cartservice-546c548494-cb4lb,boutique,/kubepods/burstable/pod6ec732c5-cf34-4e25-a3ce-ff4b44ce8d19,1780920985,0.0037578186809520218
cpu_rate,minikube,kube-controller-manager-minikube,kube-system,/kubepods/burstable/pod740363cf4388c2d0df59fc97f96b889c,1780920985,0.012365134287394415
cpu_rate,minikube,chaos-dashboard-5b77585c6c-zm7f4,chaos-testing,/kubepods/burstable/pod7d3e8284-7c72-4577-a8fb-79d957f69104,1780920985,0.001908768181979705
cpu_rate,minikube,chaos-dns-server-6bccb5bb76-gscmn,chaos-testing,/kubepods/burstable/pod8a82a436-ef3f-4750-8f39-dbfde680d0b8,1780920985,0.0017882551461031841
cpu_rate,minikube,coredns-7d764666f9-gmlgd,kube-system,/kubepods/burstable/pod9289fad3-6e91-4617-b97d-6da4631c2f35,1780920985,0.0019132400914188285
cpu_rate,minikube,adservice-8576649cff-5bvst,boutique,/kubepods/burstable/pod9d685cd3-17df-43af-a26e-7743c006902d,1780920985,0.0012238144680547037
cpu_rate,minikube,kube-apiserver-minikube,kube-system,/kubepods/burstable/poda6dc00f40d27725f15407f95751ce5f7,1780920985,0.04337196152546029
cpu_rate,minikube,alertmanager-monitoring-kube-prometheus-alertmanager-0,monitoring,/kubepods/burstable/podb5fde93f-2f9a-427f-aa16-8a257f179975,1780920985,0.0005425558030640549
cpu_rate,minikube,currencyservice-fd8f5dfb7-js8gr,boutique,/kubepods/burstable/podc827ec2d-8a9d-4e1c-8017-62c3901eccb4,1780920985,0.006411429160848998
cpu_rate,minikube,redis-cart-6899b65948-ms767,boutique,/kubepods/burstable/podd425db0f-53f9-4bec-9ee1-49e4ced03bb6,1780920985,0.0017771503219568122
cpu_rate,minikube,chaos-controller-manager-659785674d-wbwg8,chaos-testing,/kubepods/burstable/podd7abbfc2-2af5-4b28-b438-3ebef4bafcce,1780920985,0.00033094523222053807
cpu_rate,minikube,paymentservice-6b76dfb449-n8mm2,boutique,/kubepods/burstable/podd9986049-5066-4a99-a156-0bc7b2391961,1780920985,0.000554066466265848
cpu_rate,minikube,checkoutservice-75b9cd684f-vzdsz,boutique,/kubepods/burstable/pod5827d8c7-6a98-4352-9825-164648474ddc,1780920985,0.0007816503650640606
cpu_rate,minikube,frontend-694b9f76cd-z2pk6,boutique,/kubepods/burstable/podcf6049c2-3667-4622-87ba-b06efa553d48,1780920985,0.008997742427229383
cpu_rate,minikube,productcatalogservice-fb49fc9cc-wptz6,boutique,/kubepods/burstable/pode9d4586d-6739-497d-ae8d-4fd70972eea8,1780920985,0.004546021532965422
cpu_rate,minikube,loadgenerator-7694cd65db-bdz8c,boutique,/kubepods/burstable/pod38d6ef8e-d456-4bd4-95a0-ea6760631a9d,1780920985,0.002407772736227508
memory_working_set,minikube,kube-proxy-fshvh,kube-system,/kubepods/besteffort/pod2f4efb93-ee48-4c37-b1e1-6f2e54a917c7,1780920985,39575552.0
memory_working_set,minikube,monitoring-kube-state-metrics-868694bc4b-689cm,monitoring,/kubepods/besteffort/pod59c52cc8-67e3-4946-aac6-7ff0ef74285f,1780920985,38481920.0
memory_working_set,minikube,prometheus-monitoring-kube-prometheus-prometheus-0,monitoring,/kubepods/besteffort/pod6bff50b8-f988-4ff2-a8c1-8f95f2c25189,1780920985,327200768.0
memory_working_set,minikube,storage-provisioner,kube-system,/kubepods/besteffort/pod9bffcac8-a0cd-49a4-ad59-cdbf60a579cb,1780920985,20897792.0
memory_working_set,minikube,monitoring-grafana-6f66955c48-hlrcn,monitoring,/kubepods/besteffort/pod9d3fe3f0-8989-47b4-8478-0ae7be66df8d,1780920985,405495808.0
memory_working_set,minikube,chaos-daemon-n6ghj,chaos-testing,/kubepods/besteffort/poda051be83-a7cd-43e4-83d3-76f3c90e8474,1780920985,19238912.0
memory_working_set,minikube,monitoring-kube-prometheus-operator-556b56cc6d-n6dg9,monitoring,/kubepods/besteffort/podc8122519-a592-495f-9353-00a2f23fdf80,1780920985,40763392.0
memory_working_set,minikube,monitoring-prometheus-node-exporter-pdw8p,monitoring,/kubepods/besteffort/podd35abb3b-34f0-40fa-af55-3ab246fc64c8,1780920985,20164608.0
memory_working_set,minikube,kube-scheduler-minikube,kube-system,/kubepods/burstable/pod1c7123a121598343200ffd5b015ca580,1780920985,40771584.0
memory_working_set,minikube,shippingservice-55656785c7-lk4mx,boutique,/kubepods/burstable/pod1df51271-c9ea-47fa-8fb2-cf15bbc7c216,1780920985,15409152.0
memory_working_set,minikube,chaos-controller-manager-659785674d-29q42,chaos-testing,/kubepods/burstable/pod21ab858c-cee8-438c-8682-c786dc3dc044,1780920985,29618176.0
memory_working_set,minikube,chaos-controller-manager-659785674d-fjb2r,chaos-testing,/kubepods/burstable/pod2569141a-4d05-422e-bcf2-2f01e2f5056d,1780920985,36511744.0
memory_working_set,minikube,coredns-7d764666f9-hxxb8,kube-system,/kubepods/burstable/pod596c18fb-891c-4e87-9b11-83d99dd6d264,1780920985,37339136.0
memory_working_set,minikube,recommendationservice-6f8f67d69-fhrns,boutique,/kubepods/burstable/pod5ded7b1a-44d9-4178-8596-57a9e25f6171,1780920985,58126336.0
memory_working_set,minikube,etcd-minikube,kube-system,/kubepods/burstable/pod5ff8e3b06bbaa8cb7ebc2bf531e48a2f,1780920985,90374144.0
memory_working_set,minikube,emailservice-7466dc585-sv4wh,boutique,/kubepods/burstable/pod6116940a-da83-4761-97dc-892a207b789e,1780920985,53186560.0
memory_working_set,minikube,cartservice-546c548494-cb4lb,boutique,/kubepods/burstable/pod6ec732c5-cf34-4e25-a3ce-ff4b44ce8d19,1780920985,71618560.0
memory_working_set,minikube,kube-controller-manager-minikube,kube-system,/kubepods/burstable/pod740363cf4388c2d0df59fc97f96b889c,1780920985,96002048.0
memory_working_set,minikube,chaos-dashboard-5b77585c6c-zm7f4,chaos-testing,/kubepods/burstable/pod7d3e8284-7c72-4577-a8fb-79d957f69104,1780920985,48291840.0
memory_working_set,minikube,chaos-dns-server-6bccb5bb76-gscmn,chaos-testing,/kubepods/burstable/pod8a82a436-ef3f-4750-8f39-dbfde680d0b8,1780920985,28065792.0
memory_working_set,minikube,coredns-7d764666f9-gmlgd,kube-system,/kubepods/burstable/pod9289fad3-6e91-4617-b97d-6da4631c2f35,1780920985,29335552.0
memory_working_set,minikube,adservice-8576649cff-5bvst,boutique,/kubepods/burstable/pod9d685cd3-17df-43af-a26e-7743c006902d,1780920985,112328704.0
memory_working_set,minikube,kube-apiserver-minikube,kube-system,/kubepods/burstable/poda6dc00f40d27725f15407f95751ce5f7,1780920985,558010368.0
memory_working_set,minikube,alertmanager-monitoring-kube-prometheus-alertmanager-0,monitoring,/kubepods/burstable/podb5fde93f-2f9a-427f-aa16-8a257f179975,1780920985,54616064.0
memory_working_set,minikube,currencyservice-fd8f5dfb7-js8gr,boutique,/kubepods/burstable/podc827ec2d-8a9d-4e1c-8017-62c3901eccb4,1780920985,114540544.0
memory_working_set,minikube,redis-cart-6899b65948-ms767,boutique,/kubepods/burstable/podd425db0f-53f9-4bec-9ee1-49e4ced03bb6,1780920985,13557760.0
memory_working_set,minikube,chaos-controller-manager-659785674d-wbwg8,chaos-testing,/kubepods/burstable/podd7abbfc2-2af5-4b28-b438-3ebef4bafcce,1780920985,28041216.0
memory_working_set,minikube,paymentservice-6b76dfb449-n8mm2,boutique,/kubepods/burstable/podd9986049-5066-4a99-a156-0bc7b2391961,1780920985,83554304.0
memory_working_set,minikube,checkoutservice-75b9cd684f-vzdsz,boutique,/kubepods/burstable/pod5827d8c7-6a98-4352-9825-164648474ddc,1780920985,17526784.0
memory_working_set,minikube,frontend-694b9f76cd-z2pk6,boutique,/kubepods/burstable/podcf6049c2-3667-4622-87ba-b06efa553d48,1780920985,23388160.0
memory_working_set,minikube,productcatalogservice-fb49fc9cc-wptz6,boutique,/kubepods/burstable/pode9d4586d-6739-497d-ae8d-4fd70972eea8,1780920985,18812928.0
memory_working_set,minikube,loadgenerator-7694cd65db-bdz8c,boutique,/kubepods/burstable/pod38d6ef8e-d456-4bd4-95a0-ea6760631a9d,1780920985,77692928.0
cpu_rate,minikube,kube-proxy-fshvh,kube-system,/kubepods/besteffort/pod2f4efb93-ee48-4c37-b1e1-6f2e54a917c7,1780921014,0.00034261726790163895
cpu_rate,minikube,monitoring-kube-state-metrics-868694bc4b-689cm,monitoring,/kubepods/besteffort/pod59c52cc8-67e3-4946-aac6-7ff0ef74285f,1780921014,0.0007246326206889848
cpu_rate,minikube,prometheus-monitoring-kube-prometheus-prometheus-0,monitoring,/kubepods/besteffort/pod6bff50b8-f988-4ff2-a8c1-8f95f2c25189,1780921014,0.009119706739687336
cpu_rate,minikube,storage-provisioner,kube-system,/kubepods/besteffort/pod9bffcac8-a0cd-49a4-ad59-cdbf60a579cb,1780921014,0.0014714496374882177
cpu_rate,minikube,monitoring-grafana-6f66955c48-hlrcn,monitoring,/kubepods/besteffort/pod9d3fe3f0-8989-47b4-8478-0ae7be66df8d,1780921014,0.009829948258552242
cpu_rate,minikube,chaos-daemon-n6ghj,chaos-testing,/kubepods/besteffort/poda051be83-a7cd-43e4-83d3-76f3c90e8474,1780921014,1.776178861023002e-05
cpu_rate,minikube,monitoring-kube-prometheus-operator-556b56cc6d-n6dg9,monitoring,/kubepods/besteffort/podc8122519-a592-495f-9353-00a2f23fdf80,1780921014,0.002218652081730726
cpu_rate,minikube,monitoring-prometheus-node-exporter-pdw8p,monitoring,/kubepods/besteffort/podd35abb3b-34f0-40fa-af55-3ab246fc64c8,1780921014,0.0008510743299673934
cpu_rate,minikube,kube-scheduler-minikube,kube-system,/kubepods/burstable/pod1c7123a121598343200ffd5b015ca580,1780921014,0.004487391726706174
cpu_rate,minikube,shippingservice-55656785c7-lk4mx,boutique,/kubepods/burstable/pod1df51271-c9ea-47fa-8fb2-cf15bbc7c216,1780921014,0.0007840063016596525
cpu_rate,minikube,chaos-controller-manager-659785674d-29q42,chaos-testing,/kubepods/burstable/pod21ab858c-cee8-438c-8682-c786dc3dc044,1780921014,0.00047328928995761575
cpu_rate,minikube,chaos-controller-manager-659785674d-fjb2r,chaos-testing,/kubepods/burstable/pod2569141a-4d05-422e-bcf2-2f01e2f5056d,1780921014,0.004335543777546065
cpu_rate,minikube,coredns-7d764666f9-hxxb8,kube-system,/kubepods/burstable/pod596c18fb-891c-4e87-9b11-83d99dd6d264,1780921014,0.0018622308796390867
cpu_rate,minikube,recommendationservice-6f8f67d69-fhrns,boutique,/kubepods/burstable/pod5ded7b1a-44d9-4178-8596-57a9e25f6171,1780921014,0.004847679124960051
cpu_rate,minikube,etcd-minikube,kube-system,/kubepods/burstable/pod5ff8e3b06bbaa8cb7ebc2bf531e48a2f,1780921014,0.023734109444639273
cpu_rate,minikube,emailservice-7466dc585-sv4wh,boutique,/kubepods/burstable/pod6116940a-da83-4761-97dc-892a207b789e,1780921014,0.0014507271873186911
cpu_rate,minikube,cartservice-546c548494-cb4lb,boutique,/kubepods/burstable/pod6ec732c5-cf34-4e25-a3ce-ff4b44ce8d19,1780921014,0.003586835298629977
cpu_rate,minikube,kube-controller-manager-minikube,kube-system,/kubepods/burstable/pod740363cf4388c2d0df59fc97f96b889c,1780921014,0.011909953654737258
cpu_rate,minikube,chaos-dashboard-5b77585c6c-zm7f4,chaos-testing,/kubepods/burstable/pod7d3e8284-7c72-4577-a8fb-79d957f69104,1780921014,0.002039336961900104
cpu_rate,minikube,chaos-dns-server-6bccb5bb76-gscmn,chaos-testing,/kubepods/burstable/pod8a82a436-ef3f-4750-8f39-dbfde680d0b8,1780921014,0.001832771662484689
cpu_rate,minikube,coredns-7d764666f9-gmlgd,kube-system,/kubepods/burstable/pod9289fad3-6e91-4617-b97d-6da4631c2f35,1780921014,0.0019018746338606085
cpu_rate,minikube,adservice-8576649cff-5bvst,boutique,/kubepods/burstable/pod9d685cd3-17df-43af-a26e-7743c006902d,1780921014,0.0012454670708183847
cpu_rate,minikube,kube-apiserver-minikube,kube-system,/kubepods/burstable/poda6dc00f40d27725f15407f95751ce5f7,1780921014,0.0363579416765443
cpu_rate,minikube,alertmanager-monitoring-kube-prometheus-alertmanager-0,monitoring,/kubepods/burstable/podb5fde93f-2f9a-427f-aa16-8a257f179975,1780921014,0.000540369887161482
cpu_rate,minikube,currencyservice-fd8f5dfb7-js8gr,boutique,/kubepods/burstable/podc827ec2d-8a9d-4e1c-8017-62c3901eccb4,1780921014,0.006768574974370148
cpu_rate,minikube,redis-cart-6899b65948-ms767,boutique,/kubepods/burstable/podd425db0f-53f9-4bec-9ee1-49e4ced03bb6,1780921014,0.0017547525089641096
cpu_rate,minikube,chaos-controller-manager-659785674d-wbwg8,chaos-testing,/kubepods/burstable/podd7abbfc2-2af5-4b28-b438-3ebef4bafcce,1780921014,0.00033953162685754565
cpu_rate,minikube,paymentservice-6b76dfb449-n8mm2,boutique,/kubepods/burstable/podd9986049-5066-4a99-a156-0bc7b2391961,1780921014,0.0005576798888475572
cpu_rate,minikube,checkoutservice-75b9cd684f-vzdsz,boutique,/kubepods/burstable/pod5827d8c7-6a98-4352-9825-164648474ddc,1780921014,0.0006745954829503844
cpu_rate,minikube,frontend-694b9f76cd-z2pk6,boutique,/kubepods/burstable/podcf6049c2-3667-4622-87ba-b06efa553d48,1780921014,0.00943364108482381
cpu_rate,minikube,productcatalogservice-fb49fc9cc-wptz6,boutique,/kubepods/burstable/pode9d4586d-6739-497d-ae8d-4fd70972eea8,1780921014,0.00450045740135696
cpu_rate,minikube,loadgenerator-7694cd65db-bdz8c,boutique,/kubepods/burstable/pod38d6ef8e-d456-4bd4-95a0-ea6760631a9d,1780921014,0.002721909777532047
memory_working_set,minikube,kube-proxy-fshvh,kube-system,/kubepods/besteffort/pod2f4efb93-ee48-4c37-b1e1-6f2e54a917c7,1780921014,39587840.0
memory_working_set,minikube,monitoring-kube-state-metrics-868694bc4b-689cm,monitoring,/kubepods/besteffort/pod59c52cc8-67e3-4946-aac6-7ff0ef74285f,1780921014,38486016.0
memory_working_set,minikube,prometheus-monitoring-kube-prometheus-prometheus-0,monitoring,/kubepods/besteffort/pod6bff50b8-f988-4ff2-a8c1-8f95f2c25189,1780921014,325648384.0
memory_working_set,minikube,storage-provisioner,kube-system,/kubepods/besteffort/pod9bffcac8-a0cd-49a4-ad59-cdbf60a579cb,1780921014,20697088.0
memory_working_set,minikube,monitoring-grafana-6f66955c48-hlrcn,monitoring,/kubepods/besteffort/pod9d3fe3f0-8989-47b4-8478-0ae7be66df8d,1780921014,405463040.0
memory_working_set,minikube,chaos-daemon-n6ghj,chaos-testing,/kubepods/besteffort/poda051be83-a7cd-43e4-83d3-76f3c90e8474,1780921014,19238912.0
memory_working_set,minikube,monitoring-kube-prometheus-operator-556b56cc6d-n6dg9,monitoring,/kubepods/besteffort/podc8122519-a592-495f-9353-00a2f23fdf80,1780921014,41050112.0
memory_working_set,minikube,monitoring-prometheus-node-exporter-pdw8p,monitoring,/kubepods/besteffort/podd35abb3b-34f0-40fa-af55-3ab246fc64c8,1780921014,20164608.0
memory_working_set,minikube,kube-scheduler-minikube,kube-system,/kubepods/burstable/pod1c7123a121598343200ffd5b015ca580,1780921014,40763392.0
memory_working_set,minikube,shippingservice-55656785c7-lk4mx,boutique,/kubepods/burstable/pod1df51271-c9ea-47fa-8fb2-cf15bbc7c216,1780921014,15147008.0
memory_working_set,minikube,chaos-controller-manager-659785674d-29q42,chaos-testing,/kubepods/burstable/pod21ab858c-cee8-438c-8682-c786dc3dc044,1780921014,29618176.0
memory_working_set,minikube,chaos-controller-manager-659785674d-fjb2r,chaos-testing,/kubepods/burstable/pod2569141a-4d05-422e-bcf2-2f01e2f5056d,1780921014,36515840.0
memory_working_set,minikube,coredns-7d764666f9-hxxb8,kube-system,/kubepods/burstable/pod596c18fb-891c-4e87-9b11-83d99dd6d264,1780921014,38096896.0
memory_working_set,minikube,recommendationservice-6f8f67d69-fhrns,boutique,/kubepods/burstable/pod5ded7b1a-44d9-4178-8596-57a9e25f6171,1780921014,57876480.0
memory_working_set,minikube,etcd-minikube,kube-system,/kubepods/burstable/pod5ff8e3b06bbaa8cb7ebc2bf531e48a2f,1780921014,87314432.0
memory_working_set,minikube,emailservice-7466dc585-sv4wh,boutique,/kubepods/burstable/pod6116940a-da83-4761-97dc-892a207b789e,1780921014,53186560.0
memory_working_set,minikube,cartservice-546c548494-cb4lb,boutique,/kubepods/burstable/pod6ec732c5-cf34-4e25-a3ce-ff4b44ce8d19,1780921014,71626752.0
memory_working_set,minikube,kube-controller-manager-minikube,kube-system,/kubepods/burstable/pod740363cf4388c2d0df59fc97f96b889c,1780921014,95997952.0
memory_working_set,minikube,chaos-dashboard-5b77585c6c-zm7f4,chaos-testing,/kubepods/burstable/pod7d3e8284-7c72-4577-a8fb-79d957f69104,1780921014,48291840.0
memory_working_set,minikube,chaos-dns-server-6bccb5bb76-gscmn,chaos-testing,/kubepods/burstable/pod8a82a436-ef3f-4750-8f39-dbfde680d0b8,1780921014,28598272.0
memory_working_set,minikube,coredns-7d764666f9-gmlgd,kube-system,/kubepods/burstable/pod9289fad3-6e91-4617-b97d-6da4631c2f35,1780921014,29716480.0
memory_working_set,minikube,adservice-8576649cff-5bvst,boutique,/kubepods/burstable/pod9d685cd3-17df-43af-a26e-7743c006902d,1780921014,112721920.0
memory_working_set,minikube,kube-apiserver-minikube,kube-system,/kubepods/burstable/poda6dc00f40d27725f15407f95751ce5f7,1780921014,557477888.0
memory_working_set,minikube,alertmanager-monitoring-kube-prometheus-alertmanager-0,monitoring,/kubepods/burstable/podb5fde93f-2f9a-427f-aa16-8a257f179975,1780921014,54616064.0
memory_working_set,minikube,currencyservice-fd8f5dfb7-js8gr,boutique,/kubepods/burstable/podc827ec2d-8a9d-4e1c-8017-62c3901eccb4,1780921014,114634752.0
memory_working_set,minikube,redis-cart-6899b65948-ms767,boutique,/kubepods/burstable/podd425db0f-53f9-4bec-9ee1-49e4ced03bb6,1780921014,13819904.0
memory_working_set,minikube,chaos-controller-manager-659785674d-wbwg8,chaos-testing,/kubepods/burstable/podd7abbfc2-2af5-4b28-b438-3ebef4bafcce,1780921014,27779072.0
memory_working_set,minikube,paymentservice-6b76dfb449-n8mm2,boutique,/kubepods/burstable/podd9986049-5066-4a99-a156-0bc7b2391961,1780921014,83185664.0
memory_working_set,minikube,checkoutservice-75b9cd684f-vzdsz,boutique,/kubepods/burstable/pod5827d8c7-6a98-4352-9825-164648474ddc,1780921014,17653760.0
memory_working_set,minikube,frontend-694b9f76cd-z2pk6,boutique,/kubepods/burstable/podcf6049c2-3667-4622-87ba-b06efa553d48,1780921014,23384064.0
memory_working_set,minikube,productcatalogservice-fb49fc9cc-wptz6,boutique,/kubepods/burstable/pode9d4586d-6739-497d-ae8d-4fd70972eea8,1780921014,18890752.0
memory_working_set,minikube,loadgenerator-7694cd65db-bdz8c,boutique,/kubepods/burstable/pod38d6ef8e-d456-4bd4-95a0-ea6760631a9d,1780921014,77701120.0
cpu_rate,minikube,kube-proxy-fshvh,kube-system,/kubepods/besteffort/pod2f4efb93-ee48-4c37-b1e1-6f2e54a917c7,1780921043,0.0004090834356896466
cpu_rate,minikube,monitoring-kube-state-metrics-868694bc4b-689cm,monitoring,/kubepods/besteffort/pod59c52cc8-67e3-4946-aac6-7ff0ef74285f,1780921043,0.0007054482412345936
cpu_rate,minikube,prometheus-monitoring-kube-prometheus-prometheus-0,monitoring,/kubepods/besteffort/pod6bff50b8-f988-4ff2-a8c1-8f95f2c25189,1780921043,0.008917463852649073
cpu_rate,minikube,storage-provisioner,kube-system,/kubepods/besteffort/pod9bffcac8-a0cd-49a4-ad59-cdbf60a579cb,1780921043,0.0013376363028884957
cpu_rate,minikube,monitoring-grafana-6f66955c48-hlrcn,monitoring,/kubepods/besteffort/pod9d3fe3f0-8989-47b4-8478-0ae7be66df8d,1780921043,0.00923915500145832
cpu_rate,minikube,chaos-daemon-n6ghj,chaos-testing,/kubepods/besteffort/poda051be83-a7cd-43e4-83d3-76f3c90e8474,1780921043,1.8137541866970377e-05
cpu_rate,minikube,monitoring-kube-prometheus-operator-556b56cc6d-n6dg9,monitoring,/kubepods/besteffort/podc8122519-a592-495f-9353-00a2f23fdf80,1780921043,0.001995429250972851
cpu_rate,minikube,monitoring-prometheus-node-exporter-pdw8p,monitoring,/kubepods/besteffort/podd35abb3b-34f0-40fa-af55-3ab246fc64c8,1780921043,0.001098697647025324
cpu_rate,minikube,kube-scheduler-minikube,kube-system,/kubepods/burstable/pod1c7123a121598343200ffd5b015ca580,1780921043,0.004540497871213435
cpu_rate,minikube,shippingservice-55656785c7-lk4mx,boutique,/kubepods/burstable/pod1df51271-c9ea-47fa-8fb2-cf15bbc7c216,1780921043,0.0007962079556381506
cpu_rate,minikube,chaos-controller-manager-659785674d-29q42,chaos-testing,/kubepods/burstable/pod21ab858c-cee8-438c-8682-c786dc3dc044,1780921043,0.0003657088926174341
cpu_rate,minikube,chaos-controller-manager-659785674d-fjb2r,chaos-testing,/kubepods/burstable/pod2569141a-4d05-422e-bcf2-2f01e2f5056d,1780921043,0.004974194946392376
cpu_rate,minikube,coredns-7d764666f9-hxxb8,kube-system,/kubepods/burstable/pod596c18fb-891c-4e87-9b11-83d99dd6d264,1780921043,0.001845304574777218
cpu_rate,minikube,recommendationservice-6f8f67d69-fhrns,boutique,/kubepods/burstable/pod5ded7b1a-44d9-4178-8596-57a9e25f6171,1780921043,0.005323736926686274
cpu_rate,minikube,etcd-minikube,kube-system,/kubepods/burstable/pod5ff8e3b06bbaa8cb7ebc2bf531e48a2f,1780921043,0.023952866830426554
cpu_rate,minikube,emailservice-7466dc585-sv4wh,boutique,/kubepods/burstable/pod6116940a-da83-4761-97dc-892a207b789e,1780921043,0.0014552260612839317
cpu_rate,minikube,cartservice-546c548494-cb4lb,boutique,/kubepods/burstable/pod6ec732c5-cf34-4e25-a3ce-ff4b44ce8d19,1780921043,0.003614387632505105
cpu_rate,minikube,kube-controller-manager-minikube,kube-system,/kubepods/burstable/pod740363cf4388c2d0df59fc97f96b889c,1780921043,0.011775638943320324
cpu_rate,minikube,chaos-dashboard-5b77585c6c-zm7f4,chaos-testing,/kubepods/burstable/pod7d3e8284-7c72-4577-a8fb-79d957f69104,1780921043,0.0019774479728048655
cpu_rate,minikube,chaos-dns-server-6bccb5bb76-gscmn,chaos-testing,/kubepods/burstable/pod8a82a436-ef3f-4750-8f39-dbfde680d0b8,1780921043,0.0016893046180449683
cpu_rate,minikube,coredns-7d764666f9-gmlgd,kube-system,/kubepods/burstable/pod9289fad3-6e91-4617-b97d-6da4631c2f35,1780921043,0.0017033205425770182
cpu_rate,minikube,adservice-8576649cff-5bvst,boutique,/kubepods/burstable/pod9d685cd3-17df-43af-a26e-7743c006902d,1780921043,0.0012987343626940195
cpu_rate,minikube,kube-apiserver-minikube,kube-system,/kubepods/burstable/poda6dc00f40d27725f15407f95751ce5f7,1780921043,0.04884091175374102
cpu_rate,minikube,alertmanager-monitoring-kube-prometheus-alertmanager-0,monitoring,/kubepods/burstable/podb5fde93f-2f9a-427f-aa16-8a257f179975,1780921043,0.0005287756141434546
cpu_rate,minikube,currencyservice-fd8f5dfb7-js8gr,boutique,/kubepods/burstable/podc827ec2d-8a9d-4e1c-8017-62c3901eccb4,1780921043,0.005662668865775239
cpu_rate,minikube,redis-cart-6899b65948-ms767,boutique,/kubepods/burstable/podd425db0f-53f9-4bec-9ee1-49e4ced03bb6,1780921043,0.0016179604125656462
cpu_rate,minikube,chaos-controller-manager-659785674d-wbwg8,chaos-testing,/kubepods/burstable/podd7abbfc2-2af5-4b28-b438-3ebef4bafcce,1780921043,0.00036323074386257096
cpu_rate,minikube,paymentservice-6b76dfb449-n8mm2,boutique,/kubepods/burstable/podd9986049-5066-4a99-a156-0bc7b2391961,1780921043,0.0005064105526848332
cpu_rate,minikube,checkoutservice-75b9cd684f-vzdsz,boutique,/kubepods/burstable/pod5827d8c7-6a98-4352-9825-164648474ddc,1780921043,0.0007813544751170237
cpu_rate,minikube,frontend-694b9f76cd-z2pk6,boutique,/kubepods/burstable/podcf6049c2-3667-4622-87ba-b06efa553d48,1780921043,0.009480243274854154
cpu_rate,minikube,productcatalogservice-fb49fc9cc-wptz6,boutique,/kubepods/burstable/pode9d4586d-6739-497d-ae8d-4fd70972eea8,1780921043,0.004743716314914434
cpu_rate,minikube,loadgenerator-7694cd65db-bdz8c,boutique,/kubepods/burstable/pod38d6ef8e-d456-4bd4-95a0-ea6760631a9d,1780921043,0.002709516820057143
memory_working_set,minikube,kube-proxy-fshvh,kube-system,/kubepods/besteffort/pod2f4efb93-ee48-4c37-b1e1-6f2e54a917c7,1780921043,39579648.0
memory_working_set,minikube,monitoring-kube-state-metrics-868694bc4b-689cm,monitoring,/kubepods/besteffort/pod59c52cc8-67e3-4946-aac6-7ff0ef74285f,1780921043,38490112.0
memory_working_set,minikube,prometheus-monitoring-kube-prometheus-prometheus-0,monitoring,/kubepods/besteffort/pod6bff50b8-f988-4ff2-a8c1-8f95f2c25189,1780921043,316162048.0
memory_working_set,minikube,storage-provisioner,kube-system,/kubepods/besteffort/pod9bffcac8-a0cd-49a4-ad59-cdbf60a579cb,1780921043,20828160.0
memory_working_set,minikube,monitoring-grafana-6f66955c48-hlrcn,monitoring,/kubepods/besteffort/pod9d3fe3f0-8989-47b4-8478-0ae7be66df8d,1780921043,405573632.0
memory_working_set,minikube,chaos-daemon-n6ghj,chaos-testing,/kubepods/besteffort/poda051be83-a7cd-43e4-83d3-76f3c90e8474,1780921043,19238912.0
memory_working_set,minikube,monitoring-kube-prometheus-operator-556b56cc6d-n6dg9,monitoring,/kubepods/besteffort/podc8122519-a592-495f-9353-00a2f23fdf80,1780921043,41050112.0
memory_working_set,minikube,monitoring-prometheus-node-exporter-pdw8p,monitoring,/kubepods/besteffort/podd35abb3b-34f0-40fa-af55-3ab246fc64c8,1780921043,20316160.0
memory_working_set,minikube,kube-scheduler-minikube,kube-system,/kubepods/burstable/pod1c7123a121598343200ffd5b015ca580,1780921043,40771584.0
memory_working_set,minikube,shippingservice-55656785c7-lk4mx,boutique,/kubepods/burstable/pod1df51271-c9ea-47fa-8fb2-cf15bbc7c216,1780921043,15151104.0
memory_working_set,minikube,chaos-controller-manager-659785674d-29q42,chaos-testing,/kubepods/burstable/pod21ab858c-cee8-438c-8682-c786dc3dc044,1780921043,29618176.0
memory_working_set,minikube,chaos-controller-manager-659785674d-fjb2r,chaos-testing,/kubepods/burstable/pod2569141a-4d05-422e-bcf2-2f01e2f5056d,1780921043,36515840.0
memory_working_set,minikube,coredns-7d764666f9-hxxb8,kube-system,/kubepods/burstable/pod596c18fb-891c-4e87-9b11-83d99dd6d264,1780921043,37982208.0
memory_working_set,minikube,recommendationservice-6f8f67d69-fhrns,boutique,/kubepods/burstable/pod5ded7b1a-44d9-4178-8596-57a9e25f6171,1780921043,57864192.0
memory_working_set,minikube,etcd-minikube,kube-system,/kubepods/burstable/pod5ff8e3b06bbaa8cb7ebc2bf531e48a2f,1780921043,94838784.0
memory_working_set,minikube,emailservice-7466dc585-sv4wh,boutique,/kubepods/burstable/pod6116940a-da83-4761-97dc-892a207b789e,1780921043,53194752.0
memory_working_set,minikube,cartservice-546c548494-cb4lb,boutique,/kubepods/burstable/pod6ec732c5-cf34-4e25-a3ce-ff4b44ce8d19,1780921043,71626752.0
memory_working_set,minikube,kube-controller-manager-minikube,kube-system,/kubepods/burstable/pod740363cf4388c2d0df59fc97f96b889c,1780921043,96002048.0
memory_working_set,minikube,chaos-dashboard-5b77585c6c-zm7f4,chaos-testing,/kubepods/burstable/pod7d3e8284-7c72-4577-a8fb-79d957f69104,1780921043,48291840.0
memory_working_set,minikube,chaos-dns-server-6bccb5bb76-gscmn,chaos-testing,/kubepods/burstable/pod8a82a436-ef3f-4750-8f39-dbfde680d0b8,1780921043,28069888.0
memory_working_set,minikube,coredns-7d764666f9-gmlgd,kube-system,/kubepods/burstable/pod9289fad3-6e91-4617-b97d-6da4631c2f35,1780921043,29728768.0
memory_working_set,minikube,adservice-8576649cff-5bvst,boutique,/kubepods/burstable/pod9d685cd3-17df-43af-a26e-7743c006902d,1780921043,112451584.0
memory_working_set,minikube,kube-apiserver-minikube,kube-system,/kubepods/burstable/poda6dc00f40d27725f15407f95751ce5f7,1780921043,595161088.0
memory_working_set,minikube,alertmanager-monitoring-kube-prometheus-alertmanager-0,monitoring,/kubepods/burstable/podb5fde93f-2f9a-427f-aa16-8a257f179975,1780921043,54087680.0
memory_working_set,minikube,currencyservice-fd8f5dfb7-js8gr,boutique,/kubepods/burstable/podc827ec2d-8a9d-4e1c-8017-62c3901eccb4,1780921043,114761728.0
memory_working_set,minikube,redis-cart-6899b65948-ms767,boutique,/kubepods/burstable/podd425db0f-53f9-4bec-9ee1-49e4ced03bb6,1780921043,13557760.0
memory_working_set,minikube,chaos-controller-manager-659785674d-wbwg8,chaos-testing,/kubepods/burstable/podd7abbfc2-2af5-4b28-b438-3ebef4bafcce,1780921043,27779072.0
memory_working_set,minikube,paymentservice-6b76dfb449-n8mm2,boutique,/kubepods/burstable/podd9986049-5066-4a99-a156-0bc7b2391961,1780921043,83968000.0
memory_working_set,minikube,checkoutservice-75b9cd684f-vzdsz,boutique,/kubepods/burstable/pod5827d8c7-6a98-4352-9825-164648474ddc,1780921043,17653760.0
memory_working_set,minikube,frontend-694b9f76cd-z2pk6,boutique,/kubepods/burstable/podcf6049c2-3667-4622-87ba-b06efa553d48,1780921043,23425024.0
memory_working_set,minikube,productcatalogservice-fb49fc9cc-wptz6,boutique,/kubepods/burstable/pode9d4586d-6739-497d-ae8d-4fd70972eea8,1780921043,19349504.0
memory_working_set,minikube,loadgenerator-7694cd65db-bdz8c,boutique,/kubepods/burstable/pod38d6ef8e-d456-4bd4-95a0-ea6760631a9d,1780921043,77713408.0
cpu_rate,minikube,kube-proxy-fshvh,kube-system,/kubepods/besteffort/pod2f4efb93-ee48-4c37-b1e1-6f2e54a917c7,1780921073,0.00037860875365970355
cpu_rate,minikube,monitoring-kube-state-metrics-868694bc4b-689cm,monitoring,/kubepods/besteffort/pod59c52cc8-67e3-4946-aac6-7ff0ef74285f,1780921073,0.0007328350150798735
cpu_rate,minikube,prometheus-monitoring-kube-prometheus-prometheus-0,monitoring,/kubepods/besteffort/pod6bff50b8-f988-4ff2-a8c1-8f95f2c25189,1780921073,0.009368381623652037
cpu_rate,minikube,storage-provisioner,kube-system,/kubepods/besteffort/pod9bffcac8-a0cd-49a4-ad59-cdbf60a579cb,1780921073,0.0014542022690832693
cpu_rate,minikube,monitoring-grafana-6f66955c48-hlrcn,monitoring,/kubepods/besteffort/pod9d3fe3f0-8989-47b4-8478-0ae7be66df8d,1780921073,0.009796429339257503
cpu_rate,minikube,chaos-daemon-n6ghj,chaos-testing,/kubepods/besteffort/poda051be83-a7cd-43e4-83d3-76f3c90e8474,1780921073,1.8931690687416e-05
cpu_rate,minikube,monitoring-kube-prometheus-operator-556b56cc6d-n6dg9,monitoring,/kubepods/besteffort/podc8122519-a592-495f-9353-00a2f23fdf80,1780921073,0.002283124635191317
cpu_rate,minikube,monitoring-prometheus-node-exporter-pdw8p,monitoring,/kubepods/besteffort/podd35abb3b-34f0-40fa-af55-3ab246fc64c8,1780921073,0.0010902603433847226
cpu_rate,minikube,kube-scheduler-minikube,kube-system,/kubepods/burstable/pod1c7123a121598343200ffd5b015ca580,1780921073,0.0038581809523810496
cpu_rate,minikube,shippingservice-55656785c7-lk4mx,boutique,/kubepods/burstable/pod1df51271-c9ea-47fa-8fb2-cf15bbc7c216,1780921073,0.0007893090624744489
cpu_rate,minikube,chaos-controller-manager-659785674d-29q42,chaos-testing,/kubepods/burstable/pod21ab858c-cee8-438c-8682-c786dc3dc044,1780921073,0.00036888512347424434
cpu_rate,minikube,chaos-controller-manager-659785674d-fjb2r,chaos-testing,/kubepods/burstable/pod2569141a-4d05-422e-bcf2-2f01e2f5056d,1780921073,0.005035403915130522
cpu_rate,minikube,coredns-7d764666f9-hxxb8,kube-system,/kubepods/burstable/pod596c18fb-891c-4e87-9b11-83d99dd6d264,1780921073,0.0018489687042116977
cpu_rate,minikube,recommendationservice-6f8f67d69-fhrns,boutique,/kubepods/burstable/pod5ded7b1a-44d9-4178-8596-57a9e25f6171,1780921073,0.005452760253123281
cpu_rate,minikube,etcd-minikube,kube-system,/kubepods/burstable/pod5ff8e3b06bbaa8cb7ebc2bf531e48a2f,1780921073,0.024528530373394173
cpu_rate,minikube,emailservice-7466dc585-sv4wh,boutique,/kubepods/burstable/pod6116940a-da83-4761-97dc-892a207b789e,1780921073,0.001449010160070715
cpu_rate,minikube,cartservice-546c548494-cb4lb,boutique,/kubepods/burstable/pod6ec732c5-cf34-4e25-a3ce-ff4b44ce8d19,1780921073,0.003500663838283142
cpu_rate,minikube,kube-controller-manager-minikube,kube-system,/kubepods/burstable/pod740363cf4388c2d0df59fc97f96b889c,1780921073,0.012243617968513483
cpu_rate,minikube,chaos-dashboard-5b77585c6c-zm7f4,chaos-testing,/kubepods/burstable/pod7d3e8284-7c72-4577-a8fb-79d957f69104,1780921073,0.0020575137484179435
cpu_rate,minikube,chaos-dns-server-6bccb5bb76-gscmn,chaos-testing,/kubepods/burstable/pod8a82a436-ef3f-4750-8f39-dbfde680d0b8,1780921073,0.001882226391740381
cpu_rate,minikube,coredns-7d764666f9-gmlgd,kube-system,/kubepods/burstable/pod9289fad3-6e91-4617-b97d-6da4631c2f35,1780921073,0.001964913306628443
cpu_rate,minikube,adservice-8576649cff-5bvst,boutique,/kubepods/burstable/pod9d685cd3-17df-43af-a26e-7743c006902d,1780921073,0.0013747593692402223
cpu_rate,minikube,kube-apiserver-minikube,kube-system,/kubepods/burstable/poda6dc00f40d27725f15407f95751ce5f7,1780921073,0.05338993850720867
cpu_rate,minikube,alertmanager-monitoring-kube-prometheus-alertmanager-0,monitoring,/kubepods/burstable/podb5fde93f-2f9a-427f-aa16-8a257f179975,1780921073,0.0005493152106246013
cpu_rate,minikube,currencyservice-fd8f5dfb7-js8gr,boutique,/kubepods/burstable/podc827ec2d-8a9d-4e1c-8017-62c3901eccb4,1780921073,0.006066444407724984
cpu_rate,minikube,redis-cart-6899b65948-ms767,boutique,/kubepods/burstable/podd425db0f-53f9-4bec-9ee1-49e4ced03bb6,1780921073,0.0017838026677958882
cpu_rate,minikube,chaos-controller-manager-659785674d-wbwg8,chaos-testing,/kubepods/burstable/podd7abbfc2-2af5-4b28-b438-3ebef4bafcce,1780921073,0.000337625245373948
cpu_rate,minikube,paymentservice-6b76dfb449-n8mm2,boutique,/kubepods/burstable/podd9986049-5066-4a99-a156-0bc7b2391961,1780921073,0.00063153119300525
cpu_rate,minikube,checkoutservice-75b9cd684f-vzdsz,boutique,/kubepods/burstable/pod5827d8c7-6a98-4352-9825-164648474ddc,1780921073,0.0007891430915911248
cpu_rate,minikube,frontend-694b9f76cd-z2pk6,boutique,/kubepods/burstable/podcf6049c2-3667-4622-87ba-b06efa553d48,1780921073,0.009199858375746875
cpu_rate,minikube,productcatalogservice-fb49fc9cc-wptz6,boutique,/kubepods/burstable/pode9d4586d-6739-497d-ae8d-4fd70972eea8,1780921073,0.004706691218233993
cpu_rate,minikube,loadgenerator-7694cd65db-bdz8c,boutique,/kubepods/burstable/pod38d6ef8e-d456-4bd4-95a0-ea6760631a9d,1780921073,0.002678865186744694
memory_working_set,minikube,kube-proxy-fshvh,kube-system,/kubepods/besteffort/pod2f4efb93-ee48-4c37-b1e1-6f2e54a917c7,1780921073,39542784.0
memory_working_set,minikube,monitoring-kube-state-metrics-868694bc4b-689cm,monitoring,/kubepods/besteffort/pod59c52cc8-67e3-4946-aac6-7ff0ef74285f,1780921073,38453248.0
memory_working_set,minikube,prometheus-monitoring-kube-prometheus-prometheus-0,monitoring,/kubepods/besteffort/pod6bff50b8-f988-4ff2-a8c1-8f95f2c25189,1780921073,319987712.0
memory_working_set,minikube,storage-provisioner,kube-system,/kubepods/besteffort/pod9bffcac8-a0cd-49a4-ad59-cdbf60a579cb,1780921073,20934656.0
memory_working_set,minikube,monitoring-grafana-6f66955c48-hlrcn,monitoring,/kubepods/besteffort/pod9d3fe3f0-8989-47b4-8478-0ae7be66df8d,1780921073,404881408.0
memory_working_set,minikube,chaos-daemon-n6ghj,chaos-testing,/kubepods/besteffort/poda051be83-a7cd-43e4-83d3-76f3c90e8474,1780921073,19197952.0
memory_working_set,minikube,monitoring-kube-prometheus-operator-556b56cc6d-n6dg9,monitoring,/kubepods/besteffort/podc8122519-a592-495f-9353-00a2f23fdf80,1780921073,41029632.0
memory_working_set,minikube,monitoring-prometheus-node-exporter-pdw8p,monitoring,/kubepods/besteffort/podd35abb3b-34f0-40fa-af55-3ab246fc64c8,1780921073,20070400.0
memory_working_set,minikube,kube-scheduler-minikube,kube-system,/kubepods/burstable/pod1c7123a121598343200ffd5b015ca580,1780921073,40988672.0
memory_working_set,minikube,shippingservice-55656785c7-lk4mx,boutique,/kubepods/burstable/pod1df51271-c9ea-47fa-8fb2-cf15bbc7c216,1780921073,15151104.0
memory_working_set,minikube,chaos-controller-manager-659785674d-29q42,chaos-testing,/kubepods/burstable/pod21ab858c-cee8-438c-8682-c786dc3dc044,1780921073,29585408.0
memory_working_set,minikube,chaos-controller-manager-659785674d-fjb2r,chaos-testing,/kubepods/burstable/pod2569141a-4d05-422e-bcf2-2f01e2f5056d,1780921073,36515840.0
memory_working_set,minikube,coredns-7d764666f9-hxxb8,kube-system,/kubepods/burstable/pod596c18fb-891c-4e87-9b11-83d99dd6d264,1780921073,37974016.0
memory_working_set,minikube,recommendationservice-6f8f67d69-fhrns,boutique,/kubepods/burstable/pod5ded7b1a-44d9-4178-8596-57a9e25f6171,1780921073,57827328.0
memory_working_set,minikube,etcd-minikube,kube-system,/kubepods/burstable/pod5ff8e3b06bbaa8cb7ebc2bf531e48a2f,1780921073,94691328.0
memory_working_set,minikube,emailservice-7466dc585-sv4wh,boutique,/kubepods/burstable/pod6116940a-da83-4761-97dc-892a207b789e,1780921073,53194752.0
memory_working_set,minikube,cartservice-546c548494-cb4lb,boutique,/kubepods/burstable/pod6ec732c5-cf34-4e25-a3ce-ff4b44ce8d19,1780921073,71573504.0
memory_working_set,minikube,kube-controller-manager-minikube,kube-system,/kubepods/burstable/pod740363cf4388c2d0df59fc97f96b889c,1780921073,96002048.0
memory_working_set,minikube,chaos-dashboard-5b77585c6c-zm7f4,chaos-testing,/kubepods/burstable/pod7d3e8284-7c72-4577-a8fb-79d957f69104,1780921073,48250880.0
memory_working_set,minikube,chaos-dns-server-6bccb5bb76-gscmn,chaos-testing,/kubepods/burstable/pod8a82a436-ef3f-4750-8f39-dbfde680d0b8,1780921073,28299264.0
memory_working_set,minikube,coredns-7d764666f9-gmlgd,kube-system,/kubepods/burstable/pod9289fad3-6e91-4617-b97d-6da4631c2f35,1780921073,31141888.0
memory_working_set,minikube,adservice-8576649cff-5bvst,boutique,/kubepods/burstable/pod9d685cd3-17df-43af-a26e-7743c006902d,1780921073,112447488.0
memory_working_set,minikube,kube-apiserver-minikube,kube-system,/kubepods/burstable/poda6dc00f40d27725f15407f95751ce5f7,1780921073,598515712.0
memory_working_set,minikube,alertmanager-monitoring-kube-prometheus-alertmanager-0,monitoring,/kubepods/burstable/podb5fde93f-2f9a-427f-aa16-8a257f179975,1780921073,53030912.0
memory_working_set,minikube,currencyservice-fd8f5dfb7-js8gr,boutique,/kubepods/burstable/podc827ec2d-8a9d-4e1c-8017-62c3901eccb4,1780921073,114393088.0
memory_working_set,minikube,redis-cart-6899b65948-ms767,boutique,/kubepods/burstable/podd425db0f-53f9-4bec-9ee1-49e4ced03bb6,1780921073,13557760.0
memory_working_set,minikube,chaos-controller-manager-659785674d-wbwg8,chaos-testing,/kubepods/burstable/podd7abbfc2-2af5-4b28-b438-3ebef4bafcce,1780921073,27746304.0
memory_working_set,minikube,paymentservice-6b76dfb449-n8mm2,boutique,/kubepods/burstable/podd9986049-5066-4a99-a156-0bc7b2391961,1780921073,84934656.0
memory_working_set,minikube,checkoutservice-75b9cd684f-vzdsz,boutique,/kubepods/burstable/pod5827d8c7-6a98-4352-9825-164648474ddc,1780921073,17653760.0
memory_working_set,minikube,frontend-694b9f76cd-z2pk6,boutique,/kubepods/burstable/podcf6049c2-3667-4622-87ba-b06efa553d48,1780921073,23433216.0
memory_working_set,minikube,productcatalogservice-fb49fc9cc-wptz6,boutique,/kubepods/burstable/pode9d4586d-6739-497d-ae8d-4fd70972eea8,1780921073,18825216.0
memory_working_set,minikube,loadgenerator-7694cd65db-bdz8c,boutique,/kubepods/burstable/pod38d6ef8e-d456-4bd4-95a0-ea6760631a9d,1780921073,77975552.0
cpu_rate,minikube,kube-proxy-fshvh,kube-system,/kubepods/besteffort/pod2f4efb93-ee48-4c37-b1e1-6f2e54a917c7,1780921102,0.0004195053801795563
cpu_rate,minikube,monitoring-kube-state-metrics-868694bc4b-689cm,monitoring,/kubepods/besteffort/pod59c52cc8-67e3-4946-aac6-7ff0ef74285f,1780921102,0.0007346448917120271
cpu_rate,minikube,prometheus-monitoring-kube-prometheus-prometheus-0,monitoring,/kubepods/besteffort/pod6bff50b8-f988-4ff2-a8c1-8f95f2c25189,1780921102,0.01027248134230202
cpu_rate,minikube,storage-provisioner,kube-system,/kubepods/besteffort/pod9bffcac8-a0cd-49a4-ad59-cdbf60a579cb,1780921102,0.0015383260169170442
cpu_rate,minikube,monitoring-grafana-6f66955c48-hlrcn,monitoring,/kubepods/besteffort/pod9d3fe3f0-8989-47b4-8478-0ae7be66df8d,1780921102,0.009141582751216997
cpu_rate,minikube,chaos-daemon-n6ghj,chaos-testing,/kubepods/besteffort/poda051be83-a7cd-43e4-83d3-76f3c90e8474,1780921102,1.8233602058968357e-05
cpu_rate,minikube,monitoring-kube-prometheus-operator-556b56cc6d-n6dg9,monitoring,/kubepods/besteffort/podc8122519-a592-495f-9353-00a2f23fdf80,1780921102,0.002395213437411452
cpu_rate,minikube,monitoring-prometheus-node-exporter-pdw8p,monitoring,/kubepods/besteffort/podd35abb3b-34f0-40fa-af55-3ab246fc64c8,1780921102,0.0009251136037990418
cpu_rate,minikube,kube-scheduler-minikube,kube-system,/kubepods/burstable/pod1c7123a121598343200ffd5b015ca580,1780921102,0.004417880849997811
cpu_rate,minikube,shippingservice-55656785c7-lk4mx,boutique,/kubepods/burstable/pod1df51271-c9ea-47fa-8fb2-cf15bbc7c216,1780921102,0.0007004344130702126
cpu_rate,minikube,chaos-controller-manager-659785674d-29q42,chaos-testing,/kubepods/burstable/pod21ab858c-cee8-438c-8682-c786dc3dc044,1780921102,0.00034526703278016174
cpu_rate,minikube,chaos-controller-manager-659785674d-fjb2r,chaos-testing,/kubepods/burstable/pod2569141a-4d05-422e-bcf2-2f01e2f5056d,1780921102,0.005033696293231703
cpu_rate,minikube,coredns-7d764666f9-hxxb8,kube-system,/kubepods/burstable/pod596c18fb-891c-4e87-9b11-83d99dd6d264,1780921102,0.0019138867829163724
cpu_rate,minikube,recommendationservice-6f8f67d69-fhrns,boutique,/kubepods/burstable/pod5ded7b1a-44d9-4178-8596-57a9e25f6171,1780921102,0.005040949413603456
cpu_rate,minikube,etcd-minikube,kube-system,/kubepods/burstable/pod5ff8e3b06bbaa8cb7ebc2bf531e48a2f,1780921102,0.024547369371810446
cpu_rate,minikube,emailservice-7466dc585-sv4wh,boutique,/kubepods/burstable/pod6116940a-da83-4761-97dc-892a207b789e,1780921102,0.0013891846284988557
cpu_rate,minikube,cartservice-546c548494-cb4lb,boutique,/kubepods/burstable/pod6ec732c5-cf34-4e25-a3ce-ff4b44ce8d19,1780921102,0.003183071578844501
cpu_rate,minikube,kube-controller-manager-minikube,kube-system,/kubepods/burstable/pod740363cf4388c2d0df59fc97f96b889c,1780921102,0.012538216744778022
cpu_rate,minikube,chaos-dashboard-5b77585c6c-zm7f4,chaos-testing,/kubepods/burstable/pod7d3e8284-7c72-4577-a8fb-79d957f69104,1780921102,0.0018743084394828833
cpu_rate,minikube,chaos-dns-server-6bccb5bb76-gscmn,chaos-testing,/kubepods/burstable/pod8a82a436-ef3f-4750-8f39-dbfde680d0b8,1780921102,0.0018578729940151324
cpu_rate,minikube,coredns-7d764666f9-gmlgd,kube-system,/kubepods/burstable/pod9289fad3-6e91-4617-b97d-6da4631c2f35,1780921102,0.002009681757059637
cpu_rate,minikube,adservice-8576649cff-5bvst,boutique,/kubepods/burstable/pod9d685cd3-17df-43af-a26e-7743c006902d,1780921102,0.0013663265920913711
cpu_rate,minikube,kube-apiserver-minikube,kube-system,/kubepods/burstable/poda6dc00f40d27725f15407f95751ce5f7,1780921102,0.05183692614398483
cpu_rate,minikube,alertmanager-monitoring-kube-prometheus-alertmanager-0,monitoring,/kubepods/burstable/podb5fde93f-2f9a-427f-aa16-8a257f179975,1780921102,0.0005720428211833659
cpu_rate,minikube,currencyservice-fd8f5dfb7-js8gr,boutique,/kubepods/burstable/podc827ec2d-8a9d-4e1c-8017-62c3901eccb4,1780921102,0.005760024285528548
cpu_rate,minikube,redis-cart-6899b65948-ms767,boutique,/kubepods/burstable/podd425db0f-53f9-4bec-9ee1-49e4ced03bb6,1780921102,0.0017391647649036175
cpu_rate,minikube,chaos-controller-manager-659785674d-wbwg8,chaos-testing,/kubepods/burstable/podd7abbfc2-2af5-4b28-b438-3ebef4bafcce,1780921102,0.00042105788966994716
cpu_rate,minikube,paymentservice-6b76dfb449-n8mm2,boutique,/kubepods/burstable/podd9986049-5066-4a99-a156-0bc7b2391961,1780921102,0.0005936785401169334
cpu_rate,minikube,checkoutservice-75b9cd684f-vzdsz,boutique,/kubepods/burstable/pod5827d8c7-6a98-4352-9825-164648474ddc,1780921102,0.0005136887677692842
cpu_rate,minikube,frontend-694b9f76cd-z2pk6,boutique,/kubepods/burstable/podcf6049c2-3667-4622-87ba-b06efa553d48,1780921102,0.008986935913893377
cpu_rate,minikube,productcatalogservice-fb49fc9cc-wptz6,boutique,/kubepods/burstable/pode9d4586d-6739-497d-ae8d-4fd70972eea8,1780921102,0.004307144662992189
cpu_rate,minikube,loadgenerator-7694cd65db-bdz8c,boutique,/kubepods/burstable/pod38d6ef8e-d456-4bd4-95a0-ea6760631a9d,1780921102,0.002305732058891101
memory_working_set,minikube,kube-proxy-fshvh,kube-system,/kubepods/besteffort/pod2f4efb93-ee48-4c37-b1e1-6f2e54a917c7,1780921102,39534592.0
memory_working_set,minikube,monitoring-kube-state-metrics-868694bc4b-689cm,monitoring,/kubepods/besteffort/pod59c52cc8-67e3-4946-aac6-7ff0ef74285f,1780921102,38535168.0
memory_working_set,minikube,prometheus-monitoring-kube-prometheus-prometheus-0,monitoring,/kubepods/besteffort/pod6bff50b8-f988-4ff2-a8c1-8f95f2c25189,1780921102,320667648.0
memory_working_set,minikube,storage-provisioner,kube-system,/kubepods/besteffort/pod9bffcac8-a0cd-49a4-ad59-cdbf60a579cb,1780921102,20852736.0
memory_working_set,minikube,monitoring-grafana-6f66955c48-hlrcn,monitoring,/kubepods/besteffort/pod9d3fe3f0-8989-47b4-8478-0ae7be66df8d,1780921102,404877312.0
memory_working_set,minikube,chaos-daemon-n6ghj,chaos-testing,/kubepods/besteffort/poda051be83-a7cd-43e4-83d3-76f3c90e8474,1780921102,19197952.0
memory_working_set,minikube,monitoring-kube-prometheus-operator-556b56cc6d-n6dg9,monitoring,/kubepods/besteffort/podc8122519-a592-495f-9353-00a2f23fdf80,1780921102,41168896.0
memory_working_set,minikube,monitoring-prometheus-node-exporter-pdw8p,monitoring,/kubepods/besteffort/podd35abb3b-34f0-40fa-af55-3ab246fc64c8,1780921102,20070400.0
memory_working_set,minikube,kube-scheduler-minikube,kube-system,/kubepods/burstable/pod1c7123a121598343200ffd5b015ca580,1780921102,40730624.0
memory_working_set,minikube,shippingservice-55656785c7-lk4mx,boutique,/kubepods/burstable/pod1df51271-c9ea-47fa-8fb2-cf15bbc7c216,1780921102,15151104.0
memory_working_set,minikube,chaos-controller-manager-659785674d-29q42,chaos-testing,/kubepods/burstable/pod21ab858c-cee8-438c-8682-c786dc3dc044,1780921102,29577216.0
memory_working_set,minikube,chaos-controller-manager-659785674d-fjb2r,chaos-testing,/kubepods/burstable/pod2569141a-4d05-422e-bcf2-2f01e2f5056d,1780921102,36515840.0
memory_working_set,minikube,coredns-7d764666f9-hxxb8,kube-system,/kubepods/burstable/pod596c18fb-891c-4e87-9b11-83d99dd6d264,1780921102,38219776.0
memory_working_set,minikube,recommendationservice-6f8f67d69-fhrns,boutique,/kubepods/burstable/pod5ded7b1a-44d9-4178-8596-57a9e25f6171,1780921102,57827328.0
memory_working_set,minikube,etcd-minikube,kube-system,/kubepods/burstable/pod5ff8e3b06bbaa8cb7ebc2bf531e48a2f,1780921102,94965760.0
memory_working_set,minikube,emailservice-7466dc585-sv4wh,boutique,/kubepods/burstable/pod6116940a-da83-4761-97dc-892a207b789e,1780921102,53194752.0
memory_working_set,minikube,cartservice-546c548494-cb4lb,boutique,/kubepods/burstable/pod6ec732c5-cf34-4e25-a3ce-ff4b44ce8d19,1780921102,71602176.0
memory_working_set,minikube,kube-controller-manager-minikube,kube-system,/kubepods/burstable/pod740363cf4388c2d0df59fc97f96b889c,1780921102,96043008.0
memory_working_set,minikube,chaos-dashboard-5b77585c6c-zm7f4,chaos-testing,/kubepods/burstable/pod7d3e8284-7c72-4577-a8fb-79d957f69104,1780921102,48250880.0
memory_working_set,minikube,chaos-dns-server-6bccb5bb76-gscmn,chaos-testing,/kubepods/burstable/pod8a82a436-ef3f-4750-8f39-dbfde680d0b8,1780921102,28299264.0
memory_working_set,minikube,coredns-7d764666f9-gmlgd,kube-system,/kubepods/burstable/pod9289fad3-6e91-4617-b97d-6da4631c2f35,1780921102,30937088.0
memory_working_set,minikube,adservice-8576649cff-5bvst,boutique,/kubepods/burstable/pod9d685cd3-17df-43af-a26e-7743c006902d,1780921102,112447488.0
memory_working_set,minikube,kube-apiserver-minikube,kube-system,/kubepods/burstable/poda6dc00f40d27725f15407f95751ce5f7,1780921102,599023616.0
memory_working_set,minikube,alertmanager-monitoring-kube-prometheus-alertmanager-0,monitoring,/kubepods/burstable/podb5fde93f-2f9a-427f-aa16-8a257f179975,1780921102,53014528.0
memory_working_set,minikube,currencyservice-fd8f5dfb7-js8gr,boutique,/kubepods/burstable/podc827ec2d-8a9d-4e1c-8017-62c3901eccb4,1780921102,114900992.0
memory_working_set,minikube,redis-cart-6899b65948-ms767,boutique,/kubepods/burstable/podd425db0f-53f9-4bec-9ee1-49e4ced03bb6,1780921102,14073856.0
memory_working_set,minikube,chaos-controller-manager-659785674d-wbwg8,chaos-testing,/kubepods/burstable/podd7abbfc2-2af5-4b28-b438-3ebef4bafcce,1780921102,27742208.0
memory_working_set,minikube,paymentservice-6b76dfb449-n8mm2,boutique,/kubepods/burstable/podd9986049-5066-4a99-a156-0bc7b2391961,1780921102,84541440.0
memory_working_set,minikube,checkoutservice-75b9cd684f-vzdsz,boutique,/kubepods/burstable/pod5827d8c7-6a98-4352-9825-164648474ddc,1780921102,17649664.0
memory_working_set,minikube,frontend-694b9f76cd-z2pk6,boutique,/kubepods/burstable/podcf6049c2-3667-4622-87ba-b06efa553d48,1780921102,23498752.0
memory_working_set,minikube,productcatalogservice-fb49fc9cc-wptz6,boutique,/kubepods/burstable/pode9d4586d-6739-497d-ae8d-4fd70972eea8,1780921102,18571264.0
memory_working_set,minikube,loadgenerator-7694cd65db-bdz8c,boutique,/kubepods/burstable/pod38d6ef8e-d456-4bd4-95a0-ea6760631a9d,1780921102,77721600.0
cpu_rate,minikube,kube-proxy-fshvh,kube-system,/kubepods/besteffort/pod2f4efb93-ee48-4c37-b1e1-6f2e54a917c7,1780921131,0.00033701427422407006
cpu_rate,minikube,monitoring-kube-state-metrics-868694bc4b-689cm,monitoring,/kubepods/besteffort/pod59c52cc8-67e3-4946-aac6-7ff0ef74285f,1780921131,0.00083872323757295
cpu_rate,minikube,prometheus-monitoring-kube-prometheus-prometheus-0,monitoring,/kubepods/besteffort/pod6bff50b8-f988-4ff2-a8c1-8f95f2c25189,1780921131,0.008047731475466864
cpu_rate,minikube,storage-provisioner,kube-system,/kubepods/besteffort/pod9bffcac8-a0cd-49a4-ad59-cdbf60a579cb,1780921131,0.0012732506559154525
cpu_rate,minikube,monitoring-grafana-6f66955c48-hlrcn,monitoring,/kubepods/besteffort/pod9d3fe3f0-8989-47b4-8478-0ae7be66df8d,1780921131,0.009873943450894434
cpu_rate,minikube,chaos-daemon-n6ghj,chaos-testing,/kubepods/besteffort/poda051be83-a7cd-43e4-83d3-76f3c90e8474,1780921131,1.3795658261678879e-06
cpu_rate,minikube,monitoring-kube-prometheus-operator-556b56cc6d-n6dg9,monitoring,/kubepods/besteffort/podc8122519-a592-495f-9353-00a2f23fdf80,1780921131,0.002475381659118821
cpu_rate,minikube,monitoring-prometheus-node-exporter-pdw8p,monitoring,/kubepods/besteffort/podd35abb3b-34f0-40fa-af55-3ab246fc64c8,1780921131,0.0009918597774074072
cpu_rate,minikube,kube-scheduler-minikube,kube-system,/kubepods/burstable/pod1c7123a121598343200ffd5b015ca580,1780921131,0.0036697294470135903
cpu_rate,minikube,shippingservice-55656785c7-lk4mx,boutique,/kubepods/burstable/pod1df51271-c9ea-47fa-8fb2-cf15bbc7c216,1780921131,0.0005448654916588632
cpu_rate,minikube,chaos-controller-manager-659785674d-29q42,chaos-testing,/kubepods/burstable/pod21ab858c-cee8-438c-8682-c786dc3dc044,1780921131,0.0003165717716322126
cpu_rate,minikube,chaos-controller-manager-659785674d-fjb2r,chaos-testing,/kubepods/burstable/pod2569141a-4d05-422e-bcf2-2f01e2f5056d,1780921131,0.005034430272436496
cpu_rate,minikube,coredns-7d764666f9-hxxb8,kube-system,/kubepods/burstable/pod596c18fb-891c-4e87-9b11-83d99dd6d264,1780921131,0.001896155357958482
cpu_rate,minikube,recommendationservice-6f8f67d69-fhrns,boutique,/kubepods/burstable/pod5ded7b1a-44d9-4178-8596-57a9e25f6171,1780921131,0.004785685020013211
cpu_rate,minikube,etcd-minikube,kube-system,/kubepods/burstable/pod5ff8e3b06bbaa8cb7ebc2bf531e48a2f,1780921131,0.022346966192525484
cpu_rate,minikube,emailservice-7466dc585-sv4wh,boutique,/kubepods/burstable/pod6116940a-da83-4761-97dc-892a207b789e,1780921131,0.0012152777920295147
cpu_rate,minikube,cartservice-546c548494-cb4lb,boutique,/kubepods/burstable/pod6ec732c5-cf34-4e25-a3ce-ff4b44ce8d19,1780921131,0.0028761534333729202
cpu_rate,minikube,kube-controller-manager-minikube,kube-system,/kubepods/burstable/pod740363cf4388c2d0df59fc97f96b889c,1780921131,0.011684355513581867
cpu_rate,minikube,chaos-dashboard-5b77585c6c-zm7f4,chaos-testing,/kubepods/burstable/pod7d3e8284-7c72-4577-a8fb-79d957f69104,1780921131,0.0019289383498924159
cpu_rate,minikube,chaos-dns-server-6bccb5bb76-gscmn,chaos-testing,/kubepods/burstable/pod8a82a436-ef3f-4750-8f39-dbfde680d0b8,1780921131,0.001965743546169031
cpu_rate,minikube,coredns-7d764666f9-gmlgd,kube-system,/kubepods/burstable/pod9289fad3-6e91-4617-b97d-6da4631c2f35,1780921131,0.0017247001287896036
cpu_rate,minikube,adservice-8576649cff-5bvst,boutique,/kubepods/burstable/pod9d685cd3-17df-43af-a26e-7743c006902d,1780921131,0.0013182151575860004
cpu_rate,minikube,kube-apiserver-minikube,kube-system,/kubepods/burstable/poda6dc00f40d27725f15407f95751ce5f7,1780921131,0.04177719332357264
cpu_rate,minikube,alertmanager-monitoring-kube-prometheus-alertmanager-0,monitoring,/kubepods/burstable/podb5fde93f-2f9a-427f-aa16-8a257f179975,1780921131,0.00045881219948824874
cpu_rate,minikube,currencyservice-fd8f5dfb7-js8gr,boutique,/kubepods/burstable/podc827ec2d-8a9d-4e1c-8017-62c3901eccb4,1780921131,0.005635196215097528
cpu_rate,minikube,redis-cart-6899b65948-ms767,boutique,/kubepods/burstable/podd425db0f-53f9-4bec-9ee1-49e4ced03bb6,1780921131,0.0015573666196816245
cpu_rate,minikube,chaos-controller-manager-659785674d-wbwg8,chaos-testing,/kubepods/burstable/podd7abbfc2-2af5-4b28-b438-3ebef4bafcce,1780921131,0.0004312468111925802
cpu_rate,minikube,paymentservice-6b76dfb449-n8mm2,boutique,/kubepods/burstable/podd9986049-5066-4a99-a156-0bc7b2391961,1780921131,0.0005379807491979158
cpu_rate,minikube,checkoutservice-75b9cd684f-vzdsz,boutique,/kubepods/burstable/pod5827d8c7-6a98-4352-9825-164648474ddc,1780921131,0.0003410892480795115
cpu_rate,minikube,frontend-694b9f76cd-z2pk6,boutique,/kubepods/burstable/podcf6049c2-3667-4622-87ba-b06efa553d48,1780921131,0.008456696244324997
cpu_rate,minikube,productcatalogservice-fb49fc9cc-wptz6,boutique,/kubepods/burstable/pode9d4586d-6739-497d-ae8d-4fd70972eea8,1780921131,0.003919852986595874
cpu_rate,minikube,loadgenerator-7694cd65db-bdz8c,boutique,/kubepods/burstable/pod38d6ef8e-d456-4bd4-95a0-ea6760631a9d,1780921131,0.0024169416067098596
memory_working_set,minikube,kube-proxy-fshvh,kube-system,/kubepods/besteffort/pod2f4efb93-ee48-4c37-b1e1-6f2e54a917c7,1780921131,39538688.0
memory_working_set,minikube,monitoring-kube-state-metrics-868694bc4b-689cm,monitoring,/kubepods/besteffort/pod59c52cc8-67e3-4946-aac6-7ff0ef74285f,1780921131,38547456.0
memory_working_set,minikube,prometheus-monitoring-kube-prometheus-prometheus-0,monitoring,/kubepods/besteffort/pod6bff50b8-f988-4ff2-a8c1-8f95f2c25189,1780921131,318517248.0
memory_working_set,minikube,storage-provisioner,kube-system,/kubepods/besteffort/pod9bffcac8-a0cd-49a4-ad59-cdbf60a579cb,1780921131,20926464.0
memory_working_set,minikube,monitoring-grafana-6f66955c48-hlrcn,monitoring,/kubepods/besteffort/pod9d3fe3f0-8989-47b4-8478-0ae7be66df8d,1780921131,404779008.0
memory_working_set,minikube,chaos-daemon-n6ghj,chaos-testing,/kubepods/besteffort/poda051be83-a7cd-43e4-83d3-76f3c90e8474,1780921131,19197952.0
memory_working_set,minikube,monitoring-kube-prometheus-operator-556b56cc6d-n6dg9,monitoring,/kubepods/besteffort/podc8122519-a592-495f-9353-00a2f23fdf80,1780921131,41168896.0
memory_working_set,minikube,monitoring-prometheus-node-exporter-pdw8p,monitoring,/kubepods/besteffort/podd35abb3b-34f0-40fa-af55-3ab246fc64c8,1780921131,19472384.0
memory_working_set,minikube,kube-scheduler-minikube,kube-system,/kubepods/burstable/pod1c7123a121598343200ffd5b015ca580,1780921131,40722432.0
memory_working_set,minikube,shippingservice-55656785c7-lk4mx,boutique,/kubepods/burstable/pod1df51271-c9ea-47fa-8fb2-cf15bbc7c216,1780921131,15151104.0
memory_working_set,minikube,chaos-controller-manager-659785674d-29q42,chaos-testing,/kubepods/burstable/pod21ab858c-cee8-438c-8682-c786dc3dc044,1780921131,29577216.0
memory_working_set,minikube,chaos-controller-manager-659785674d-fjb2r,chaos-testing,/kubepods/burstable/pod2569141a-4d05-422e-bcf2-2f01e2f5056d,1780921131,36515840.0
memory_working_set,minikube,coredns-7d764666f9-hxxb8,kube-system,/kubepods/burstable/pod596c18fb-891c-4e87-9b11-83d99dd6d264,1780921131,37978112.0
memory_working_set,minikube,recommendationservice-6f8f67d69-fhrns,boutique,/kubepods/burstable/pod5ded7b1a-44d9-4178-8596-57a9e25f6171,1780921131,57827328.0
memory_working_set,minikube,etcd-minikube,kube-system,/kubepods/burstable/pod5ff8e3b06bbaa8cb7ebc2bf531e48a2f,1780921131,89034752.0
memory_working_set,minikube,emailservice-7466dc585-sv4wh,boutique,/kubepods/burstable/pod6116940a-da83-4761-97dc-892a207b789e,1780921131,53194752.0
memory_working_set,minikube,cartservice-546c548494-cb4lb,boutique,/kubepods/burstable/pod6ec732c5-cf34-4e25-a3ce-ff4b44ce8d19,1780921131,71630848.0
memory_working_set,minikube,kube-controller-manager-minikube,kube-system,/kubepods/burstable/pod740363cf4388c2d0df59fc97f96b889c,1780921131,96038912.0
memory_working_set,minikube,chaos-dashboard-5b77585c6c-zm7f4,chaos-testing,/kubepods/burstable/pod7d3e8284-7c72-4577-a8fb-79d957f69104,1780921131,48250880.0
memory_working_set,minikube,chaos-dns-server-6bccb5bb76-gscmn,chaos-testing,/kubepods/burstable/pod8a82a436-ef3f-4750-8f39-dbfde680d0b8,1780921131,28041216.0
memory_working_set,minikube,coredns-7d764666f9-gmlgd,kube-system,/kubepods/burstable/pod9289fad3-6e91-4617-b97d-6da4631c2f35,1780921131,30928896.0
memory_working_set,minikube,adservice-8576649cff-5bvst,boutique,/kubepods/burstable/pod9d685cd3-17df-43af-a26e-7743c006902d,1780921131,112447488.0
memory_working_set,minikube,kube-apiserver-minikube,kube-system,/kubepods/burstable/poda6dc00f40d27725f15407f95751ce5f7,1780921131,598519808.0
memory_working_set,minikube,alertmanager-monitoring-kube-prometheus-alertmanager-0,monitoring,/kubepods/burstable/podb5fde93f-2f9a-427f-aa16-8a257f179975,1780921131,53018624.0
memory_working_set,minikube,currencyservice-fd8f5dfb7-js8gr,boutique,/kubepods/burstable/podc827ec2d-8a9d-4e1c-8017-62c3901eccb4,1780921131,114946048.0
memory_working_set,minikube,redis-cart-6899b65948-ms767,boutique,/kubepods/burstable/podd425db0f-53f9-4bec-9ee1-49e4ced03bb6,1780921131,13819904.0
memory_working_set,minikube,chaos-controller-manager-659785674d-wbwg8,chaos-testing,/kubepods/burstable/podd7abbfc2-2af5-4b28-b438-3ebef4bafcce,1780921131,27746304.0
memory_working_set,minikube,paymentservice-6b76dfb449-n8mm2,boutique,/kubepods/burstable/podd9986049-5066-4a99-a156-0bc7b2391961,1780921131,84885504.0
memory_working_set,minikube,checkoutservice-75b9cd684f-vzdsz,boutique,/kubepods/burstable/pod5827d8c7-6a98-4352-9825-164648474ddc,1780921131,17649664.0
memory_working_set,minikube,frontend-694b9f76cd-z2pk6,boutique,/kubepods/burstable/podcf6049c2-3667-4622-87ba-b06efa553d48,1780921131,23511040.0
memory_working_set,minikube,productcatalogservice-fb49fc9cc-wptz6,boutique,/kubepods/burstable/pode9d4586d-6739-497d-ae8d-4fd70972eea8,1780921131,18579456.0
memory_working_set,minikube,loadgenerator-7694cd65db-bdz8c,boutique,/kubepods/burstable/pod38d6ef8e-d456-4bd4-95a0-ea6760631a9d,1780921131,77725696.0
