metric,node,pod,namespace,container,timestamp,value
cpu_rate,minikube,kube-proxy-fshvh,kube-system,/kubepods/besteffort/pod2f4efb93-ee48-4c37-b1e1-6f2e54a917c7,1780916294,0.0005261104500321944
cpu_rate,minikube,monitoring-kube-state-metrics-868694bc4b-689cm,monitoring,/kubepods/besteffort/pod59c52cc8-67e3-4946-aac6-7ff0ef74285f,1780916294,0.0009260717863681833
cpu_rate,minikube,prometheus-monitoring-kube-prometheus-prometheus-0,monitoring,/kubepods/besteffort/pod6bff50b8-f988-4ff2-a8c1-8f95f2c25189,1780916294,0.015291571569954266
cpu_rate,minikube,storage-provisioner,kube-system,/kubepods/besteffort/pod9bffcac8-a0cd-49a4-ad59-cdbf60a579cb,1780916294,0.0020621381239602863
cpu_rate,minikube,monitoring-grafana-6f66955c48-hlrcn,monitoring,/kubepods/besteffort/pod9d3fe3f0-8989-47b4-8478-0ae7be66df8d,1780916294,0.01283060473803606
cpu_rate,minikube,chaos-daemon-n6ghj,chaos-testing,/kubepods/besteffort/poda051be83-a7cd-43e4-83d3-76f3c90e8474,1780916294,2.34165372122583e-05
cpu_rate,minikube,monitoring-kube-prometheus-operator-556b56cc6d-n6dg9,monitoring,/kubepods/besteffort/podc8122519-a592-495f-9353-00a2f23fdf80,1780916294,0.0034902660638589118
cpu_rate,minikube,monitoring-prometheus-node-exporter-pdw8p,monitoring,/kubepods/besteffort/podd35abb3b-34f0-40fa-af55-3ab246fc64c8,1780916294,0.001266037482925808
cpu_rate,minikube,kube-scheduler-minikube,kube-system,/kubepods/burstable/pod1c7123a121598343200ffd5b015ca580,1780916294,0.006238693370939106
cpu_rate,minikube,shippingservice-55656785c7-lk4mx,boutique,/kubepods/burstable/pod1df51271-c9ea-47fa-8fb2-cf15bbc7c216,1780916294,0.0013593178830605358
cpu_rate,minikube,chaos-controller-manager-659785674d-29q42,chaos-testing,/kubepods/burstable/pod21ab858c-cee8-438c-8682-c786dc3dc044,1780916294,0.00048805703752108375
cpu_rate,minikube,chaos-controller-manager-659785674d-fjb2r,chaos-testing,/kubepods/burstable/pod2569141a-4d05-422e-bcf2-2f01e2f5056d,1780916294,0.007516633898503145
cpu_rate,minikube,coredns-7d764666f9-hxxb8,kube-system,/kubepods/burstable/pod596c18fb-891c-4e87-9b11-83d99dd6d264,1780916294,0.002815457536059783
cpu_rate,minikube,recommendationservice-6f8f67d69-fhrns,boutique,/kubepods/burstable/pod5ded7b1a-44d9-4178-8596-57a9e25f6171,1780916294,0.008053547876549785
cpu_rate,minikube,etcd-minikube,kube-system,/kubepods/burstable/pod5ff8e3b06bbaa8cb7ebc2bf531e48a2f,1780916294,0.034719698179870036
cpu_rate,minikube,emailservice-7466dc585-sv4wh,boutique,/kubepods/burstable/pod6116940a-da83-4761-97dc-892a207b789e,1780916294,0.0018961852556214531
cpu_rate,minikube,cartservice-546c548494-cb4lb,boutique,/kubepods/burstable/pod6ec732c5-cf34-4e25-a3ce-ff4b44ce8d19,1780916294,0.005667783212291814
cpu_rate,minikube,kube-controller-manager-minikube,kube-system,/kubepods/burstable/pod740363cf4388c2d0df59fc97f96b889c,1780916294,0.017208452453609933
cpu_rate,minikube,chaos-dashboard-5b77585c6c-zm7f4,chaos-testing,/kubepods/burstable/pod7d3e8284-7c72-4577-a8fb-79d957f69104,1780916294,0.0030754224565323622
cpu_rate,minikube,chaos-dns-server-6bccb5bb76-gscmn,chaos-testing,/kubepods/burstable/pod8a82a436-ef3f-4750-8f39-dbfde680d0b8,1780916294,0.0024847376348590567
cpu_rate,minikube,coredns-7d764666f9-gmlgd,kube-system,/kubepods/burstable/pod9289fad3-6e91-4617-b97d-6da4631c2f35,1780916294,0.002349738179639744
cpu_rate,minikube,adservice-8576649cff-5bvst,boutique,/kubepods/burstable/pod9d685cd3-17df-43af-a26e-7743c006902d,1780916294,0.0018699578395624172
cpu_rate,minikube,kube-apiserver-minikube,kube-system,/kubepods/burstable/poda6dc00f40d27725f15407f95751ce5f7,1780916294,0.061114994408510724
cpu_rate,minikube,alertmanager-monitoring-kube-prometheus-alertmanager-0,monitoring,/kubepods/burstable/podb5fde93f-2f9a-427f-aa16-8a257f179975,1780916294,0.0007402995076459285
cpu_rate,minikube,currencyservice-fd8f5dfb7-js8gr,boutique,/kubepods/burstable/podc827ec2d-8a9d-4e1c-8017-62c3901eccb4,1780916294,0.009073588527142995
cpu_rate,minikube,redis-cart-6899b65948-ms767,boutique,/kubepods/burstable/podd425db0f-53f9-4bec-9ee1-49e4ced03bb6,1780916294,0.0023010665832263765
cpu_rate,minikube,chaos-controller-manager-659785674d-wbwg8,chaos-testing,/kubepods/burstable/podd7abbfc2-2af5-4b28-b438-3ebef4bafcce,1780916294,0.0004074714700385775
cpu_rate,minikube,paymentservice-6b76dfb449-n8mm2,boutique,/kubepods/burstable/podd9986049-5066-4a99-a156-0bc7b2391961,1780916294,0.0007133377331368845
cpu_rate,minikube,checkoutservice-75b9cd684f-vzdsz,boutique,/kubepods/burstable/pod5827d8c7-6a98-4352-9825-164648474ddc,1780916294,0.001113389202524285
cpu_rate,minikube,frontend-694b9f76cd-z2pk6,boutique,/kubepods/burstable/podcf6049c2-3667-4622-87ba-b06efa553d48,1780916294,0.016592760269104372
cpu_rate,minikube,productcatalogservice-fb49fc9cc-wptz6,boutique,/kubepods/burstable/pode9d4586d-6739-497d-ae8d-4fd70972eea8,1780916294,0.008139374434077275
cpu_rate,minikube,loadgenerator-7694cd65db-bdz8c,boutique,/kubepods/burstable/pod38d6ef8e-d456-4bd4-95a0-ea6760631a9d,1780916294,0.003942903029866145
memory_working_set,minikube,kube-proxy-fshvh,kube-system,/kubepods/besteffort/pod2f4efb93-ee48-4c37-b1e1-6f2e54a917c7,1780916294,39485440.0
memory_working_set,minikube,monitoring-kube-state-metrics-868694bc4b-689cm,monitoring,/kubepods/besteffort/pod59c52cc8-67e3-4946-aac6-7ff0ef74285f,1780916294,38977536.0
memory_working_set,minikube,prometheus-monitoring-kube-prometheus-prometheus-0,monitoring,/kubepods/besteffort/pod6bff50b8-f988-4ff2-a8c1-8f95f2c25189,1780916294,325529600.0
memory_working_set,minikube,storage-provisioner,kube-system,/kubepods/besteffort/pod9bffcac8-a0cd-49a4-ad59-cdbf60a579cb,1780916294,20930560.0
memory_working_set,minikube,monitoring-grafana-6f66955c48-hlrcn,monitoring,/kubepods/besteffort/pod9d3fe3f0-8989-47b4-8478-0ae7be66df8d,1780916294,407580672.0
memory_working_set,minikube,chaos-daemon-n6ghj,chaos-testing,/kubepods/besteffort/poda051be83-a7cd-43e4-83d3-76f3c90e8474,1780916294,19628032.0
memory_working_set,minikube,monitoring-kube-prometheus-operator-556b56cc6d-n6dg9,monitoring,/kubepods/besteffort/podc8122519-a592-495f-9353-00a2f23fdf80,1780916294,41107456.0
memory_working_set,minikube,monitoring-prometheus-node-exporter-pdw8p,monitoring,/kubepods/besteffort/podd35abb3b-34f0-40fa-af55-3ab246fc64c8,1780916294,20684800.0
memory_working_set,minikube,kube-scheduler-minikube,kube-system,/kubepods/burstable/pod1c7123a121598343200ffd5b015ca580,1780916294,41500672.0
memory_working_set,minikube,shippingservice-55656785c7-lk4mx,boutique,/kubepods/burstable/pod1df51271-c9ea-47fa-8fb2-cf15bbc7c216,1780916294,14860288.0
memory_working_set,minikube,chaos-controller-manager-659785674d-29q42,chaos-testing,/kubepods/burstable/pod21ab858c-cee8-438c-8682-c786dc3dc044,1780916294,28176384.0
memory_working_set,minikube,chaos-controller-manager-659785674d-fjb2r,chaos-testing,/kubepods/burstable/pod2569141a-4d05-422e-bcf2-2f01e2f5056d,1780916294,36438016.0
memory_working_set,minikube,coredns-7d764666f9-hxxb8,kube-system,/kubepods/burstable/pod596c18fb-891c-4e87-9b11-83d99dd6d264,1780916294,41308160.0
memory_working_set,minikube,recommendationservice-6f8f67d69-fhrns,boutique,/kubepods/burstable/pod5ded7b1a-44d9-4178-8596-57a9e25f6171,1780916294,58576896.0
memory_working_set,minikube,etcd-minikube,kube-system,/kubepods/burstable/pod5ff8e3b06bbaa8cb7ebc2bf531e48a2f,1780916294,91496448.0
memory_working_set,minikube,emailservice-7466dc585-sv4wh,boutique,/kubepods/burstable/pod6116940a-da83-4761-97dc-892a207b789e,1780916294,53145600.0
memory_working_set,minikube,cartservice-546c548494-cb4lb,boutique,/kubepods/burstable/pod6ec732c5-cf34-4e25-a3ce-ff4b44ce8d19,1780916294,72044544.0
memory_working_set,minikube,kube-controller-manager-minikube,kube-system,/kubepods/burstable/pod740363cf4388c2d0df59fc97f96b889c,1780916294,96325632.0
memory_working_set,minikube,chaos-dashboard-5b77585c6c-zm7f4,chaos-testing,/kubepods/burstable/pod7d3e8284-7c72-4577-a8fb-79d957f69104,1780916294,48754688.0
memory_working_set,minikube,chaos-dns-server-6bccb5bb76-gscmn,chaos-testing,/kubepods/burstable/pod8a82a436-ef3f-4750-8f39-dbfde680d0b8,1780916294,28303360.0
memory_working_set,minikube,coredns-7d764666f9-gmlgd,kube-system,/kubepods/burstable/pod9289fad3-6e91-4617-b97d-6da4631c2f35,1780916294,32129024.0
memory_working_set,minikube,adservice-8576649cff-5bvst,boutique,/kubepods/burstable/pod9d685cd3-17df-43af-a26e-7743c006902d,1780916294,112590848.0
memory_working_set,minikube,kube-apiserver-minikube,kube-system,/kubepods/burstable/poda6dc00f40d27725f15407f95751ce5f7,1780916294,593448960.0
memory_working_set,minikube,alertmanager-monitoring-kube-prometheus-alertmanager-0,monitoring,/kubepods/burstable/podb5fde93f-2f9a-427f-aa16-8a257f179975,1780916294,54722560.0
memory_working_set,minikube,currencyservice-fd8f5dfb7-js8gr,boutique,/kubepods/burstable/podc827ec2d-8a9d-4e1c-8017-62c3901eccb4,1780916294,73650176.0
memory_working_set,minikube,redis-cart-6899b65948-ms767,boutique,/kubepods/burstable/podd425db0f-53f9-4bec-9ee1-49e4ced03bb6,1780916294,13778944.0
memory_working_set,minikube,chaos-controller-manager-659785674d-wbwg8,chaos-testing,/kubepods/burstable/podd7abbfc2-2af5-4b28-b438-3ebef4bafcce,1780916294,27725824.0
memory_working_set,minikube,paymentservice-6b76dfb449-n8mm2,boutique,/kubepods/burstable/podd9986049-5066-4a99-a156-0bc7b2391961,1780916294,46870528.0
memory_working_set,minikube,checkoutservice-75b9cd684f-vzdsz,boutique,/kubepods/burstable/pod5827d8c7-6a98-4352-9825-164648474ddc,1780916294,17473536.0
memory_working_set,minikube,frontend-694b9f76cd-z2pk6,boutique,/kubepods/burstable/podcf6049c2-3667-4622-87ba-b06efa553d48,1780916294,23601152.0
memory_working_set,minikube,productcatalogservice-fb49fc9cc-wptz6,boutique,/kubepods/burstable/pode9d4586d-6739-497d-ae8d-4fd70972eea8,1780916294,18391040.0
memory_working_set,minikube,loadgenerator-7694cd65db-bdz8c,boutique,/kubepods/burstable/pod38d6ef8e-d456-4bd4-95a0-ea6760631a9d,1780916294,75104256.0
cpu_rate,minikube,kube-proxy-fshvh,kube-system,/kubepods/besteffort/pod2f4efb93-ee48-4c37-b1e1-6f2e54a917c7,1780916323,0.0007168110490520078
cpu_rate,minikube,monitoring-kube-state-metrics-868694bc4b-689cm,monitoring,/kubepods/besteffort/pod59c52cc8-67e3-4946-aac6-7ff0ef74285f,1780916323,0.0009276328728634963
cpu_rate,minikube,prometheus-monitoring-kube-prometheus-prometheus-0,monitoring,/kubepods/besteffort/pod6bff50b8-f988-4ff2-a8c1-8f95f2c25189,1780916323,0.015147014526069485
cpu_rate,minikube,storage-provisioner,kube-system,/kubepods/besteffort/pod9bffcac8-a0cd-49a4-ad59-cdbf60a579cb,1780916323,0.001865905115675214
cpu_rate,minikube,monitoring-grafana-6f66955c48-hlrcn,monitoring,/kubepods/besteffort/pod9d3fe3f0-8989-47b4-8478-0ae7be66df8d,1780916323,0.013522496682657797
cpu_rate,minikube,chaos-daemon-n6ghj,chaos-testing,/kubepods/besteffort/poda051be83-a7cd-43e4-83d3-76f3c90e8474,1780916323,3.307949663195594e-05
cpu_rate,minikube,monitoring-kube-prometheus-operator-556b56cc6d-n6dg9,monitoring,/kubepods/besteffort/podc8122519-a592-495f-9353-00a2f23fdf80,1780916323,0.003457889179635482
cpu_rate,minikube,monitoring-prometheus-node-exporter-pdw8p,monitoring,/kubepods/besteffort/podd35abb3b-34f0-40fa-af55-3ab246fc64c8,1780916323,0.0014638420992823488
cpu_rate,minikube,kube-scheduler-minikube,kube-system,/kubepods/burstable/pod1c7123a121598343200ffd5b015ca580,1780916323,0.006852473301315204
cpu_rate,minikube,shippingservice-55656785c7-lk4mx,boutique,/kubepods/burstable/pod1df51271-c9ea-47fa-8fb2-cf15bbc7c216,1780916323,0.0011879381542302839
cpu_rate,minikube,chaos-controller-manager-659785674d-29q42,chaos-testing,/kubepods/burstable/pod21ab858c-cee8-438c-8682-c786dc3dc044,1780916323,0.000402876872366164
cpu_rate,minikube,chaos-controller-manager-659785674d-fjb2r,chaos-testing,/kubepods/burstable/pod2569141a-4d05-422e-bcf2-2f01e2f5056d,1780916323,0.00735329746124258
cpu_rate,minikube,coredns-7d764666f9-hxxb8,kube-system,/kubepods/burstable/pod596c18fb-891c-4e87-9b11-83d99dd6d264,1780916323,0.002741797992260684
cpu_rate,minikube,recommendationservice-6f8f67d69-fhrns,boutique,/kubepods/burstable/pod5ded7b1a-44d9-4178-8596-57a9e25f6171,1780916323,0.0070309006961653
cpu_rate,minikube,etcd-minikube,kube-system,/kubepods/burstable/pod5ff8e3b06bbaa8cb7ebc2bf531e48a2f,1780916323,0.034485530937080365
cpu_rate,minikube,emailservice-7466dc585-sv4wh,boutique,/kubepods/burstable/pod6116940a-da83-4761-97dc-892a207b789e,1780916323,0.0019011820602716182
cpu_rate,minikube,cartservice-546c548494-cb4lb,boutique,/kubepods/burstable/pod6ec732c5-cf34-4e25-a3ce-ff4b44ce8d19,1780916323,0.005311586625519654
cpu_rate,minikube,kube-controller-manager-minikube,kube-system,/kubepods/burstable/pod740363cf4388c2d0df59fc97f96b889c,1780916323,0.017101167593470346
cpu_rate,minikube,chaos-dashboard-5b77585c6c-zm7f4,chaos-testing,/kubepods/burstable/pod7d3e8284-7c72-4577-a8fb-79d957f69104,1780916323,0.0030938713561362843
cpu_rate,minikube,chaos-dns-server-6bccb5bb76-gscmn,chaos-testing,/kubepods/burstable/pod8a82a436-ef3f-4750-8f39-dbfde680d0b8,1780916323,0.0027698395797841843
cpu_rate,minikube,coredns-7d764666f9-gmlgd,kube-system,/kubepods/burstable/pod9289fad3-6e91-4617-b97d-6da4631c2f35,1780916323,0.002921520520975356
cpu_rate,minikube,adservice-8576649cff-5bvst,boutique,/kubepods/burstable/pod9d685cd3-17df-43af-a26e-7743c006902d,1780916323,0.0019424114021571882
cpu_rate,minikube,kube-apiserver-minikube,kube-system,/kubepods/burstable/poda6dc00f40d27725f15407f95751ce5f7,1780916323,0.07026467489821436
cpu_rate,minikube,alertmanager-monitoring-kube-prometheus-alertmanager-0,monitoring,/kubepods/burstable/podb5fde93f-2f9a-427f-aa16-8a257f179975,1780916323,0.0007689128867945867
cpu_rate,minikube,currencyservice-fd8f5dfb7-js8gr,boutique,/kubepods/burstable/podc827ec2d-8a9d-4e1c-8017-62c3901eccb4,1780916323,0.008917572881856578
cpu_rate,minikube,redis-cart-6899b65948-ms767,boutique,/kubepods/burstable/podd425db0f-53f9-4bec-9ee1-49e4ced03bb6,1780916323,0.0024511206578154638
cpu_rate,minikube,chaos-controller-manager-659785674d-wbwg8,chaos-testing,/kubepods/burstable/podd7abbfc2-2af5-4b28-b438-3ebef4bafcce,1780916323,0.0003401200356086485
cpu_rate,minikube,paymentservice-6b76dfb449-n8mm2,boutique,/kubepods/burstable/podd9986049-5066-4a99-a156-0bc7b2391961,1780916323,0.0005932296137338499
cpu_rate,minikube,checkoutservice-75b9cd684f-vzdsz,boutique,/kubepods/burstable/pod5827d8c7-6a98-4352-9825-164648474ddc,1780916323,0.0011841080424452386
cpu_rate,minikube,frontend-694b9f76cd-z2pk6,boutique,/kubepods/burstable/podcf6049c2-3667-4622-87ba-b06efa553d48,1780916323,0.01493328113485614
cpu_rate,minikube,productcatalogservice-fb49fc9cc-wptz6,boutique,/kubepods/burstable/pode9d4586d-6739-497d-ae8d-4fd70972eea8,1780916323,0.007445205097718472
cpu_rate,minikube,loadgenerator-7694cd65db-bdz8c,boutique,/kubepods/burstable/pod38d6ef8e-d456-4bd4-95a0-ea6760631a9d,1780916323,0.0036680952468919536
memory_working_set,minikube,kube-proxy-fshvh,kube-system,/kubepods/besteffort/pod2f4efb93-ee48-4c37-b1e1-6f2e54a917c7,1780916323,38158336.0
memory_working_set,minikube,monitoring-kube-state-metrics-868694bc4b-689cm,monitoring,/kubepods/besteffort/pod59c52cc8-67e3-4946-aac6-7ff0ef74285f,1780916323,38981632.0
memory_working_set,minikube,prometheus-monitoring-kube-prometheus-prometheus-0,monitoring,/kubepods/besteffort/pod6bff50b8-f988-4ff2-a8c1-8f95f2c25189,1780916323,326418432.0
memory_working_set,minikube,storage-provisioner,kube-system,/kubepods/besteffort/pod9bffcac8-a0cd-49a4-ad59-cdbf60a579cb,1780916323,21061632.0
memory_working_set,minikube,monitoring-grafana-6f66955c48-hlrcn,monitoring,/kubepods/besteffort/pod9d3fe3f0-8989-47b4-8478-0ae7be66df8d,1780916323,407556096.0
memory_working_set,minikube,chaos-daemon-n6ghj,chaos-testing,/kubepods/besteffort/poda051be83-a7cd-43e4-83d3-76f3c90e8474,1780916323,19628032.0
memory_working_set,minikube,monitoring-kube-prometheus-operator-556b56cc6d-n6dg9,monitoring,/kubepods/besteffort/podc8122519-a592-495f-9353-00a2f23fdf80,1780916323,41111552.0
memory_working_set,minikube,monitoring-prometheus-node-exporter-pdw8p,monitoring,/kubepods/besteffort/podd35abb3b-34f0-40fa-af55-3ab246fc64c8,1780916323,19480576.0
memory_working_set,minikube,kube-scheduler-minikube,kube-system,/kubepods/burstable/pod1c7123a121598343200ffd5b015ca580,1780916323,41238528.0
memory_working_set,minikube,shippingservice-55656785c7-lk4mx,boutique,/kubepods/burstable/pod1df51271-c9ea-47fa-8fb2-cf15bbc7c216,1780916323,14856192.0
memory_working_set,minikube,chaos-controller-manager-659785674d-29q42,chaos-testing,/kubepods/burstable/pod21ab858c-cee8-438c-8682-c786dc3dc044,1780916323,28176384.0
memory_working_set,minikube,chaos-controller-manager-659785674d-fjb2r,chaos-testing,/kubepods/burstable/pod2569141a-4d05-422e-bcf2-2f01e2f5056d,1780916323,36442112.0
memory_working_set,minikube,coredns-7d764666f9-hxxb8,kube-system,/kubepods/burstable/pod596c18fb-891c-4e87-9b11-83d99dd6d264,1780916323,41304064.0
memory_working_set,minikube,recommendationservice-6f8f67d69-fhrns,boutique,/kubepods/burstable/pod5ded7b1a-44d9-4178-8596-57a9e25f6171,1780916323,58048512.0
memory_working_set,minikube,etcd-minikube,kube-system,/kubepods/burstable/pod5ff8e3b06bbaa8cb7ebc2bf531e48a2f,1780916323,91508736.0
memory_working_set,minikube,emailservice-7466dc585-sv4wh,boutique,/kubepods/burstable/pod6116940a-da83-4761-97dc-892a207b789e,1780916323,53137408.0
memory_working_set,minikube,cartservice-546c548494-cb4lb,boutique,/kubepods/burstable/pod6ec732c5-cf34-4e25-a3ce-ff4b44ce8d19,1780916323,72060928.0
memory_working_set,minikube,kube-controller-manager-minikube,kube-system,/kubepods/burstable/pod740363cf4388c2d0df59fc97f96b889c,1780916323,96325632.0
memory_working_set,minikube,chaos-dashboard-5b77585c6c-zm7f4,chaos-testing,/kubepods/burstable/pod7d3e8284-7c72-4577-a8fb-79d957f69104,1780916323,48754688.0
memory_working_set,minikube,chaos-dns-server-6bccb5bb76-gscmn,chaos-testing,/kubepods/burstable/pod8a82a436-ef3f-4750-8f39-dbfde680d0b8,1780916323,28348416.0
memory_working_set,minikube,coredns-7d764666f9-gmlgd,kube-system,/kubepods/burstable/pod9289fad3-6e91-4617-b97d-6da4631c2f35,1780916323,30523392.0
memory_working_set,minikube,adservice-8576649cff-5bvst,boutique,/kubepods/burstable/pod9d685cd3-17df-43af-a26e-7743c006902d,1780916323,112717824.0
memory_working_set,minikube,kube-apiserver-minikube,kube-system,/kubepods/burstable/poda6dc00f40d27725f15407f95751ce5f7,1780916323,594767872.0
memory_working_set,minikube,alertmanager-monitoring-kube-prometheus-alertmanager-0,monitoring,/kubepods/burstable/podb5fde93f-2f9a-427f-aa16-8a257f179975,1780916323,54865920.0
memory_working_set,minikube,currencyservice-fd8f5dfb7-js8gr,boutique,/kubepods/burstable/podc827ec2d-8a9d-4e1c-8017-62c3901eccb4,1780916323,74280960.0
memory_working_set,minikube,redis-cart-6899b65948-ms767,boutique,/kubepods/burstable/podd425db0f-53f9-4bec-9ee1-49e4ced03bb6,1780916323,13787136.0
memory_working_set,minikube,chaos-controller-manager-659785674d-wbwg8,chaos-testing,/kubepods/burstable/podd7abbfc2-2af5-4b28-b438-3ebef4bafcce,1780916323,27725824.0
memory_working_set,minikube,paymentservice-6b76dfb449-n8mm2,boutique,/kubepods/burstable/podd9986049-5066-4a99-a156-0bc7b2391961,1780916323,47022080.0
memory_working_set,minikube,checkoutservice-75b9cd684f-vzdsz,boutique,/kubepods/burstable/pod5827d8c7-6a98-4352-9825-164648474ddc,1780916323,17457152.0
memory_working_set,minikube,frontend-694b9f76cd-z2pk6,boutique,/kubepods/burstable/podcf6049c2-3667-4622-87ba-b06efa553d48,1780916323,23339008.0
memory_working_set,minikube,productcatalogservice-fb49fc9cc-wptz6,boutique,/kubepods/burstable/pode9d4586d-6739-497d-ae8d-4fd70972eea8,1780916323,18579456.0
memory_working_set,minikube,loadgenerator-7694cd65db-bdz8c,boutique,/kubepods/burstable/pod38d6ef8e-d456-4bd4-95a0-ea6760631a9d,1780916323,75112448.0
cpu_rate,minikube,kube-proxy-fshvh,kube-system,/kubepods/besteffort/pod2f4efb93-ee48-4c37-b1e1-6f2e54a917c7,1780916352,0.0008061143345212512
cpu_rate,minikube,monitoring-kube-state-metrics-868694bc4b-689cm,monitoring,/kubepods/besteffort/pod59c52cc8-67e3-4946-aac6-7ff0ef74285f,1780916352,0.0009098442679800582
cpu_rate,minikube,prometheus-monitoring-kube-prometheus-prometheus-0,monitoring,/kubepods/besteffort/pod6bff50b8-f988-4ff2-a8c1-8f95f2c25189,1780916352,0.016688239133013972
cpu_rate,minikube,storage-provisioner,kube-system,/kubepods/besteffort/pod9bffcac8-a0cd-49a4-ad59-cdbf60a579cb,1780916352,0.002100492933338514
cpu_rate,minikube,monitoring-grafana-6f66955c48-hlrcn,monitoring,/kubepods/besteffort/pod9d3fe3f0-8989-47b4-8478-0ae7be66df8d,1780916352,0.01315243375443607
cpu_rate,minikube,chaos-daemon-n6ghj,chaos-testing,/kubepods/besteffort/poda051be83-a7cd-43e4-83d3-76f3c90e8474,1780916352,3.484603683022133e-05
cpu_rate,minikube,monitoring-kube-prometheus-operator-556b56cc6d-n6dg9,monitoring,/kubepods/besteffort/podc8122519-a592-495f-9353-00a2f23fdf80,1780916352,0.003338117085007989
cpu_rate,minikube,monitoring-prometheus-node-exporter-pdw8p,monitoring,/kubepods/besteffort/podd35abb3b-34f0-40fa-af55-3ab246fc64c8,1780916352,0.0012858025441581113
cpu_rate,minikube,kube-scheduler-minikube,kube-system,/kubepods/burstable/pod1c7123a121598343200ffd5b015ca580,1780916352,0.006597472171126212
cpu_rate,minikube,shippingservice-55656785c7-lk4mx,boutique,/kubepods/burstable/pod1df51271-c9ea-47fa-8fb2-cf15bbc7c216,1780916352,0.0012984704879394082
cpu_rate,minikube,chaos-controller-manager-659785674d-29q42,chaos-testing,/kubepods/burstable/pod21ab858c-cee8-438c-8682-c786dc3dc044,1780916352,0.0004313958483770972
cpu_rate,minikube,chaos-controller-manager-659785674d-fjb2r,chaos-testing,/kubepods/burstable/pod2569141a-4d05-422e-bcf2-2f01e2f5056d,1780916352,0.0074793371541098655
cpu_rate,minikube,coredns-7d764666f9-hxxb8,kube-system,/kubepods/burstable/pod596c18fb-891c-4e87-9b11-83d99dd6d264,1780916352,0.0027595508598204817
cpu_rate,minikube,recommendationservice-6f8f67d69-fhrns,boutique,/kubepods/burstable/pod5ded7b1a-44d9-4178-8596-57a9e25f6171,1780916352,0.007447065235058496
cpu_rate,minikube,etcd-minikube,kube-system,/kubepods/burstable/pod5ff8e3b06bbaa8cb7ebc2bf531e48a2f,1780916352,0.03432678486312706
cpu_rate,minikube,emailservice-7466dc585-sv4wh,boutique,/kubepods/burstable/pod6116940a-da83-4761-97dc-892a207b789e,1780916352,0.001963212714931743
cpu_rate,minikube,cartservice-546c548494-cb4lb,boutique,/kubepods/burstable/pod6ec732c5-cf34-4e25-a3ce-ff4b44ce8d19,1780916352,0.005286488259830269
cpu_rate,minikube,kube-controller-manager-minikube,kube-system,/kubepods/burstable/pod740363cf4388c2d0df59fc97f96b889c,1780916352,0.015830842090193472
cpu_rate,minikube,chaos-dashboard-5b77585c6c-zm7f4,chaos-testing,/kubepods/burstable/pod7d3e8284-7c72-4577-a8fb-79d957f69104,1780916352,0.003091891512578577
cpu_rate,minikube,chaos-dns-server-6bccb5bb76-gscmn,chaos-testing,/kubepods/burstable/pod8a82a436-ef3f-4750-8f39-dbfde680d0b8,1780916352,0.002933650969730648
cpu_rate,minikube,coredns-7d764666f9-gmlgd,kube-system,/kubepods/burstable/pod9289fad3-6e91-4617-b97d-6da4631c2f35,1780916352,0.002909793411268994
cpu_rate,minikube,adservice-8576649cff-5bvst,boutique,/kubepods/burstable/pod9d685cd3-17df-43af-a26e-7743c006902d,1780916352,0.002029411764705872
cpu_rate,minikube,kube-apiserver-minikube,kube-system,/kubepods/burstable/poda6dc00f40d27725f15407f95751ce5f7,1780916352,0.06422528152456541
cpu_rate,minikube,alertmanager-monitoring-kube-prometheus-alertmanager-0,monitoring,/kubepods/burstable/podb5fde93f-2f9a-427f-aa16-8a257f179975,1780916352,0.0008257635165207749
cpu_rate,minikube,currencyservice-fd8f5dfb7-js8gr,boutique,/kubepods/burstable/podc827ec2d-8a9d-4e1c-8017-62c3901eccb4,1780916352,0.008613017108717333
cpu_rate,minikube,redis-cart-6899b65948-ms767,boutique,/kubepods/burstable/podd425db0f-53f9-4bec-9ee1-49e4ced03bb6,1780916352,0.0024628032138199014
cpu_rate,minikube,chaos-controller-manager-659785674d-wbwg8,chaos-testing,/kubepods/burstable/podd7abbfc2-2af5-4b28-b438-3ebef4bafcce,1780916352,0.0003797008443487662
cpu_rate,minikube,paymentservice-6b76dfb449-n8mm2,boutique,/kubepods/burstable/podd9986049-5066-4a99-a156-0bc7b2391961,1780916352,0.0006043158151643548
cpu_rate,minikube,checkoutservice-75b9cd684f-vzdsz,boutique,/kubepods/burstable/pod5827d8c7-6a98-4352-9825-164648474ddc,1780916352,0.0011684102134174254
cpu_rate,minikube,frontend-694b9f76cd-z2pk6,boutique,/kubepods/burstable/podcf6049c2-3667-4622-87ba-b06efa553d48,1780916352,0.016347879230137658
cpu_rate,minikube,productcatalogservice-fb49fc9cc-wptz6,boutique,/kubepods/burstable/pode9d4586d-6739-497d-ae8d-4fd70972eea8,1780916352,0.007663054392512914
cpu_rate,minikube,loadgenerator-7694cd65db-bdz8c,boutique,/kubepods/burstable/pod38d6ef8e-d456-4bd4-95a0-ea6760631a9d,1780916352,0.0036680079081632794
memory_working_set,minikube,kube-proxy-fshvh,kube-system,/kubepods/besteffort/pod2f4efb93-ee48-4c37-b1e1-6f2e54a917c7,1780916352,38821888.0
memory_working_set,minikube,monitoring-kube-state-metrics-868694bc4b-689cm,monitoring,/kubepods/besteffort/pod59c52cc8-67e3-4946-aac6-7ff0ef74285f,1780916352,38985728.0
memory_working_set,minikube,prometheus-monitoring-kube-prometheus-prometheus-0,monitoring,/kubepods/besteffort/pod6bff50b8-f988-4ff2-a8c1-8f95f2c25189,1780916352,326332416.0
memory_working_set,minikube,storage-provisioner,kube-system,/kubepods/besteffort/pod9bffcac8-a0cd-49a4-ad59-cdbf60a579cb,1780916352,20881408.0
memory_working_set,minikube,monitoring-grafana-6f66955c48-hlrcn,monitoring,/kubepods/besteffort/pod9d3fe3f0-8989-47b4-8478-0ae7be66df8d,1780916352,407552000.0
memory_working_set,minikube,chaos-daemon-n6ghj,chaos-testing,/kubepods/besteffort/poda051be83-a7cd-43e4-83d3-76f3c90e8474,1780916352,19628032.0
memory_working_set,minikube,monitoring-kube-prometheus-operator-556b56cc6d-n6dg9,monitoring,/kubepods/besteffort/podc8122519-a592-495f-9353-00a2f23fdf80,1780916352,41111552.0
memory_working_set,minikube,monitoring-prometheus-node-exporter-pdw8p,monitoring,/kubepods/besteffort/podd35abb3b-34f0-40fa-af55-3ab246fc64c8,1780916352,20758528.0
memory_working_set,minikube,kube-scheduler-minikube,kube-system,/kubepods/burstable/pod1c7123a121598343200ffd5b015ca580,1780916352,41238528.0
memory_working_set,minikube,shippingservice-55656785c7-lk4mx,boutique,/kubepods/burstable/pod1df51271-c9ea-47fa-8fb2-cf15bbc7c216,1780916352,14880768.0
memory_working_set,minikube,chaos-controller-manager-659785674d-29q42,chaos-testing,/kubepods/burstable/pod21ab858c-cee8-438c-8682-c786dc3dc044,1780916352,28176384.0
memory_working_set,minikube,chaos-controller-manager-659785674d-fjb2r,chaos-testing,/kubepods/burstable/pod2569141a-4d05-422e-bcf2-2f01e2f5056d,1780916352,36700160.0
memory_working_set,minikube,coredns-7d764666f9-hxxb8,kube-system,/kubepods/burstable/pod596c18fb-891c-4e87-9b11-83d99dd6d264,1780916352,41295872.0
memory_working_set,minikube,recommendationservice-6f8f67d69-fhrns,boutique,/kubepods/burstable/pod5ded7b1a-44d9-4178-8596-57a9e25f6171,1780916352,58048512.0
memory_working_set,minikube,etcd-minikube,kube-system,/kubepods/burstable/pod5ff8e3b06bbaa8cb7ebc2bf531e48a2f,1780916352,91234304.0
memory_working_set,minikube,emailservice-7466dc585-sv4wh,boutique,/kubepods/burstable/pod6116940a-da83-4761-97dc-892a207b789e,1780916352,53137408.0
memory_working_set,minikube,cartservice-546c548494-cb4lb,boutique,/kubepods/burstable/pod6ec732c5-cf34-4e25-a3ce-ff4b44ce8d19,1780916352,72253440.0
memory_working_set,minikube,kube-controller-manager-minikube,kube-system,/kubepods/burstable/pod740363cf4388c2d0df59fc97f96b889c,1780916352,96329728.0
memory_working_set,minikube,chaos-dashboard-5b77585c6c-zm7f4,chaos-testing,/kubepods/burstable/pod7d3e8284-7c72-4577-a8fb-79d957f69104,1780916352,48754688.0
memory_working_set,minikube,chaos-dns-server-6bccb5bb76-gscmn,chaos-testing,/kubepods/burstable/pod8a82a436-ef3f-4750-8f39-dbfde680d0b8,1780916352,28442624.0
memory_working_set,minikube,coredns-7d764666f9-gmlgd,kube-system,/kubepods/burstable/pod9289fad3-6e91-4617-b97d-6da4631c2f35,1780916352,30515200.0
memory_working_set,minikube,adservice-8576649cff-5bvst,boutique,/kubepods/burstable/pod9d685cd3-17df-43af-a26e-7743c006902d,1780916352,113238016.0
memory_working_set,minikube,kube-apiserver-minikube,kube-system,/kubepods/burstable/poda6dc00f40d27725f15407f95751ce5f7,1780916352,594759680.0
memory_working_set,minikube,alertmanager-monitoring-kube-prometheus-alertmanager-0,monitoring,/kubepods/burstable/podb5fde93f-2f9a-427f-aa16-8a257f179975,1780916352,55533568.0
memory_working_set,minikube,currencyservice-fd8f5dfb7-js8gr,boutique,/kubepods/burstable/podc827ec2d-8a9d-4e1c-8017-62c3901eccb4,1780916352,73940992.0
memory_working_set,minikube,redis-cart-6899b65948-ms767,boutique,/kubepods/burstable/podd425db0f-53f9-4bec-9ee1-49e4ced03bb6,1780916352,13778944.0
memory_working_set,minikube,chaos-controller-manager-659785674d-wbwg8,chaos-testing,/kubepods/burstable/podd7abbfc2-2af5-4b28-b438-3ebef4bafcce,1780916352,27725824.0
memory_working_set,minikube,paymentservice-6b76dfb449-n8mm2,boutique,/kubepods/burstable/podd9986049-5066-4a99-a156-0bc7b2391961,1780916352,46690304.0
memory_working_set,minikube,checkoutservice-75b9cd684f-vzdsz,boutique,/kubepods/burstable/pod5827d8c7-6a98-4352-9825-164648474ddc,1780916352,17506304.0
memory_working_set,minikube,frontend-694b9f76cd-z2pk6,boutique,/kubepods/burstable/podcf6049c2-3667-4622-87ba-b06efa553d48,1780916352,23445504.0
memory_working_set,minikube,productcatalogservice-fb49fc9cc-wptz6,boutique,/kubepods/burstable/pode9d4586d-6739-497d-ae8d-4fd70972eea8,1780916352,18427904.0
memory_working_set,minikube,loadgenerator-7694cd65db-bdz8c,boutique,/kubepods/burstable/pod38d6ef8e-d456-4bd4-95a0-ea6760631a9d,1780916352,75120640.0
cpu_rate,minikube,kube-proxy-fshvh,kube-system,/kubepods/besteffort/pod2f4efb93-ee48-4c37-b1e1-6f2e54a917c7,1780916381,0.0007710312109371173
cpu_rate,minikube,monitoring-kube-state-metrics-868694bc4b-689cm,monitoring,/kubepods/besteffort/pod59c52cc8-67e3-4946-aac6-7ff0ef74285f,1780916381,0.0009168558815790731
cpu_rate,minikube,prometheus-monitoring-kube-prometheus-prometheus-0,monitoring,/kubepods/besteffort/pod6bff50b8-f988-4ff2-a8c1-8f95f2c25189,1780916381,0.01574668465654434
cpu_rate,minikube,storage-provisioner,kube-system,/kubepods/besteffort/pod9bffcac8-a0cd-49a4-ad59-cdbf60a579cb,1780916381,0.0016599701657252345
cpu_rate,minikube,monitoring-grafana-6f66955c48-hlrcn,monitoring,/kubepods/besteffort/pod9d3fe3f0-8989-47b4-8478-0ae7be66df8d,1780916381,0.011870276514766864
cpu_rate,minikube,chaos-daemon-n6ghj,chaos-testing,/kubepods/besteffort/poda051be83-a7cd-43e4-83d3-76f3c90e8474,1780916381,3.793192478161861e-05
cpu_rate,minikube,monitoring-kube-prometheus-operator-556b56cc6d-n6dg9,monitoring,/kubepods/besteffort/podc8122519-a592-495f-9353-00a2f23fdf80,1780916381,0.002709905303077286
cpu_rate,minikube,monitoring-prometheus-node-exporter-pdw8p,monitoring,/kubepods/besteffort/podd35abb3b-34f0-40fa-af55-3ab246fc64c8,1780916381,0.0013601127627924556
cpu_rate,minikube,kube-scheduler-minikube,kube-system,/kubepods/burstable/pod1c7123a121598343200ffd5b015ca580,1780916381,0.00581285723631682
cpu_rate,minikube,shippingservice-55656785c7-lk4mx,boutique,/kubepods/burstable/pod1df51271-c9ea-47fa-8fb2-cf15bbc7c216,1780916381,0.0012352980404326736
cpu_rate,minikube,chaos-controller-manager-659785674d-29q42,chaos-testing,/kubepods/burstable/pod21ab858c-cee8-438c-8682-c786dc3dc044,1780916381,0.0003770670503401603
cpu_rate,minikube,chaos-controller-manager-659785674d-fjb2r,chaos-testing,/kubepods/burstable/pod2569141a-4d05-422e-bcf2-2f01e2f5056d,1780916381,0.006514147473728783
cpu_rate,minikube,coredns-7d764666f9-hxxb8,kube-system,/kubepods/burstable/pod596c18fb-891c-4e87-9b11-83d99dd6d264,1780916381,0.002495916784059163
cpu_rate,minikube,recommendationservice-6f8f67d69-fhrns,boutique,/kubepods/burstable/pod5ded7b1a-44d9-4178-8596-57a9e25f6171,1780916381,0.007802570261140583
cpu_rate,minikube,etcd-minikube,kube-system,/kubepods/burstable/pod5ff8e3b06bbaa8cb7ebc2bf531e48a2f,1780916381,0.027895695238094913
cpu_rate,minikube,emailservice-7466dc585-sv4wh,boutique,/kubepods/burstable/pod6116940a-da83-4761-97dc-892a207b789e,1780916381,0.001911457774046512
cpu_rate,minikube,cartservice-546c548494-cb4lb,boutique,/kubepods/burstable/pod6ec732c5-cf34-4e25-a3ce-ff4b44ce8d19,1780916381,0.004867810222156132
cpu_rate,minikube,kube-controller-manager-minikube,kube-system,/kubepods/burstable/pod740363cf4388c2d0df59fc97f96b889c,1780916381,0.015790835826593505
cpu_rate,minikube,chaos-dashboard-5b77585c6c-zm7f4,chaos-testing,/kubepods/burstable/pod7d3e8284-7c72-4577-a8fb-79d957f69104,1780916381,0.0027942821951012563
cpu_rate,minikube,chaos-dns-server-6bccb5bb76-gscmn,chaos-testing,/kubepods/burstable/pod8a82a436-ef3f-4750-8f39-dbfde680d0b8,1780916381,0.0028386521120076246
cpu_rate,minikube,coredns-7d764666f9-gmlgd,kube-system,/kubepods/burstable/pod9289fad3-6e91-4617-b97d-6da4631c2f35,1780916381,0.0028099637530205794
cpu_rate,minikube,adservice-8576649cff-5bvst,boutique,/kubepods/burstable/pod9d685cd3-17df-43af-a26e-7743c006902d,1780916381,0.0018010437730741895
cpu_rate,minikube,kube-apiserver-minikube,kube-system,/kubepods/burstable/poda6dc00f40d27725f15407f95751ce5f7,1780916381,0.055844016528159936
cpu_rate,minikube,alertmanager-monitoring-kube-prometheus-alertmanager-0,monitoring,/kubepods/burstable/podb5fde93f-2f9a-427f-aa16-8a257f179975,1780916381,0.0007365893637136264
cpu_rate,minikube,currencyservice-fd8f5dfb7-js8gr,boutique,/kubepods/burstable/podc827ec2d-8a9d-4e1c-8017-62c3901eccb4,1780916381,0.007939161351593393
cpu_rate,minikube,redis-cart-6899b65948-ms767,boutique,/kubepods/burstable/podd425db0f-53f9-4bec-9ee1-49e4ced03bb6,1780916381,0.0023928348130549293
cpu_rate,minikube,chaos-controller-manager-659785674d-wbwg8,chaos-testing,/kubepods/burstable/podd7abbfc2-2af5-4b28-b438-3ebef4bafcce,1780916381,0.00036597315462320407
cpu_rate,minikube,paymentservice-6b76dfb449-n8mm2,boutique,/kubepods/burstable/podd9986049-5066-4a99-a156-0bc7b2391961,1780916381,0.0005943596289335334
cpu_rate,minikube,checkoutservice-75b9cd684f-vzdsz,boutique,/kubepods/burstable/pod5827d8c7-6a98-4352-9825-164648474ddc,1780916381,0.0011461427605070163
cpu_rate,minikube,frontend-694b9f76cd-z2pk6,boutique,/kubepods/burstable/podcf6049c2-3667-4622-87ba-b06efa553d48,1780916381,0.01646902758922912
cpu_rate,minikube,productcatalogservice-fb49fc9cc-wptz6,boutique,/kubepods/burstable/pode9d4586d-6739-497d-ae8d-4fd70972eea8,1780916381,0.008071968614904093
cpu_rate,minikube,loadgenerator-7694cd65db-bdz8c,boutique,/kubepods/burstable/pod38d6ef8e-d456-4bd4-95a0-ea6760631a9d,1780916381,0.0034930467560689957
memory_working_set,minikube,kube-proxy-fshvh,kube-system,/kubepods/besteffort/pod2f4efb93-ee48-4c37-b1e1-6f2e54a917c7,1780916381,39485440.0
memory_working_set,minikube,monitoring-kube-state-metrics-868694bc4b-689cm,monitoring,/kubepods/besteffort/pod59c52cc8-67e3-4946-aac6-7ff0ef74285f,1780916381,38981632.0
memory_working_set,minikube,prometheus-monitoring-kube-prometheus-prometheus-0,monitoring,/kubepods/besteffort/pod6bff50b8-f988-4ff2-a8c1-8f95f2c25189,1780916381,326623232.0
memory_working_set,minikube,storage-provisioner,kube-system,/kubepods/besteffort/pod9bffcac8-a0cd-49a4-ad59-cdbf60a579cb,1780916381,20914176.0
memory_working_set,minikube,monitoring-grafana-6f66955c48-hlrcn,monitoring,/kubepods/besteffort/pod9d3fe3f0-8989-47b4-8478-0ae7be66df8d,1780916381,407515136.0
memory_working_set,minikube,chaos-daemon-n6ghj,chaos-testing,/kubepods/besteffort/poda051be83-a7cd-43e4-83d3-76f3c90e8474,1780916381,19628032.0
memory_working_set,minikube,monitoring-kube-prometheus-operator-556b56cc6d-n6dg9,monitoring,/kubepods/besteffort/podc8122519-a592-495f-9353-00a2f23fdf80,1780916381,41123840.0
memory_working_set,minikube,monitoring-prometheus-node-exporter-pdw8p,monitoring,/kubepods/besteffort/podd35abb3b-34f0-40fa-af55-3ab246fc64c8,1780916381,20107264.0
memory_working_set,minikube,kube-scheduler-minikube,kube-system,/kubepods/burstable/pod1c7123a121598343200ffd5b015ca580,1780916381,41238528.0
memory_working_set,minikube,shippingservice-55656785c7-lk4mx,boutique,/kubepods/burstable/pod1df51271-c9ea-47fa-8fb2-cf15bbc7c216,1780916381,14880768.0
memory_working_set,minikube,chaos-controller-manager-659785674d-29q42,chaos-testing,/kubepods/burstable/pod21ab858c-cee8-438c-8682-c786dc3dc044,1780916381,28176384.0
memory_working_set,minikube,chaos-controller-manager-659785674d-fjb2r,chaos-testing,/kubepods/burstable/pod2569141a-4d05-422e-bcf2-2f01e2f5056d,1780916381,36438016.0
memory_working_set,minikube,coredns-7d764666f9-hxxb8,kube-system,/kubepods/burstable/pod596c18fb-891c-4e87-9b11-83d99dd6d264,1780916381,39084032.0
memory_working_set,minikube,recommendationservice-6f8f67d69-fhrns,boutique,/kubepods/burstable/pod5ded7b1a-44d9-4178-8596-57a9e25f6171,1780916381,58318848.0
memory_working_set,minikube,etcd-minikube,kube-system,/kubepods/burstable/pod5ff8e3b06bbaa8cb7ebc2bf531e48a2f,1780916381,88027136.0
memory_working_set,minikube,emailservice-7466dc585-sv4wh,boutique,/kubepods/burstable/pod6116940a-da83-4761-97dc-892a207b789e,1780916381,53137408.0
memory_working_set,minikube,cartservice-546c548494-cb4lb,boutique,/kubepods/burstable/pod6ec732c5-cf34-4e25-a3ce-ff4b44ce8d19,1780916381,71987200.0
memory_working_set,minikube,kube-controller-manager-minikube,kube-system,/kubepods/burstable/pod740363cf4388c2d0df59fc97f96b889c,1780916381,96329728.0
memory_working_set,minikube,chaos-dashboard-5b77585c6c-zm7f4,chaos-testing,/kubepods/burstable/pod7d3e8284-7c72-4577-a8fb-79d957f69104,1780916381,48754688.0
memory_working_set,minikube,chaos-dns-server-6bccb5bb76-gscmn,chaos-testing,/kubepods/burstable/pod8a82a436-ef3f-4750-8f39-dbfde680d0b8,1780916381,28516352.0
memory_working_set,minikube,coredns-7d764666f9-gmlgd,kube-system,/kubepods/burstable/pod9289fad3-6e91-4617-b97d-6da4631c2f35,1780916381,30781440.0
memory_working_set,minikube,adservice-8576649cff-5bvst,boutique,/kubepods/burstable/pod9d685cd3-17df-43af-a26e-7743c006902d,1780916381,112717824.0
memory_working_set,minikube,kube-apiserver-minikube,kube-system,/kubepods/burstable/poda6dc00f40d27725f15407f95751ce5f7,1780916381,595292160.0
memory_working_set,minikube,alertmanager-monitoring-kube-prometheus-alertmanager-0,monitoring,/kubepods/burstable/podb5fde93f-2f9a-427f-aa16-8a257f179975,1780916381,55533568.0
memory_working_set,minikube,currencyservice-fd8f5dfb7-js8gr,boutique,/kubepods/burstable/podc827ec2d-8a9d-4e1c-8017-62c3901eccb4,1780916381,74407936.0
memory_working_set,minikube,redis-cart-6899b65948-ms767,boutique,/kubepods/burstable/podd425db0f-53f9-4bec-9ee1-49e4ced03bb6,1780916381,13778944.0
memory_working_set,minikube,chaos-controller-manager-659785674d-wbwg8,chaos-testing,/kubepods/burstable/podd7abbfc2-2af5-4b28-b438-3ebef4bafcce,1780916381,27729920.0
memory_working_set,minikube,paymentservice-6b76dfb449-n8mm2,boutique,/kubepods/burstable/podd9986049-5066-4a99-a156-0bc7b2391961,1780916381,47157248.0
memory_working_set,minikube,checkoutservice-75b9cd684f-vzdsz,boutique,/kubepods/burstable/pod5827d8c7-6a98-4352-9825-164648474ddc,1780916381,17502208.0
memory_working_set,minikube,frontend-694b9f76cd-z2pk6,boutique,/kubepods/burstable/podcf6049c2-3667-4622-87ba-b06efa553d48,1780916381,23183360.0
memory_working_set,minikube,productcatalogservice-fb49fc9cc-wptz6,boutique,/kubepods/burstable/pode9d4586d-6739-497d-ae8d-4fd70972eea8,1780916381,18337792.0
memory_working_set,minikube,loadgenerator-7694cd65db-bdz8c,boutique,/kubepods/burstable/pod38d6ef8e-d456-4bd4-95a0-ea6760631a9d,1780916381,75378688.0
cpu_rate,minikube,kube-proxy-fshvh,kube-system,/kubepods/besteffort/pod2f4efb93-ee48-4c37-b1e1-6f2e54a917c7,1780916411,0.0006816148369066363
cpu_rate,minikube,monitoring-kube-state-metrics-868694bc4b-689cm,monitoring,/kubepods/besteffort/pod59c52cc8-67e3-4946-aac6-7ff0ef74285f,1780916411,0.0009050189609019501
cpu_rate,minikube,prometheus-monitoring-kube-prometheus-prometheus-0,monitoring,/kubepods/besteffort/pod6bff50b8-f988-4ff2-a8c1-8f95f2c25189,1780916411,0.012837276225025552
cpu_rate,minikube,storage-provisioner,kube-system,/kubepods/besteffort/pod9bffcac8-a0cd-49a4-ad59-cdbf60a579cb,1780916411,0.001501266500105701
cpu_rate,minikube,monitoring-grafana-6f66955c48-hlrcn,monitoring,/kubepods/besteffort/pod9d3fe3f0-8989-47b4-8478-0ae7be66df8d,1780916411,0.011779045399249764
cpu_rate,minikube,chaos-daemon-n6ghj,chaos-testing,/kubepods/besteffort/poda051be83-a7cd-43e4-83d3-76f3c90e8474,1780916411,3.9440713694964186e-05
cpu_rate,minikube,monitoring-kube-prometheus-operator-556b56cc6d-n6dg9,monitoring,/kubepods/besteffort/podc8122519-a592-495f-9353-00a2f23fdf80,1780916411,0.0029717533785743626
cpu_rate,minikube,monitoring-prometheus-node-exporter-pdw8p,monitoring,/kubepods/besteffort/podd35abb3b-34f0-40fa-af55-3ab246fc64c8,1780916411,0.0015235921842755929
cpu_rate,minikube,kube-scheduler-minikube,kube-system,/kubepods/burstable/pod1c7123a121598343200ffd5b015ca580,1780916411,0.005497594816816013
cpu_rate,minikube,shippingservice-55656785c7-lk4mx,boutique,/kubepods/burstable/pod1df51271-c9ea-47fa-8fb2-cf15bbc7c216,1780916411,0.00112501102812079
cpu_rate,minikube,chaos-controller-manager-659785674d-29q42,chaos-testing,/kubepods/burstable/pod21ab858c-cee8-438c-8682-c786dc3dc044,1780916411,0.00037200295903051166
cpu_rate,minikube,chaos-controller-manager-659785674d-fjb2r,chaos-testing,/kubepods/burstable/pod2569141a-4d05-422e-bcf2-2f01e2f5056d,1780916411,0.00638670547755284
cpu_rate,minikube,coredns-7d764666f9-hxxb8,kube-system,/kubepods/burstable/pod596c18fb-891c-4e87-9b11-83d99dd6d264,1780916411,0.0023445403869276444
cpu_rate,minikube,recommendationservice-6f8f67d69-fhrns,boutique,/kubepods/burstable/pod5ded7b1a-44d9-4178-8596-57a9e25f6171,1780916411,0.007764317180616832
cpu_rate,minikube,etcd-minikube,kube-system,/kubepods/burstable/pod5ff8e3b06bbaa8cb7ebc2bf531e48a2f,1780916411,0.023853520833333954
cpu_rate,minikube,emailservice-7466dc585-sv4wh,boutique,/kubepods/burstable/pod6116940a-da83-4761-97dc-892a207b789e,1780916411,0.001689994296532456
cpu_rate,minikube,cartservice-546c548494-cb4lb,boutique,/kubepods/burstable/pod6ec732c5-cf34-4e25-a3ce-ff4b44ce8d19,1780916411,0.0045293436967002365
cpu_rate,minikube,kube-controller-manager-minikube,kube-system,/kubepods/burstable/pod740363cf4388c2d0df59fc97f96b889c,1780916411,0.015059649153583772
cpu_rate,minikube,chaos-dashboard-5b77585c6c-zm7f4,chaos-testing,/kubepods/burstable/pod7d3e8284-7c72-4577-a8fb-79d957f69104,1780916411,0.00294677055566938
cpu_rate,minikube,chaos-dns-server-6bccb5bb76-gscmn,chaos-testing,/kubepods/burstable/pod8a82a436-ef3f-4750-8f39-dbfde680d0b8,1780916411,0.002632538156913523
cpu_rate,minikube,coredns-7d764666f9-gmlgd,kube-system,/kubepods/burstable/pod9289fad3-6e91-4617-b97d-6da4631c2f35,1780916411,0.0022037948520122956
cpu_rate,minikube,adservice-8576649cff-5bvst,boutique,/kubepods/burstable/pod9d685cd3-17df-43af-a26e-7743c006902d,1780916411,0.001840567543477785
cpu_rate,minikube,kube-apiserver-minikube,kube-system,/kubepods/burstable/poda6dc00f40d27725f15407f95751ce5f7,1780916411,0.05495823925510023
cpu_rate,minikube,alertmanager-monitoring-kube-prometheus-alertmanager-0,monitoring,/kubepods/burstable/podb5fde93f-2f9a-427f-aa16-8a257f179975,1780916411,0.0006219731666666955
cpu_rate,minikube,currencyservice-fd8f5dfb7-js8gr,boutique,/kubepods/burstable/podc827ec2d-8a9d-4e1c-8017-62c3901eccb4,1780916411,0.008343022108172123
cpu_rate,minikube,redis-cart-6899b65948-ms767,boutique,/kubepods/burstable/podd425db0f-53f9-4bec-9ee1-49e4ced03bb6,1780916411,0.002283921206460458
cpu_rate,minikube,chaos-controller-manager-659785674d-wbwg8,chaos-testing,/kubepods/burstable/podd7abbfc2-2af5-4b28-b438-3ebef4bafcce,1780916411,0.0004020247700292811
cpu_rate,minikube,paymentservice-6b76dfb449-n8mm2,boutique,/kubepods/burstable/podd9986049-5066-4a99-a156-0bc7b2391961,1780916411,0.0004962062435175776
cpu_rate,minikube,checkoutservice-75b9cd684f-vzdsz,boutique,/kubepods/burstable/pod5827d8c7-6a98-4352-9825-164648474ddc,1780916411,0.0011564979070091252
cpu_rate,minikube,frontend-694b9f76cd-z2pk6,boutique,/kubepods/burstable/podcf6049c2-3667-4622-87ba-b06efa553d48,1780916411,0.0162462992759456
cpu_rate,minikube,productcatalogservice-fb49fc9cc-wptz6,boutique,/kubepods/burstable/pode9d4586d-6739-497d-ae8d-4fd70972eea8,1780916411,0.008186682216697602
cpu_rate,minikube,loadgenerator-7694cd65db-bdz8c,boutique,/kubepods/burstable/pod38d6ef8e-d456-4bd4-95a0-ea6760631a9d,1780916411,0.0032776834463538033
memory_working_set,minikube,kube-proxy-fshvh,kube-system,/kubepods/besteffort/pod2f4efb93-ee48-4c37-b1e1-6f2e54a917c7,1780916411,39682048.0
memory_working_set,minikube,monitoring-kube-state-metrics-868694bc4b-689cm,monitoring,/kubepods/besteffort/pod59c52cc8-67e3-4946-aac6-7ff0ef74285f,1780916411,38653952.0
memory_working_set,minikube,prometheus-monitoring-kube-prometheus-prometheus-0,monitoring,/kubepods/besteffort/pod6bff50b8-f988-4ff2-a8c1-8f95f2c25189,1780916411,326299648.0
memory_working_set,minikube,storage-provisioner,kube-system,/kubepods/besteffort/pod9bffcac8-a0cd-49a4-ad59-cdbf60a579cb,1780916411,20914176.0
memory_working_set,minikube,monitoring-grafana-6f66955c48-hlrcn,monitoring,/kubepods/besteffort/pod9d3fe3f0-8989-47b4-8478-0ae7be66df8d,1780916411,407511040.0
memory_working_set,minikube,chaos-daemon-n6ghj,chaos-testing,/kubepods/besteffort/poda051be83-a7cd-43e4-83d3-76f3c90e8474,1780916411,19628032.0
memory_working_set,minikube,monitoring-kube-prometheus-operator-556b56cc6d-n6dg9,monitoring,/kubepods/besteffort/podc8122519-a592-495f-9353-00a2f23fdf80,1780916411,41136128.0
memory_working_set,minikube,monitoring-prometheus-node-exporter-pdw8p,monitoring,/kubepods/besteffort/podd35abb3b-34f0-40fa-af55-3ab246fc64c8,1780916411,18898944.0
memory_working_set,minikube,kube-scheduler-minikube,kube-system,/kubepods/burstable/pod1c7123a121598343200ffd5b015ca580,1780916411,41238528.0
memory_working_set,minikube,shippingservice-55656785c7-lk4mx,boutique,/kubepods/burstable/pod1df51271-c9ea-47fa-8fb2-cf15bbc7c216,1780916411,14880768.0
memory_working_set,minikube,chaos-controller-manager-659785674d-29q42,chaos-testing,/kubepods/burstable/pod21ab858c-cee8-438c-8682-c786dc3dc044,1780916411,28176384.0
memory_working_set,minikube,chaos-controller-manager-659785674d-fjb2r,chaos-testing,/kubepods/burstable/pod2569141a-4d05-422e-bcf2-2f01e2f5056d,1780916411,36438016.0
memory_working_set,minikube,coredns-7d764666f9-hxxb8,kube-system,/kubepods/burstable/pod596c18fb-891c-4e87-9b11-83d99dd6d264,1780916411,39088128.0
memory_working_set,minikube,recommendationservice-6f8f67d69-fhrns,boutique,/kubepods/burstable/pod5ded7b1a-44d9-4178-8596-57a9e25f6171,1780916411,58056704.0
memory_working_set,minikube,etcd-minikube,kube-system,/kubepods/burstable/pod5ff8e3b06bbaa8cb7ebc2bf531e48a2f,1780916411,88297472.0
memory_working_set,minikube,emailservice-7466dc585-sv4wh,boutique,/kubepods/burstable/pod6116940a-da83-4761-97dc-892a207b789e,1780916411,53137408.0
memory_working_set,minikube,cartservice-546c548494-cb4lb,boutique,/kubepods/burstable/pod6ec732c5-cf34-4e25-a3ce-ff4b44ce8d19,1780916411,71999488.0
memory_working_set,minikube,kube-controller-manager-minikube,kube-system,/kubepods/burstable/pod740363cf4388c2d0df59fc97f96b889c,1780916411,96329728.0
memory_working_set,minikube,chaos-dashboard-5b77585c6c-zm7f4,chaos-testing,/kubepods/burstable/pod7d3e8284-7c72-4577-a8fb-79d957f69104,1780916411,48754688.0
memory_working_set,minikube,chaos-dns-server-6bccb5bb76-gscmn,chaos-testing,/kubepods/burstable/pod8a82a436-ef3f-4750-8f39-dbfde680d0b8,1780916411,28827648.0
memory_working_set,minikube,coredns-7d764666f9-gmlgd,kube-system,/kubepods/burstable/pod9289fad3-6e91-4617-b97d-6da4631c2f35,1780916411,31715328.0
memory_working_set,minikube,adservice-8576649cff-5bvst,boutique,/kubepods/burstable/pod9d685cd3-17df-43af-a26e-7743c006902d,1780916411,112594944.0
memory_working_set,minikube,kube-apiserver-minikube,kube-system,/kubepods/burstable/poda6dc00f40d27725f15407f95751ce5f7,1780916411,594497536.0
memory_working_set,minikube,alertmanager-monitoring-kube-prometheus-alertmanager-0,monitoring,/kubepods/burstable/podb5fde93f-2f9a-427f-aa16-8a257f179975,1780916411,55508992.0
memory_working_set,minikube,currencyservice-fd8f5dfb7-js8gr,boutique,/kubepods/burstable/podc827ec2d-8a9d-4e1c-8017-62c3901eccb4,1780916411,74846208.0
memory_working_set,minikube,redis-cart-6899b65948-ms767,boutique,/kubepods/burstable/podd425db0f-53f9-4bec-9ee1-49e4ced03bb6,1780916411,13778944.0
memory_working_set,minikube,chaos-controller-manager-659785674d-wbwg8,chaos-testing,/kubepods/burstable/podd7abbfc2-2af5-4b28-b438-3ebef4bafcce,1780916411,27725824.0
memory_working_set,minikube,paymentservice-6b76dfb449-n8mm2,boutique,/kubepods/burstable/podd9986049-5066-4a99-a156-0bc7b2391961,1780916411,47411200.0
memory_working_set,minikube,checkoutservice-75b9cd684f-vzdsz,boutique,/kubepods/burstable/pod5827d8c7-6a98-4352-9825-164648474ddc,1780916411,17666048.0
memory_working_set,minikube,frontend-694b9f76cd-z2pk6,boutique,/kubepods/burstable/podcf6049c2-3667-4622-87ba-b06efa553d48,1780916411,23261184.0
memory_working_set,minikube,productcatalogservice-fb49fc9cc-wptz6,boutique,/kubepods/burstable/pode9d4586d-6739-497d-ae8d-4fd70972eea8,1780916411,18890752.0
memory_working_set,minikube,loadgenerator-7694cd65db-bdz8c,boutique,/kubepods/burstable/pod38d6ef8e-d456-4bd4-95a0-ea6760631a9d,1780916411,75137024.0
cpu_rate,minikube,kube-proxy-fshvh,kube-system,/kubepods/besteffort/pod2f4efb93-ee48-4c37-b1e1-6f2e54a917c7,1780916440,0.0008643197974486078
cpu_rate,minikube,monitoring-kube-state-metrics-868694bc4b-689cm,monitoring,/kubepods/besteffort/pod59c52cc8-67e3-4946-aac6-7ff0ef74285f,1780916440,0.0009343622681302093
cpu_rate,minikube,prometheus-monitoring-kube-prometheus-prometheus-0,monitoring,/kubepods/besteffort/pod6bff50b8-f988-4ff2-a8c1-8f95f2c25189,1780916440,0.033253891936757166
cpu_rate,minikube,storage-provisioner,kube-system,/kubepods/besteffort/pod9bffcac8-a0cd-49a4-ad59-cdbf60a579cb,1780916440,0.001568818259362996
cpu_rate,minikube,monitoring-grafana-6f66955c48-hlrcn,monitoring,/kubepods/besteffort/pod9d3fe3f0-8989-47b4-8478-0ae7be66df8d,1780916440,0.011902115943506562
cpu_rate,minikube,chaos-daemon-n6ghj,chaos-testing,/kubepods/besteffort/poda051be83-a7cd-43e4-83d3-76f3c90e8474,1780916440,1.401605475362574e-06
cpu_rate,minikube,monitoring-kube-prometheus-operator-556b56cc6d-n6dg9,monitoring,/kubepods/besteffort/podc8122519-a592-495f-9353-00a2f23fdf80,1780916440,0.002883086994323229
cpu_rate,minikube,monitoring-prometheus-node-exporter-pdw8p,monitoring,/kubepods/besteffort/podd35abb3b-34f0-40fa-af55-3ab246fc64c8,1780916440,0.0011600746458795173
cpu_rate,minikube,kube-scheduler-minikube,kube-system,/kubepods/burstable/pod1c7123a121598343200ffd5b015ca580,1780916440,0.005787234430232199
cpu_rate,minikube,shippingservice-55656785c7-lk4mx,boutique,/kubepods/burstable/pod1df51271-c9ea-47fa-8fb2-cf15bbc7c216,1780916440,0.0012398323407032505
cpu_rate,minikube,chaos-controller-manager-659785674d-29q42,chaos-testing,/kubepods/burstable/pod21ab858c-cee8-438c-8682-c786dc3dc044,1780916440,0.0011001465512254414
cpu_rate,minikube,chaos-controller-manager-659785674d-fjb2r,chaos-testing,/kubepods/burstable/pod2569141a-4d05-422e-bcf2-2f01e2f5056d,1780916440,0.006743520573324878
cpu_rate,minikube,coredns-7d764666f9-hxxb8,kube-system,/kubepods/burstable/pod596c18fb-891c-4e87-9b11-83d99dd6d264,1780916440,0.0023127125804284954
cpu_rate,minikube,recommendationservice-6f8f67d69-fhrns,boutique,/kubepods/burstable/pod5ded7b1a-44d9-4178-8596-57a9e25f6171,1780916440,0.0066597531290895
cpu_rate,minikube,etcd-minikube,kube-system,/kubepods/burstable/pod5ff8e3b06bbaa8cb7ebc2bf531e48a2f,1780916440,0.030456815114710108
cpu_rate,minikube,emailservice-7466dc585-sv4wh,boutique,/kubepods/burstable/pod6116940a-da83-4761-97dc-892a207b789e,1780916440,0.0017755150601812485
cpu_rate,minikube,cartservice-546c548494-cb4lb,boutique,/kubepods/burstable/pod6ec732c5-cf34-4e25-a3ce-ff4b44ce8d19,1780916440,0.004712680094781578
cpu_rate,minikube,kube-controller-manager-minikube,kube-system,/kubepods/burstable/pod740363cf4388c2d0df59fc97f96b889c,1780916440,0.01468242633394036
cpu_rate,minikube,chaos-dashboard-5b77585c6c-zm7f4,chaos-testing,/kubepods/burstable/pod7d3e8284-7c72-4577-a8fb-79d957f69104,1780916440,0.002542001337461213
cpu_rate,minikube,chaos-dns-server-6bccb5bb76-gscmn,chaos-testing,/kubepods/burstable/pod8a82a436-ef3f-4750-8f39-dbfde680d0b8,1780916440,0.0023672326703130424
cpu_rate,minikube,coredns-7d764666f9-gmlgd,kube-system,/kubepods/burstable/pod9289fad3-6e91-4617-b97d-6da4631c2f35,1780916440,0.002409813124981836
cpu_rate,minikube,adservice-8576649cff-5bvst,boutique,/kubepods/burstable/pod9d685cd3-17df-43af-a26e-7743c006902d,1780916440,0.001716889167286472
cpu_rate,minikube,kube-apiserver-minikube,kube-system,/kubepods/burstable/poda6dc00f40d27725f15407f95751ce5f7,1780916440,0.05664927512739722
cpu_rate,minikube,alertmanager-monitoring-kube-prometheus-alertmanager-0,monitoring,/kubepods/burstable/podb5fde93f-2f9a-427f-aa16-8a257f179975,1780916440,0.0007017884440442999
cpu_rate,minikube,currencyservice-fd8f5dfb7-js8gr,boutique,/kubepods/burstable/podc827ec2d-8a9d-4e1c-8017-62c3901eccb4,1780916440,0.008178503421289228
cpu_rate,minikube,redis-cart-6899b65948-ms767,boutique,/kubepods/burstable/podd425db0f-53f9-4bec-9ee1-49e4ced03bb6,1780916440,0.0018260472222221935
cpu_rate,minikube,chaos-controller-manager-659785674d-wbwg8,chaos-testing,/kubepods/burstable/podd7abbfc2-2af5-4b28-b438-3ebef4bafcce,1780916440,0.0003377743028407623
cpu_rate,minikube,paymentservice-6b76dfb449-n8mm2,boutique,/kubepods/burstable/podd9986049-5066-4a99-a156-0bc7b2391961,1780916440,0.0005876700264213811
cpu_rate,minikube,checkoutservice-75b9cd684f-vzdsz,boutique,/kubepods/burstable/pod5827d8c7-6a98-4352-9825-164648474ddc,1780916440,0.0011872687787150764
cpu_rate,minikube,frontend-694b9f76cd-z2pk6,boutique,/kubepods/burstable/podcf6049c2-3667-4622-87ba-b06efa553d48,1780916440,0.014368931288853573
cpu_rate,minikube,productcatalogservice-fb49fc9cc-wptz6,boutique,/kubepods/burstable/pode9d4586d-6739-497d-ae8d-4fd70972eea8,1780916440,0.00721794396272261
cpu_rate,minikube,loadgenerator-7694cd65db-bdz8c,boutique,/kubepods/burstable/pod38d6ef8e-d456-4bd4-95a0-ea6760631a9d,1780916440,0.003246031824206697
memory_working_set,minikube,kube-proxy-fshvh,kube-system,/kubepods/besteffort/pod2f4efb93-ee48-4c37-b1e1-6f2e54a917c7,1780916440,39354368.0
memory_working_set,minikube,monitoring-kube-state-metrics-868694bc4b-689cm,monitoring,/kubepods/besteffort/pod59c52cc8-67e3-4946-aac6-7ff0ef74285f,1780916440,38649856.0
memory_working_set,minikube,prometheus-monitoring-kube-prometheus-prometheus-0,monitoring,/kubepods/besteffort/pod6bff50b8-f988-4ff2-a8c1-8f95f2c25189,1780916440,299212800.0
memory_working_set,minikube,storage-provisioner,kube-system,/kubepods/besteffort/pod9bffcac8-a0cd-49a4-ad59-cdbf60a579cb,1780916440,20901888.0
memory_working_set,minikube,monitoring-grafana-6f66955c48-hlrcn,monitoring,/kubepods/besteffort/pod9d3fe3f0-8989-47b4-8478-0ae7be66df8d,1780916440,407470080.0
memory_working_set,minikube,chaos-daemon-n6ghj,chaos-testing,/kubepods/besteffort/poda051be83-a7cd-43e4-83d3-76f3c90e8474,1780916440,19623936.0
memory_working_set,minikube,monitoring-kube-prometheus-operator-556b56cc6d-n6dg9,monitoring,/kubepods/besteffort/podc8122519-a592-495f-9353-00a2f23fdf80,1780916440,41394176.0
memory_working_set,minikube,monitoring-prometheus-node-exporter-pdw8p,monitoring,/kubepods/besteffort/podd35abb3b-34f0-40fa-af55-3ab246fc64c8,1780916440,19468288.0
memory_working_set,minikube,kube-scheduler-minikube,kube-system,/kubepods/burstable/pod1c7123a121598343200ffd5b015ca580,1780916440,41238528.0
memory_working_set,minikube,shippingservice-55656785c7-lk4mx,boutique,/kubepods/burstable/pod1df51271-c9ea-47fa-8fb2-cf15bbc7c216,1780916440,14876672.0
memory_working_set,minikube,chaos-controller-manager-659785674d-29q42,chaos-testing,/kubepods/burstable/pod21ab858c-cee8-438c-8682-c786dc3dc044,1780916440,29372416.0
memory_working_set,minikube,chaos-controller-manager-659785674d-fjb2r,chaos-testing,/kubepods/burstable/pod2569141a-4d05-422e-bcf2-2f01e2f5056d,1780916440,36438016.0
memory_working_set,minikube,coredns-7d764666f9-hxxb8,kube-system,/kubepods/burstable/pod596c18fb-891c-4e87-9b11-83d99dd6d264,1780916440,39092224.0
memory_working_set,minikube,recommendationservice-6f8f67d69-fhrns,boutique,/kubepods/burstable/pod5ded7b1a-44d9-4178-8596-57a9e25f6171,1780916440,58306560.0
memory_working_set,minikube,etcd-minikube,kube-system,/kubepods/burstable/pod5ff8e3b06bbaa8cb7ebc2bf531e48a2f,1780916440,88285184.0
memory_working_set,minikube,emailservice-7466dc585-sv4wh,boutique,/kubepods/burstable/pod6116940a-da83-4761-97dc-892a207b789e,1780916440,53141504.0
memory_working_set,minikube,cartservice-546c548494-cb4lb,boutique,/kubepods/burstable/pod6ec732c5-cf34-4e25-a3ce-ff4b44ce8d19,1780916440,71987200.0
memory_working_set,minikube,kube-controller-manager-minikube,kube-system,/kubepods/burstable/pod740363cf4388c2d0df59fc97f96b889c,1780916440,96329728.0
memory_working_set,minikube,chaos-dashboard-5b77585c6c-zm7f4,chaos-testing,/kubepods/burstable/pod7d3e8284-7c72-4577-a8fb-79d957f69104,1780916440,48750592.0
memory_working_set,minikube,chaos-dns-server-6bccb5bb76-gscmn,chaos-testing,/kubepods/burstable/pod8a82a436-ef3f-4750-8f39-dbfde680d0b8,1780916440,29093888.0
memory_working_set,minikube,coredns-7d764666f9-gmlgd,kube-system,/kubepods/burstable/pod9289fad3-6e91-4617-b97d-6da4631c2f35,1780916440,31191040.0
memory_working_set,minikube,adservice-8576649cff-5bvst,boutique,/kubepods/burstable/pod9d685cd3-17df-43af-a26e-7743c006902d,1780916440,112599040.0
memory_working_set,minikube,kube-apiserver-minikube,kube-system,/kubepods/burstable/poda6dc00f40d27725f15407f95751ce5f7,1780916440,539750400.0
memory_working_set,minikube,alertmanager-monitoring-kube-prometheus-alertmanager-0,monitoring,/kubepods/burstable/podb5fde93f-2f9a-427f-aa16-8a257f179975,1780916440,52977664.0
memory_working_set,minikube,currencyservice-fd8f5dfb7-js8gr,boutique,/kubepods/burstable/podc827ec2d-8a9d-4e1c-8017-62c3901eccb4,1780916440,74035200.0
memory_working_set,minikube,redis-cart-6899b65948-ms767,boutique,/kubepods/burstable/podd425db0f-53f9-4bec-9ee1-49e4ced03bb6,1780916440,13778944.0
memory_working_set,minikube,chaos-controller-manager-659785674d-wbwg8,chaos-testing,/kubepods/burstable/podd7abbfc2-2af5-4b28-b438-3ebef4bafcce,1780916440,27721728.0
memory_working_set,minikube,paymentservice-6b76dfb449-n8mm2,boutique,/kubepods/burstable/podd9986049-5066-4a99-a156-0bc7b2391961,1780916440,47235072.0
memory_working_set,minikube,checkoutservice-75b9cd684f-vzdsz,boutique,/kubepods/burstable/pod5827d8c7-6a98-4352-9825-164648474ddc,1780916440,17371136.0
memory_working_set,minikube,frontend-694b9f76cd-z2pk6,boutique,/kubepods/burstable/podcf6049c2-3667-4622-87ba-b06efa553d48,1780916440,23732224.0
memory_working_set,minikube,productcatalogservice-fb49fc9cc-wptz6,boutique,/kubepods/burstable/pode9d4586d-6739-497d-ae8d-4fd70972eea8,1780916440,18407424.0
memory_working_set,minikube,loadgenerator-7694cd65db-bdz8c,boutique,/kubepods/burstable/pod38d6ef8e-d456-4bd4-95a0-ea6760631a9d,1780916440,75399168.0
cpu_rate,minikube,kube-proxy-fshvh,kube-system,/kubepods/besteffort/pod2f4efb93-ee48-4c37-b1e1-6f2e54a917c7,1780916469,0.0007362475012787236
cpu_rate,minikube,monitoring-kube-state-metrics-868694bc4b-689cm,monitoring,/kubepods/besteffort/pod59c52cc8-67e3-4946-aac6-7ff0ef74285f,1780916469,0.0007527274432293341
cpu_rate,minikube,prometheus-monitoring-kube-prometheus-prometheus-0,monitoring,/kubepods/besteffort/pod6bff50b8-f988-4ff2-a8c1-8f95f2c25189,1780916469,0.02954119624283211
cpu_rate,minikube,storage-provisioner,kube-system,/kubepods/besteffort/pod9bffcac8-a0cd-49a4-ad59-cdbf60a579cb,1780916469,0.0014684532315539776
cpu_rate,minikube,monitoring-grafana-6f66955c48-hlrcn,monitoring,/kubepods/besteffort/pod9d3fe3f0-8989-47b4-8478-0ae7be66df8d,1780916469,0.010583811109056145
cpu_rate,minikube,chaos-daemon-n6ghj,chaos-testing,/kubepods/besteffort/poda051be83-a7cd-43e4-83d3-76f3c90e8474,1780916469,3.4196702257370144e-05
cpu_rate,minikube,monitoring-kube-prometheus-operator-556b56cc6d-n6dg9,monitoring,/kubepods/besteffort/podc8122519-a592-495f-9353-00a2f23fdf80,1780916469,0.0027163667432051034
cpu_rate,minikube,monitoring-prometheus-node-exporter-pdw8p,monitoring,/kubepods/besteffort/podd35abb3b-34f0-40fa-af55-3ab246fc64c8,1780916469,0.0014134625850316042
cpu_rate,minikube,kube-scheduler-minikube,kube-system,/kubepods/burstable/pod1c7123a121598343200ffd5b015ca580,1780916469,0.005426916481190965
cpu_rate,minikube,shippingservice-55656785c7-lk4mx,boutique,/kubepods/burstable/pod1df51271-c9ea-47fa-8fb2-cf15bbc7c216,1780916469,0.0009060969214664086
cpu_rate,minikube,chaos-controller-manager-659785674d-29q42,chaos-testing,/kubepods/burstable/pod21ab858c-cee8-438c-8682-c786dc3dc044,1780916469,0.001160018364131524
cpu_rate,minikube,chaos-controller-manager-659785674d-fjb2r,chaos-testing,/kubepods/burstable/pod2569141a-4d05-422e-bcf2-2f01e2f5056d,1780916469,0.00613870343985331
cpu_rate,minikube,coredns-7d764666f9-hxxb8,kube-system,/kubepods/burstable/pod596c18fb-891c-4e87-9b11-83d99dd6d264,1780916469,0.0019990027042165372
cpu_rate,minikube,recommendationservice-6f8f67d69-fhrns,boutique,/kubepods/burstable/pod5ded7b1a-44d9-4178-8596-57a9e25f6171,1780916469,0.005575767162904213
cpu_rate,minikube,etcd-minikube,kube-system,/kubepods/burstable/pod5ff8e3b06bbaa8cb7ebc2bf531e48a2f,1780916469,0.023887058442463215
cpu_rate,minikube,emailservice-7466dc585-sv4wh,boutique,/kubepods/burstable/pod6116940a-da83-4761-97dc-892a207b789e,1780916469,0.0014384810832699661
cpu_rate,minikube,cartservice-546c548494-cb4lb,boutique,/kubepods/burstable/pod6ec732c5-cf34-4e25-a3ce-ff4b44ce8d19,1780916469,0.0037840564227089443
cpu_rate,minikube,kube-controller-manager-minikube,kube-system,/kubepods/burstable/pod740363cf4388c2d0df59fc97f96b889c,1780916469,0.012764523781128866
cpu_rate,minikube,chaos-dashboard-5b77585c6c-zm7f4,chaos-testing,/kubepods/burstable/pod7d3e8284-7c72-4577-a8fb-79d957f69104,1780916469,0.0022099866005123067
cpu_rate,minikube,chaos-dns-server-6bccb5bb76-gscmn,chaos-testing,/kubepods/burstable/pod8a82a436-ef3f-4750-8f39-dbfde680d0b8,1780916469,0.0023251787767190166
cpu_rate,minikube,coredns-7d764666f9-gmlgd,kube-system,/kubepods/burstable/pod9289fad3-6e91-4617-b97d-6da4631c2f35,1780916469,0.0019166649994911472
cpu_rate,minikube,adservice-8576649cff-5bvst,boutique,/kubepods/burstable/pod9d685cd3-17df-43af-a26e-7743c006902d,1780916469,0.0013223631811495951
cpu_rate,minikube,kube-apiserver-minikube,kube-system,/kubepods/burstable/poda6dc00f40d27725f15407f95751ce5f7,1780916469,0.052239219065233065
cpu_rate,minikube,alertmanager-monitoring-kube-prometheus-alertmanager-0,monitoring,/kubepods/burstable/podb5fde93f-2f9a-427f-aa16-8a257f179975,1780916469,0.0005386898157926768
cpu_rate,minikube,currencyservice-fd8f5dfb7-js8gr,boutique,/kubepods/burstable/podc827ec2d-8a9d-4e1c-8017-62c3901eccb4,1780916469,0.007066780629113537
cpu_rate,minikube,redis-cart-6899b65948-ms767,boutique,/kubepods/burstable/podd425db0f-53f9-4bec-9ee1-49e4ced03bb6,1780916469,0.001963428515356712
cpu_rate,minikube,chaos-controller-manager-659785674d-wbwg8,chaos-testing,/kubepods/burstable/podd7abbfc2-2af5-4b28-b438-3ebef4bafcce,1780916469,0.00038780233290973247
cpu_rate,minikube,paymentservice-6b76dfb449-n8mm2,boutique,/kubepods/burstable/podd9986049-5066-4a99-a156-0bc7b2391961,1780916469,0.0005047666212702688
cpu_rate,minikube,checkoutservice-75b9cd684f-vzdsz,boutique,/kubepods/burstable/pod5827d8c7-6a98-4352-9825-164648474ddc,1780916469,0.0007635867354778047
cpu_rate,minikube,frontend-694b9f76cd-z2pk6,boutique,/kubepods/burstable/podcf6049c2-3667-4622-87ba-b06efa553d48,1780916469,0.011547299602465675
cpu_rate,minikube,productcatalogservice-fb49fc9cc-wptz6,boutique,/kubepods/burstable/pode9d4586d-6739-497d-ae8d-4fd70972eea8,1780916469,0.006077705654725002
cpu_rate,minikube,loadgenerator-7694cd65db-bdz8c,boutique,/kubepods/burstable/pod38d6ef8e-d456-4bd4-95a0-ea6760631a9d,1780916469,0.0028634583336618084
memory_working_set,minikube,kube-proxy-fshvh,kube-system,/kubepods/besteffort/pod2f4efb93-ee48-4c37-b1e1-6f2e54a917c7,1780916469,39358464.0
memory_working_set,minikube,monitoring-kube-state-metrics-868694bc4b-689cm,monitoring,/kubepods/besteffort/pod59c52cc8-67e3-4946-aac6-7ff0ef74285f,1780916469,38649856.0
memory_working_set,minikube,prometheus-monitoring-kube-prometheus-prometheus-0,monitoring,/kubepods/besteffort/pod6bff50b8-f988-4ff2-a8c1-8f95f2c25189,1780916469,300527616.0
memory_working_set,minikube,storage-provisioner,kube-system,/kubepods/besteffort/pod9bffcac8-a0cd-49a4-ad59-cdbf60a579cb,1780916469,21098496.0
memory_working_set,minikube,monitoring-grafana-6f66955c48-hlrcn,monitoring,/kubepods/besteffort/pod9d3fe3f0-8989-47b4-8478-0ae7be66df8d,1780916469,407408640.0
memory_working_set,minikube,chaos-daemon-n6ghj,chaos-testing,/kubepods/besteffort/poda051be83-a7cd-43e4-83d3-76f3c90e8474,1780916469,19623936.0
memory_working_set,minikube,monitoring-kube-prometheus-operator-556b56cc6d-n6dg9,monitoring,/kubepods/besteffort/podc8122519-a592-495f-9353-00a2f23fdf80,1780916469,41177088.0
memory_working_set,minikube,monitoring-prometheus-node-exporter-pdw8p,monitoring,/kubepods/besteffort/podd35abb3b-34f0-40fa-af55-3ab246fc64c8,1780916469,18509824.0
memory_working_set,minikube,kube-scheduler-minikube,kube-system,/kubepods/burstable/pod1c7123a121598343200ffd5b015ca580,1780916469,41238528.0
memory_working_set,minikube,shippingservice-55656785c7-lk4mx,boutique,/kubepods/burstable/pod1df51271-c9ea-47fa-8fb2-cf15bbc7c216,1780916469,14880768.0
memory_working_set,minikube,chaos-controller-manager-659785674d-29q42,chaos-testing,/kubepods/burstable/pod21ab858c-cee8-438c-8682-c786dc3dc044,1780916469,29380608.0
memory_working_set,minikube,chaos-controller-manager-659785674d-fjb2r,chaos-testing,/kubepods/burstable/pod2569141a-4d05-422e-bcf2-2f01e2f5056d,1780916469,36438016.0
memory_working_set,minikube,coredns-7d764666f9-hxxb8,kube-system,/kubepods/burstable/pod596c18fb-891c-4e87-9b11-83d99dd6d264,1780916469,39088128.0
memory_working_set,minikube,recommendationservice-6f8f67d69-fhrns,boutique,/kubepods/burstable/pod5ded7b1a-44d9-4178-8596-57a9e25f6171,1780916469,58052608.0
memory_working_set,minikube,etcd-minikube,kube-system,/kubepods/burstable/pod5ff8e3b06bbaa8cb7ebc2bf531e48a2f,1780916469,87752704.0
memory_working_set,minikube,emailservice-7466dc585-sv4wh,boutique,/kubepods/burstable/pod6116940a-da83-4761-97dc-892a207b789e,1780916469,53141504.0
memory_working_set,minikube,cartservice-546c548494-cb4lb,boutique,/kubepods/burstable/pod6ec732c5-cf34-4e25-a3ce-ff4b44ce8d19,1780916469,72019968.0
memory_working_set,minikube,kube-controller-manager-minikube,kube-system,/kubepods/burstable/pod740363cf4388c2d0df59fc97f96b889c,1780916469,96329728.0
memory_working_set,minikube,chaos-dashboard-5b77585c6c-zm7f4,chaos-testing,/kubepods/burstable/pod7d3e8284-7c72-4577-a8fb-79d957f69104,1780916469,48750592.0
memory_working_set,minikube,chaos-dns-server-6bccb5bb76-gscmn,chaos-testing,/kubepods/burstable/pod8a82a436-ef3f-4750-8f39-dbfde680d0b8,1780916469,28319744.0
memory_working_set,minikube,coredns-7d764666f9-gmlgd,kube-system,/kubepods/burstable/pod9289fad3-6e91-4617-b97d-6da4631c2f35,1780916469,32243712.0
memory_working_set,minikube,adservice-8576649cff-5bvst,boutique,/kubepods/burstable/pod9d685cd3-17df-43af-a26e-7743c006902d,1780916469,112726016.0
memory_working_set,minikube,kube-apiserver-minikube,kube-system,/kubepods/burstable/poda6dc00f40d27725f15407f95751ce5f7,1780916469,541601792.0
memory_working_set,minikube,alertmanager-monitoring-kube-prometheus-alertmanager-0,monitoring,/kubepods/burstable/podb5fde93f-2f9a-427f-aa16-8a257f179975,1780916469,53071872.0
memory_working_set,minikube,currencyservice-fd8f5dfb7-js8gr,boutique,/kubepods/burstable/podc827ec2d-8a9d-4e1c-8017-62c3901eccb4,1780916469,74719232.0
memory_working_set,minikube,redis-cart-6899b65948-ms767,boutique,/kubepods/burstable/podd425db0f-53f9-4bec-9ee1-49e4ced03bb6,1780916469,13778944.0
memory_working_set,minikube,chaos-controller-manager-659785674d-wbwg8,chaos-testing,/kubepods/burstable/podd7abbfc2-2af5-4b28-b438-3ebef4bafcce,1780916469,27721728.0
memory_working_set,minikube,paymentservice-6b76dfb449-n8mm2,boutique,/kubepods/burstable/podd9986049-5066-4a99-a156-0bc7b2391961,1780916469,47591424.0
memory_working_set,minikube,checkoutservice-75b9cd684f-vzdsz,boutique,/kubepods/burstable/pod5827d8c7-6a98-4352-9825-164648474ddc,1780916469,17375232.0
memory_working_set,minikube,frontend-694b9f76cd-z2pk6,boutique,/kubepods/burstable/podcf6049c2-3667-4622-87ba-b06efa553d48,1780916469,23502848.0
memory_working_set,minikube,productcatalogservice-fb49fc9cc-wptz6,boutique,/kubepods/burstable/pode9d4586d-6739-497d-ae8d-4fd70972eea8,1780916469,18870272.0
memory_working_set,minikube,loadgenerator-7694cd65db-bdz8c,boutique,/kubepods/burstable/pod38d6ef8e-d456-4bd4-95a0-ea6760631a9d,1780916469,75153408.0
cpu_rate,minikube,kube-proxy-fshvh,kube-system,/kubepods/besteffort/pod2f4efb93-ee48-4c37-b1e1-6f2e54a917c7,1780916498,0.0006784314534023135
cpu_rate,minikube,monitoring-kube-state-metrics-868694bc4b-689cm,monitoring,/kubepods/besteffort/pod59c52cc8-67e3-4946-aac6-7ff0ef74285f,1780916498,0.0007807595599300931
cpu_rate,minikube,prometheus-monitoring-kube-prometheus-prometheus-0,monitoring,/kubepods/besteffort/pod6bff50b8-f988-4ff2-a8c1-8f95f2c25189,1780916498,0.031899575792660416
cpu_rate,minikube,storage-provisioner,kube-system,/kubepods/besteffort/pod9bffcac8-a0cd-49a4-ad59-cdbf60a579cb,1780916498,0.001743881533708483
cpu_rate,minikube,monitoring-grafana-6f66955c48-hlrcn,monitoring,/kubepods/besteffort/pod9d3fe3f0-8989-47b4-8478-0ae7be66df8d,1780916498,0.011037520360439241
cpu_rate,minikube,chaos-daemon-n6ghj,chaos-testing,/kubepods/besteffort/poda051be83-a7cd-43e4-83d3-76f3c90e8474,1780916498,2.966465350777011e-05
cpu_rate,minikube,monitoring-kube-prometheus-operator-556b56cc6d-n6dg9,monitoring,/kubepods/besteffort/podc8122519-a592-495f-9353-00a2f23fdf80,1780916498,0.002512723292630169
cpu_rate,minikube,monitoring-prometheus-node-exporter-pdw8p,monitoring,/kubepods/besteffort/podd35abb3b-34f0-40fa-af55-3ab246fc64c8,1780916498,0.0010583420466187658
cpu_rate,minikube,kube-scheduler-minikube,kube-system,/kubepods/burstable/pod1c7123a121598343200ffd5b015ca580,1780916498,0.005113612469686353
cpu_rate,minikube,shippingservice-55656785c7-lk4mx,boutique,/kubepods/burstable/pod1df51271-c9ea-47fa-8fb2-cf15bbc7c216,1780916498,0.000990545056149007
cpu_rate,minikube,chaos-controller-manager-659785674d-29q42,chaos-testing,/kubepods/burstable/pod21ab858c-cee8-438c-8682-c786dc3dc044,1780916498,0.001077791319154373
cpu_rate,minikube,chaos-controller-manager-659785674d-fjb2r,chaos-testing,/kubepods/burstable/pod2569141a-4d05-422e-bcf2-2f01e2f5056d,1780916498,0.005912716574043939
cpu_rate,minikube,coredns-7d764666f9-hxxb8,kube-system,/kubepods/burstable/pod596c18fb-891c-4e87-9b11-83d99dd6d264,1780916498,0.0022292525244632937
cpu_rate,minikube,recommendationservice-6f8f67d69-fhrns,boutique,/kubepods/burstable/pod5ded7b1a-44d9-4178-8596-57a9e25f6171,1780916498,0.006180102915951921
cpu_rate,minikube,etcd-minikube,kube-system,/kubepods/burstable/pod5ff8e3b06bbaa8cb7ebc2bf531e48a2f,1780916498,0.028242347681429848
cpu_rate,minikube,emailservice-7466dc585-sv4wh,boutique,/kubepods/burstable/pod6116940a-da83-4761-97dc-892a207b789e,1780916498,0.001374419494301651
cpu_rate,minikube,cartservice-546c548494-cb4lb,boutique,/kubepods/burstable/pod6ec732c5-cf34-4e25-a3ce-ff4b44ce8d19,1780916498,0.004201147920212933
cpu_rate,minikube,kube-controller-manager-minikube,kube-system,/kubepods/burstable/pod740363cf4388c2d0df59fc97f96b889c,1780916498,0.012541102793323444
cpu_rate,minikube,chaos-dashboard-5b77585c6c-zm7f4,chaos-testing,/kubepods/burstable/pod7d3e8284-7c72-4577-a8fb-79d957f69104,1780916498,0.002354156676561555
cpu_rate,minikube,chaos-dns-server-6bccb5bb76-gscmn,chaos-testing,/kubepods/burstable/pod8a82a436-ef3f-4750-8f39-dbfde680d0b8,1780916498,0.002250140637625421
cpu_rate,minikube,coredns-7d764666f9-gmlgd,kube-system,/kubepods/burstable/pod9289fad3-6e91-4617-b97d-6da4631c2f35,1780916498,0.002032155390814555
cpu_rate,minikube,adservice-8576649cff-5bvst,boutique,/kubepods/burstable/pod9d685cd3-17df-43af-a26e-7743c006902d,1780916498,0.001327713792369871
cpu_rate,minikube,kube-apiserver-minikube,kube-system,/kubepods/burstable/poda6dc00f40d27725f15407f95751ce5f7,1780916498,0.05401070782637197
cpu_rate,minikube,alertmanager-monitoring-kube-prometheus-alertmanager-0,monitoring,/kubepods/burstable/podb5fde93f-2f9a-427f-aa16-8a257f179975,1780916498,0.0006084128086906907
cpu_rate,minikube,currencyservice-fd8f5dfb7-js8gr,boutique,/kubepods/burstable/podc827ec2d-8a9d-4e1c-8017-62c3901eccb4,1780916498,0.006386661340182378
cpu_rate,minikube,redis-cart-6899b65948-ms767,boutique,/kubepods/burstable/podd425db0f-53f9-4bec-9ee1-49e4ced03bb6,1780916498,0.0019772622787526117
cpu_rate,minikube,chaos-controller-manager-659785674d-wbwg8,chaos-testing,/kubepods/burstable/podd7abbfc2-2af5-4b28-b438-3ebef4bafcce,1780916498,0.0003632680452240887
cpu_rate,minikube,paymentservice-6b76dfb449-n8mm2,boutique,/kubepods/burstable/podd9986049-5066-4a99-a156-0bc7b2391961,1780916498,0.0005111516371106101
cpu_rate,minikube,checkoutservice-75b9cd684f-vzdsz,boutique,/kubepods/burstable/pod5827d8c7-6a98-4352-9825-164648474ddc,1780916498,0.0006144261586167846
cpu_rate,minikube,frontend-694b9f76cd-z2pk6,boutique,/kubepods/burstable/podcf6049c2-3667-4622-87ba-b06efa553d48,1780916498,0.011539723463349296
cpu_rate,minikube,productcatalogservice-fb49fc9cc-wptz6,boutique,/kubepods/burstable/pode9d4586d-6739-497d-ae8d-4fd70972eea8,1780916498,0.006337210060853661
cpu_rate,minikube,loadgenerator-7694cd65db-bdz8c,boutique,/kubepods/burstable/pod38d6ef8e-d456-4bd4-95a0-ea6760631a9d,1780916498,0.0028609184074049536
memory_working_set,minikube,kube-proxy-fshvh,kube-system,/kubepods/besteffort/pod2f4efb93-ee48-4c37-b1e1-6f2e54a917c7,1780916498,39362560.0
memory_working_set,minikube,monitoring-kube-state-metrics-868694bc4b-689cm,monitoring,/kubepods/besteffort/pod59c52cc8-67e3-4946-aac6-7ff0ef74285f,1780916498,38653952.0
memory_working_set,minikube,prometheus-monitoring-kube-prometheus-prometheus-0,monitoring,/kubepods/besteffort/pod6bff50b8-f988-4ff2-a8c1-8f95f2c25189,1780916498,295763968.0
memory_working_set,minikube,storage-provisioner,kube-system,/kubepods/besteffort/pod9bffcac8-a0cd-49a4-ad59-cdbf60a579cb,1780916498,20918272.0
memory_working_set,minikube,monitoring-grafana-6f66955c48-hlrcn,monitoring,/kubepods/besteffort/pod9d3fe3f0-8989-47b4-8478-0ae7be66df8d,1780916498,407486464.0
memory_working_set,minikube,chaos-daemon-n6ghj,chaos-testing,/kubepods/besteffort/poda051be83-a7cd-43e4-83d3-76f3c90e8474,1780916498,19623936.0
memory_working_set,minikube,monitoring-kube-prometheus-operator-556b56cc6d-n6dg9,monitoring,/kubepods/besteffort/podc8122519-a592-495f-9353-00a2f23fdf80,1780916498,41222144.0
memory_working_set,minikube,monitoring-prometheus-node-exporter-pdw8p,monitoring,/kubepods/besteffort/podd35abb3b-34f0-40fa-af55-3ab246fc64c8,1780916498,18644992.0
memory_working_set,minikube,kube-scheduler-minikube,kube-system,/kubepods/burstable/pod1c7123a121598343200ffd5b015ca580,1780916498,41246720.0
memory_working_set,minikube,shippingservice-55656785c7-lk4mx,boutique,/kubepods/burstable/pod1df51271-c9ea-47fa-8fb2-cf15bbc7c216,1780916498,14880768.0
memory_working_set,minikube,chaos-controller-manager-659785674d-29q42,chaos-testing,/kubepods/burstable/pod21ab858c-cee8-438c-8682-c786dc3dc044,1780916498,29372416.0
memory_working_set,minikube,chaos-controller-manager-659785674d-fjb2r,chaos-testing,/kubepods/burstable/pod2569141a-4d05-422e-bcf2-2f01e2f5056d,1780916498,36438016.0
memory_working_set,minikube,coredns-7d764666f9-hxxb8,kube-system,/kubepods/burstable/pod596c18fb-891c-4e87-9b11-83d99dd6d264,1780916498,39165952.0
memory_working_set,minikube,recommendationservice-6f8f67d69-fhrns,boutique,/kubepods/burstable/pod5ded7b1a-44d9-4178-8596-57a9e25f6171,1780916498,58048512.0
memory_working_set,minikube,etcd-minikube,kube-system,/kubepods/burstable/pod5ff8e3b06bbaa8cb7ebc2bf531e48a2f,1780916498,95768576.0
memory_working_set,minikube,emailservice-7466dc585-sv4wh,boutique,/kubepods/burstable/pod6116940a-da83-4761-97dc-892a207b789e,1780916498,53399552.0
memory_working_set,minikube,cartservice-546c548494-cb4lb,boutique,/kubepods/burstable/pod6ec732c5-cf34-4e25-a3ce-ff4b44ce8d19,1780916498,71991296.0
memory_working_set,minikube,kube-controller-manager-minikube,kube-system,/kubepods/burstable/pod740363cf4388c2d0df59fc97f96b889c,1780916498,96329728.0
memory_working_set,minikube,chaos-dashboard-5b77585c6c-zm7f4,chaos-testing,/kubepods/burstable/pod7d3e8284-7c72-4577-a8fb-79d957f69104,1780916498,48754688.0
memory_working_set,minikube,chaos-dns-server-6bccb5bb76-gscmn,chaos-testing,/kubepods/burstable/pod8a82a436-ef3f-4750-8f39-dbfde680d0b8,1780916498,28315648.0
memory_working_set,minikube,coredns-7d764666f9-gmlgd,kube-system,/kubepods/burstable/pod9289fad3-6e91-4617-b97d-6da4631c2f35,1780916498,31195136.0
memory_working_set,minikube,adservice-8576649cff-5bvst,boutique,/kubepods/burstable/pod9d685cd3-17df-43af-a26e-7743c006902d,1780916498,112726016.0
memory_working_set,minikube,kube-apiserver-minikube,kube-system,/kubepods/burstable/poda6dc00f40d27725f15407f95751ce5f7,1780916498,550301696.0
memory_working_set,minikube,alertmanager-monitoring-kube-prometheus-alertmanager-0,monitoring,/kubepods/burstable/podb5fde93f-2f9a-427f-aa16-8a257f179975,1780916498,53739520.0
memory_working_set,minikube,currencyservice-fd8f5dfb7-js8gr,boutique,/kubepods/burstable/podc827ec2d-8a9d-4e1c-8017-62c3901eccb4,1780916498,74522624.0
memory_working_set,minikube,redis-cart-6899b65948-ms767,boutique,/kubepods/burstable/podd425db0f-53f9-4bec-9ee1-49e4ced03bb6,1780916498,13778944.0
memory_working_set,minikube,chaos-controller-manager-659785674d-wbwg8,chaos-testing,/kubepods/burstable/podd7abbfc2-2af5-4b28-b438-3ebef4bafcce,1780916498,27721728.0
memory_working_set,minikube,paymentservice-6b76dfb449-n8mm2,boutique,/kubepods/burstable/podd9986049-5066-4a99-a156-0bc7b2391961,1780916498,48078848.0
memory_working_set,minikube,checkoutservice-75b9cd684f-vzdsz,boutique,/kubepods/burstable/pod5827d8c7-6a98-4352-9825-164648474ddc,1780916498,17375232.0
memory_working_set,minikube,frontend-694b9f76cd-z2pk6,boutique,/kubepods/burstable/podcf6049c2-3667-4622-87ba-b06efa553d48,1780916498,23375872.0
memory_working_set,minikube,productcatalogservice-fb49fc9cc-wptz6,boutique,/kubepods/burstable/pode9d4586d-6739-497d-ae8d-4fd70972eea8,1780916498,18808832.0
memory_working_set,minikube,loadgenerator-7694cd65db-bdz8c,boutique,/kubepods/burstable/pod38d6ef8e-d456-4bd4-95a0-ea6760631a9d,1780916498,75161600.0
cpu_rate,minikube,kube-proxy-fshvh,kube-system,/kubepods/besteffort/pod2f4efb93-ee48-4c37-b1e1-6f2e54a917c7,1780916527,0.0003491538573437167
cpu_rate,minikube,monitoring-kube-state-metrics-868694bc4b-689cm,monitoring,/kubepods/besteffort/pod59c52cc8-67e3-4946-aac6-7ff0ef74285f,1780916527,0.0007624512690569033
cpu_rate,minikube,prometheus-monitoring-kube-prometheus-prometheus-0,monitoring,/kubepods/besteffort/pod6bff50b8-f988-4ff2-a8c1-8f95f2c25189,1780916527,0.014099999020961002
cpu_rate,minikube,storage-provisioner,kube-system,/kubepods/besteffort/pod9bffcac8-a0cd-49a4-ad59-cdbf60a579cb,1780916527,0.0015761509359799157
cpu_rate,minikube,monitoring-grafana-6f66955c48-hlrcn,monitoring,/kubepods/besteffort/pod9d3fe3f0-8989-47b4-8478-0ae7be66df8d,1780916527,0.01072589826220472
cpu_rate,minikube,chaos-daemon-n6ghj,chaos-testing,/kubepods/besteffort/poda051be83-a7cd-43e4-83d3-76f3c90e8474,1780916527,3.038248146511445e-05
cpu_rate,minikube,monitoring-kube-prometheus-operator-556b56cc6d-n6dg9,monitoring,/kubepods/besteffort/podc8122519-a592-495f-9353-00a2f23fdf80,1780916527,0.002409050943961714
cpu_rate,minikube,monitoring-prometheus-node-exporter-pdw8p,monitoring,/kubepods/besteffort/podd35abb3b-34f0-40fa-af55-3ab246fc64c8,1780916527,0.00097664454674076
cpu_rate,minikube,kube-scheduler-minikube,kube-system,/kubepods/burstable/pod1c7123a121598343200ffd5b015ca580,1780916527,0.005282178535129324
cpu_rate,minikube,shippingservice-55656785c7-lk4mx,boutique,/kubepods/burstable/pod1df51271-c9ea-47fa-8fb2-cf15bbc7c216,1780916527,0.0009599869710819311
cpu_rate,minikube,chaos-controller-manager-659785674d-29q42,chaos-testing,/kubepods/burstable/pod21ab858c-cee8-438c-8682-c786dc3dc044,1780916527,0.0004688801099943835
cpu_rate,minikube,chaos-controller-manager-659785674d-fjb2r,chaos-testing,/kubepods/burstable/pod2569141a-4d05-422e-bcf2-2f01e2f5056d,1780916527,0.005250592099530444
cpu_rate,minikube,coredns-7d764666f9-hxxb8,kube-system,/kubepods/burstable/pod596c18fb-891c-4e87-9b11-83d99dd6d264,1780916527,0.0019125347228189991
cpu_rate,minikube,recommendationservice-6f8f67d69-fhrns,boutique,/kubepods/burstable/pod5ded7b1a-44d9-4178-8596-57a9e25f6171,1780916527,0.006425350289682385
cpu_rate,minikube,etcd-minikube,kube-system,/kubepods/burstable/pod5ff8e3b06bbaa8cb7ebc2bf531e48a2f,1780916527,0.02776950587113335
cpu_rate,minikube,emailservice-7466dc585-sv4wh,boutique,/kubepods/burstable/pod6116940a-da83-4761-97dc-892a207b789e,1780916527,0.0016193867457962906
cpu_rate,minikube,cartservice-546c548494-cb4lb,boutique,/kubepods/burstable/pod6ec732c5-cf34-4e25-a3ce-ff4b44ce8d19,1780916527,0.00410112384383335
cpu_rate,minikube,kube-controller-manager-minikube,kube-system,/kubepods/burstable/pod740363cf4388c2d0df59fc97f96b889c,1780916527,0.012369646327534274
cpu_rate,minikube,chaos-dashboard-5b77585c6c-zm7f4,chaos-testing,/kubepods/burstable/pod7d3e8284-7c72-4577-a8fb-79d957f69104,1780916527,0.0024776310795145804
cpu_rate,minikube,chaos-dns-server-6bccb5bb76-gscmn,chaos-testing,/kubepods/burstable/pod8a82a436-ef3f-4750-8f39-dbfde680d0b8,1780916527,0.002095462408994138
cpu_rate,minikube,coredns-7d764666f9-gmlgd,kube-system,/kubepods/burstable/pod9289fad3-6e91-4617-b97d-6da4631c2f35,1780916527,0.002024708623628863
cpu_rate,minikube,adservice-8576649cff-5bvst,boutique,/kubepods/burstable/pod9d685cd3-17df-43af-a26e-7743c006902d,1780916527,0.0014858382135751343
cpu_rate,minikube,kube-apiserver-minikube,kube-system,/kubepods/burstable/poda6dc00f40d27725f15407f95751ce5f7,1780916527,0.06794943929980686
cpu_rate,minikube,alertmanager-monitoring-kube-prometheus-alertmanager-0,monitoring,/kubepods/burstable/podb5fde93f-2f9a-427f-aa16-8a257f179975,1780916527,0.0006096007934540028
cpu_rate,minikube,currencyservice-fd8f5dfb7-js8gr,boutique,/kubepods/burstable/podc827ec2d-8a9d-4e1c-8017-62c3901eccb4,1780916527,0.007496786775256189
cpu_rate,minikube,redis-cart-6899b65948-ms767,boutique,/kubepods/burstable/podd425db0f-53f9-4bec-9ee1-49e4ced03bb6,1780916527,0.0019903330436073273
cpu_rate,minikube,chaos-controller-manager-659785674d-wbwg8,chaos-testing,/kubepods/burstable/podd7abbfc2-2af5-4b28-b438-3ebef4bafcce,1780916527,0.0003824833377374505
cpu_rate,minikube,paymentservice-6b76dfb449-n8mm2,boutique,/kubepods/burstable/podd9986049-5066-4a99-a156-0bc7b2391961,1780916527,0.00038735277777777923
cpu_rate,minikube,checkoutservice-75b9cd684f-vzdsz,boutique,/kubepods/burstable/pod5827d8c7-6a98-4352-9825-164648474ddc,1780916527,0.0009346589794877628
cpu_rate,minikube,frontend-694b9f76cd-z2pk6,boutique,/kubepods/burstable/podcf6049c2-3667-4622-87ba-b06efa553d48,1780916527,0.013500507178526985
cpu_rate,minikube,productcatalogservice-fb49fc9cc-wptz6,boutique,/kubepods/burstable/pode9d4586d-6739-497d-ae8d-4fd70972eea8,1780916527,0.006345564770616271
cpu_rate,minikube,loadgenerator-7694cd65db-bdz8c,boutique,/kubepods/burstable/pod38d6ef8e-d456-4bd4-95a0-ea6760631a9d,1780916527,0.003202738305594084
memory_working_set,minikube,kube-proxy-fshvh,kube-system,/kubepods/besteffort/pod2f4efb93-ee48-4c37-b1e1-6f2e54a917c7,1780916527,39399424.0
memory_working_set,minikube,monitoring-kube-state-metrics-868694bc4b-689cm,monitoring,/kubepods/besteffort/pod59c52cc8-67e3-4946-aac6-7ff0ef74285f,1780916527,38649856.0
memory_working_set,minikube,prometheus-monitoring-kube-prometheus-prometheus-0,monitoring,/kubepods/besteffort/pod6bff50b8-f988-4ff2-a8c1-8f95f2c25189,1780916527,301318144.0
memory_working_set,minikube,storage-provisioner,kube-system,/kubepods/besteffort/pod9bffcac8-a0cd-49a4-ad59-cdbf60a579cb,1780916527,21012480.0
memory_working_set,minikube,monitoring-grafana-6f66955c48-hlrcn,monitoring,/kubepods/besteffort/pod9d3fe3f0-8989-47b4-8478-0ae7be66df8d,1780916527,407437312.0
memory_working_set,minikube,chaos-daemon-n6ghj,chaos-testing,/kubepods/besteffort/poda051be83-a7cd-43e4-83d3-76f3c90e8474,1780916527,19619840.0
memory_working_set,minikube,monitoring-kube-prometheus-operator-556b56cc6d-n6dg9,monitoring,/kubepods/besteffort/podc8122519-a592-495f-9353-00a2f23fdf80,1780916527,41234432.0
memory_working_set,minikube,monitoring-prometheus-node-exporter-pdw8p,monitoring,/kubepods/besteffort/podd35abb3b-34f0-40fa-af55-3ab246fc64c8,1780916527,19128320.0
memory_working_set,minikube,kube-scheduler-minikube,kube-system,/kubepods/burstable/pod1c7123a121598343200ffd5b015ca580,1780916527,41238528.0
memory_working_set,minikube,shippingservice-55656785c7-lk4mx,boutique,/kubepods/burstable/pod1df51271-c9ea-47fa-8fb2-cf15bbc7c216,1780916527,14909440.0
memory_working_set,minikube,chaos-controller-manager-659785674d-29q42,chaos-testing,/kubepods/burstable/pod21ab858c-cee8-438c-8682-c786dc3dc044,1780916527,29548544.0
memory_working_set,minikube,chaos-controller-manager-659785674d-fjb2r,chaos-testing,/kubepods/burstable/pod2569141a-4d05-422e-bcf2-2f01e2f5056d,1780916527,36438016.0
memory_working_set,minikube,coredns-7d764666f9-hxxb8,kube-system,/kubepods/burstable/pod596c18fb-891c-4e87-9b11-83d99dd6d264,1780916527,39157760.0
memory_working_set,minikube,recommendationservice-6f8f67d69-fhrns,boutique,/kubepods/burstable/pod5ded7b1a-44d9-4178-8596-57a9e25f6171,1780916527,58052608.0
memory_working_set,minikube,etcd-minikube,kube-system,/kubepods/burstable/pod5ff8e3b06bbaa8cb7ebc2bf531e48a2f,1780916527,95997952.0
memory_working_set,minikube,emailservice-7466dc585-sv4wh,boutique,/kubepods/burstable/pod6116940a-da83-4761-97dc-892a207b789e,1780916527,53141504.0
memory_working_set,minikube,cartservice-546c548494-cb4lb,boutique,/kubepods/burstable/pod6ec732c5-cf34-4e25-a3ce-ff4b44ce8d19,1780916527,72028160.0
memory_working_set,minikube,kube-controller-manager-minikube,kube-system,/kubepods/burstable/pod740363cf4388c2d0df59fc97f96b889c,1780916527,96329728.0
memory_working_set,minikube,chaos-dashboard-5b77585c6c-zm7f4,chaos-testing,/kubepods/burstable/pod7d3e8284-7c72-4577-a8fb-79d957f69104,1780916527,48750592.0
memory_working_set,minikube,chaos-dns-server-6bccb5bb76-gscmn,chaos-testing,/kubepods/burstable/pod8a82a436-ef3f-4750-8f39-dbfde680d0b8,1780916527,28315648.0
memory_working_set,minikube,coredns-7d764666f9-gmlgd,kube-system,/kubepods/burstable/pod9289fad3-6e91-4617-b97d-6da4631c2f35,1780916527,31469568.0
memory_working_set,minikube,adservice-8576649cff-5bvst,boutique,/kubepods/burstable/pod9d685cd3-17df-43af-a26e-7743c006902d,1780916527,112865280.0
memory_working_set,minikube,kube-apiserver-minikube,kube-system,/kubepods/burstable/poda6dc00f40d27725f15407f95751ce5f7,1780916527,621494272.0
memory_working_set,minikube,alertmanager-monitoring-kube-prometheus-alertmanager-0,monitoring,/kubepods/burstable/podb5fde93f-2f9a-427f-aa16-8a257f179975,1780916527,51695616.0
memory_working_set,minikube,currencyservice-fd8f5dfb7-js8gr,boutique,/kubepods/burstable/podc827ec2d-8a9d-4e1c-8017-62c3901eccb4,1780916527,75956224.0
memory_working_set,minikube,redis-cart-6899b65948-ms767,boutique,/kubepods/burstable/podd425db0f-53f9-4bec-9ee1-49e4ced03bb6,1780916527,14045184.0
memory_working_set,minikube,chaos-controller-manager-659785674d-wbwg8,chaos-testing,/kubepods/burstable/podd7abbfc2-2af5-4b28-b438-3ebef4bafcce,1780916527,27717632.0
memory_working_set,minikube,paymentservice-6b76dfb449-n8mm2,boutique,/kubepods/burstable/podd9986049-5066-4a99-a156-0bc7b2391961,1780916527,48001024.0
memory_working_set,minikube,checkoutservice-75b9cd684f-vzdsz,boutique,/kubepods/burstable/pod5827d8c7-6a98-4352-9825-164648474ddc,1780916527,17383424.0
memory_working_set,minikube,frontend-694b9f76cd-z2pk6,boutique,/kubepods/burstable/podcf6049c2-3667-4622-87ba-b06efa553d48,1780916527,23920640.0
memory_working_set,minikube,productcatalogservice-fb49fc9cc-wptz6,boutique,/kubepods/burstable/pode9d4586d-6739-497d-ae8d-4fd70972eea8,1780916527,18784256.0
memory_working_set,minikube,loadgenerator-7694cd65db-bdz8c,boutique,/kubepods/burstable/pod38d6ef8e-d456-4bd4-95a0-ea6760631a9d,1780916527,75177984.0
cpu_rate,minikube,kube-proxy-fshvh,kube-system,/kubepods/besteffort/pod2f4efb93-ee48-4c37-b1e1-6f2e54a917c7,1780916557,0.00038852742261935076
cpu_rate,minikube,monitoring-kube-state-metrics-868694bc4b-689cm,monitoring,/kubepods/besteffort/pod59c52cc8-67e3-4946-aac6-7ff0ef74285f,1780916557,0.0007900441589722961
cpu_rate,minikube,prometheus-monitoring-kube-prometheus-prometheus-0,monitoring,/kubepods/besteffort/pod6bff50b8-f988-4ff2-a8c1-8f95f2c25189,1780916557,0.014604970390241273
cpu_rate,minikube,storage-provisioner,kube-system,/kubepods/besteffort/pod9bffcac8-a0cd-49a4-ad59-cdbf60a579cb,1780916557,0.0016394328156651202
cpu_rate,minikube,monitoring-grafana-6f66955c48-hlrcn,monitoring,/kubepods/besteffort/pod9d3fe3f0-8989-47b4-8478-0ae7be66df8d,1780916557,0.010020075981585993
cpu_rate,minikube,chaos-daemon-n6ghj,chaos-testing,/kubepods/besteffort/poda051be83-a7cd-43e4-83d3-76f3c90e8474,1780916557,2.572151886551271e-06
cpu_rate,minikube,monitoring-kube-prometheus-operator-556b56cc6d-n6dg9,monitoring,/kubepods/besteffort/podc8122519-a592-495f-9353-00a2f23fdf80,1780916557,0.002649977725579202
cpu_rate,minikube,monitoring-prometheus-node-exporter-pdw8p,monitoring,/kubepods/besteffort/podd35abb3b-34f0-40fa-af55-3ab246fc64c8,1780916557,0.000993780485415928
cpu_rate,minikube,kube-scheduler-minikube,kube-system,/kubepods/burstable/pod1c7123a121598343200ffd5b015ca580,1780916557,0.0052489267803409135
cpu_rate,minikube,shippingservice-55656785c7-lk4mx,boutique,/kubepods/burstable/pod1df51271-c9ea-47fa-8fb2-cf15bbc7c216,1780916557,0.0009661486235612639
cpu_rate,minikube,chaos-controller-manager-659785674d-29q42,chaos-testing,/kubepods/burstable/pod21ab858c-cee8-438c-8682-c786dc3dc044,1780916557,0.0003835303349845526
cpu_rate,minikube,chaos-controller-manager-659785674d-fjb2r,chaos-testing,/kubepods/burstable/pod2569141a-4d05-422e-bcf2-2f01e2f5056d,1780916557,0.005749096315569292
cpu_rate,minikube,coredns-7d764666f9-hxxb8,kube-system,/kubepods/burstable/pod596c18fb-891c-4e87-9b11-83d99dd6d264,1780916557,0.0022695066200221978
cpu_rate,minikube,recommendationservice-6f8f67d69-fhrns,boutique,/kubepods/burstable/pod5ded7b1a-44d9-4178-8596-57a9e25f6171,1780916557,0.00596899878988183
cpu_rate,minikube,etcd-minikube,kube-system,/kubepods/burstable/pod5ff8e3b06bbaa8cb7ebc2bf531e48a2f,1780916557,0.02724622977250835
cpu_rate,minikube,emailservice-7466dc585-sv4wh,boutique,/kubepods/burstable/pod6116940a-da83-4761-97dc-892a207b789e,1780916557,0.0016705145930794195
cpu_rate,minikube,cartservice-546c548494-cb4lb,boutique,/kubepods/burstable/pod6ec732c5-cf34-4e25-a3ce-ff4b44ce8d19,1780916557,0.004429689190944176
cpu_rate,minikube,kube-controller-manager-minikube,kube-system,/kubepods/burstable/pod740363cf4388c2d0df59fc97f96b889c,1780916557,0.013442362608006672
cpu_rate,minikube,chaos-dashboard-5b77585c6c-zm7f4,chaos-testing,/kubepods/burstable/pod7d3e8284-7c72-4577-a8fb-79d957f69104,1780916557,0.0024700099729305807
cpu_rate,minikube,chaos-dns-server-6bccb5bb76-gscmn,chaos-testing,/kubepods/burstable/pod8a82a436-ef3f-4750-8f39-dbfde680d0b8,1780916557,0.0018987597222222278
cpu_rate,minikube,coredns-7d764666f9-gmlgd,kube-system,/kubepods/burstable/pod9289fad3-6e91-4617-b97d-6da4631c2f35,1780916557,0.002237114334831298
cpu_rate,minikube,adservice-8576649cff-5bvst,boutique,/kubepods/burstable/pod9d685cd3-17df-43af-a26e-7743c006902d,1780916557,0.0017452202997893798
cpu_rate,minikube,kube-apiserver-minikube,kube-system,/kubepods/burstable/poda6dc00f40d27725f15407f95751ce5f7,1780916557,0.06566993771726487
cpu_rate,minikube,alertmanager-monitoring-kube-prometheus-alertmanager-0,monitoring,/kubepods/burstable/podb5fde93f-2f9a-427f-aa16-8a257f179975,1780916557,0.0007944109259510734
cpu_rate,minikube,currencyservice-fd8f5dfb7-js8gr,boutique,/kubepods/burstable/podc827ec2d-8a9d-4e1c-8017-62c3901eccb4,1780916557,0.0073448288756556845
cpu_rate,minikube,redis-cart-6899b65948-ms767,boutique,/kubepods/burstable/podd425db0f-53f9-4bec-9ee1-49e4ced03bb6,1780916557,0.0020193668382258866
cpu_rate,minikube,chaos-controller-manager-659785674d-wbwg8,chaos-testing,/kubepods/burstable/podd7abbfc2-2af5-4b28-b438-3ebef4bafcce,1780916557,0.00036996287117477543
cpu_rate,minikube,paymentservice-6b76dfb449-n8mm2,boutique,/kubepods/burstable/podd9986049-5066-4a99-a156-0bc7b2391961,1780916557,0.00043159320759529455
cpu_rate,minikube,checkoutservice-75b9cd684f-vzdsz,boutique,/kubepods/burstable/pod5827d8c7-6a98-4352-9825-164648474ddc,1780916557,0.0008129655144871045
cpu_rate,minikube,frontend-694b9f76cd-z2pk6,boutique,/kubepods/burstable/podcf6049c2-3667-4622-87ba-b06efa553d48,1780916557,0.013587499410794509
cpu_rate,minikube,productcatalogservice-fb49fc9cc-wptz6,boutique,/kubepods/burstable/pode9d4586d-6739-497d-ae8d-4fd70972eea8,1780916557,0.006677250967160784
cpu_rate,minikube,loadgenerator-7694cd65db-bdz8c,boutique,/kubepods/burstable/pod38d6ef8e-d456-4bd4-95a0-ea6760631a9d,1780916557,0.003155614343404138
memory_working_set,minikube,kube-proxy-fshvh,kube-system,/kubepods/besteffort/pod2f4efb93-ee48-4c37-b1e1-6f2e54a917c7,1780916557,39510016.0
memory_working_set,minikube,monitoring-kube-state-metrics-868694bc4b-689cm,monitoring,/kubepods/besteffort/pod59c52cc8-67e3-4946-aac6-7ff0ef74285f,1780916557,38674432.0
memory_working_set,minikube,prometheus-monitoring-kube-prometheus-prometheus-0,monitoring,/kubepods/besteffort/pod6bff50b8-f988-4ff2-a8c1-8f95f2c25189,1780916557,301334528.0
memory_working_set,minikube,storage-provisioner,kube-system,/kubepods/besteffort/pod9bffcac8-a0cd-49a4-ad59-cdbf60a579cb,1780916557,21028864.0
memory_working_set,minikube,monitoring-grafana-6f66955c48-hlrcn,monitoring,/kubepods/besteffort/pod9d3fe3f0-8989-47b4-8478-0ae7be66df8d,1780916557,407478272.0
memory_working_set,minikube,chaos-daemon-n6ghj,chaos-testing,/kubepods/besteffort/poda051be83-a7cd-43e4-83d3-76f3c90e8474,1780916557,19619840.0
memory_working_set,minikube,monitoring-kube-prometheus-operator-556b56cc6d-n6dg9,monitoring,/kubepods/besteffort/podc8122519-a592-495f-9353-00a2f23fdf80,1780916557,41250816.0
memory_working_set,minikube,monitoring-prometheus-node-exporter-pdw8p,monitoring,/kubepods/besteffort/podd35abb3b-34f0-40fa-af55-3ab246fc64c8,1780916557,18669568.0
memory_working_set,minikube,kube-scheduler-minikube,kube-system,/kubepods/burstable/pod1c7123a121598343200ffd5b015ca580,1780916557,41234432.0
memory_working_set,minikube,shippingservice-55656785c7-lk4mx,boutique,/kubepods/burstable/pod1df51271-c9ea-47fa-8fb2-cf15bbc7c216,1780916557,14905344.0
memory_working_set,minikube,chaos-controller-manager-659785674d-29q42,chaos-testing,/kubepods/burstable/pod21ab858c-cee8-438c-8682-c786dc3dc044,1780916557,29573120.0
memory_working_set,minikube,chaos-controller-manager-659785674d-fjb2r,chaos-testing,/kubepods/burstable/pod2569141a-4d05-422e-bcf2-2f01e2f5056d,1780916557,36438016.0
memory_working_set,minikube,coredns-7d764666f9-hxxb8,kube-system,/kubepods/burstable/pod596c18fb-891c-4e87-9b11-83d99dd6d264,1780916557,39325696.0
memory_working_set,minikube,recommendationservice-6f8f67d69-fhrns,boutique,/kubepods/burstable/pod5ded7b1a-44d9-4178-8596-57a9e25f6171,1780916557,58048512.0
memory_working_set,minikube,etcd-minikube,kube-system,/kubepods/burstable/pod5ff8e3b06bbaa8cb7ebc2bf531e48a2f,1780916557,95232000.0
memory_working_set,minikube,emailservice-7466dc585-sv4wh,boutique,/kubepods/burstable/pod6116940a-da83-4761-97dc-892a207b789e,1780916557,53141504.0
memory_working_set,minikube,cartservice-546c548494-cb4lb,boutique,/kubepods/burstable/pod6ec732c5-cf34-4e25-a3ce-ff4b44ce8d19,1780916557,71995392.0
memory_working_set,minikube,kube-controller-manager-minikube,kube-system,/kubepods/burstable/pod740363cf4388c2d0df59fc97f96b889c,1780916557,96329728.0
memory_working_set,minikube,chaos-dashboard-5b77585c6c-zm7f4,chaos-testing,/kubepods/burstable/pod7d3e8284-7c72-4577-a8fb-79d957f69104,1780916557,48750592.0
memory_working_set,minikube,chaos-dns-server-6bccb5bb76-gscmn,chaos-testing,/kubepods/burstable/pod8a82a436-ef3f-4750-8f39-dbfde680d0b8,1780916557,28315648.0
memory_working_set,minikube,coredns-7d764666f9-gmlgd,kube-system,/kubepods/burstable/pod9289fad3-6e91-4617-b97d-6da4631c2f35,1780916557,31862784.0
memory_working_set,minikube,adservice-8576649cff-5bvst,boutique,/kubepods/burstable/pod9d685cd3-17df-43af-a26e-7743c006902d,1780916557,112730112.0
memory_working_set,minikube,kube-apiserver-minikube,kube-system,/kubepods/burstable/poda6dc00f40d27725f15407f95751ce5f7,1780916557,621989888.0
memory_working_set,minikube,alertmanager-monitoring-kube-prometheus-alertmanager-0,monitoring,/kubepods/burstable/podb5fde93f-2f9a-427f-aa16-8a257f179975,1780916557,52994048.0
memory_working_set,minikube,currencyservice-fd8f5dfb7-js8gr,boutique,/kubepods/burstable/podc827ec2d-8a9d-4e1c-8017-62c3901eccb4,1780916557,77156352.0
memory_working_set,minikube,redis-cart-6899b65948-ms767,boutique,/kubepods/burstable/podd425db0f-53f9-4bec-9ee1-49e4ced03bb6,1780916557,14041088.0
memory_working_set,minikube,chaos-controller-manager-659785674d-wbwg8,chaos-testing,/kubepods/burstable/podd7abbfc2-2af5-4b28-b438-3ebef4bafcce,1780916557,27979776.0
memory_working_set,minikube,paymentservice-6b76dfb449-n8mm2,boutique,/kubepods/burstable/podd9986049-5066-4a99-a156-0bc7b2391961,1780916557,48566272.0
memory_working_set,minikube,checkoutservice-75b9cd684f-vzdsz,boutique,/kubepods/burstable/pod5827d8c7-6a98-4352-9825-164648474ddc,1780916557,17375232.0
memory_working_set,minikube,frontend-694b9f76cd-z2pk6,boutique,/kubepods/burstable/podcf6049c2-3667-4622-87ba-b06efa553d48,1780916557,23416832.0
memory_working_set,minikube,productcatalogservice-fb49fc9cc-wptz6,boutique,/kubepods/burstable/pode9d4586d-6739-497d-ae8d-4fd70972eea8,1780916557,19034112.0
memory_working_set,minikube,loadgenerator-7694cd65db-bdz8c,boutique,/kubepods/burstable/pod38d6ef8e-d456-4bd4-95a0-ea6760631a9d,1780916557,75186176.0
cpu_rate,minikube,kube-proxy-fshvh,kube-system,/kubepods/besteffort/pod2f4efb93-ee48-4c37-b1e1-6f2e54a917c7,1780916586,0.0003958606647705014
cpu_rate,minikube,monitoring-kube-state-metrics-868694bc4b-689cm,monitoring,/kubepods/besteffort/pod59c52cc8-67e3-4946-aac6-7ff0ef74285f,1780916586,0.0007811241369390085
cpu_rate,minikube,prometheus-monitoring-kube-prometheus-prometheus-0,monitoring,/kubepods/besteffort/pod6bff50b8-f988-4ff2-a8c1-8f95f2c25189,1780916586,0.015407099844105383
cpu_rate,minikube,storage-provisioner,kube-system,/kubepods/besteffort/pod9bffcac8-a0cd-49a4-ad59-cdbf60a579cb,1780916586,0.0014790365193958798
cpu_rate,minikube,monitoring-grafana-6f66955c48-hlrcn,monitoring,/kubepods/besteffort/pod9d3fe3f0-8989-47b4-8478-0ae7be66df8d,1780916586,0.01076568583156271
cpu_rate,minikube,chaos-daemon-n6ghj,chaos-testing,/kubepods/besteffort/poda051be83-a7cd-43e4-83d3-76f3c90e8474,1780916586,2.6700349000557612e-05
cpu_rate,minikube,monitoring-kube-prometheus-operator-556b56cc6d-n6dg9,monitoring,/kubepods/besteffort/podc8122519-a592-495f-9353-00a2f23fdf80,1780916586,0.0023610727149301954
cpu_rate,minikube,monitoring-prometheus-node-exporter-pdw8p,monitoring,/kubepods/besteffort/podd35abb3b-34f0-40fa-af55-3ab246fc64c8,1780916586,0.0011503922712831148
cpu_rate,minikube,kube-scheduler-minikube,kube-system,/kubepods/burstable/pod1c7123a121598343200ffd5b015ca580,1780916586,0.005405165213637387
cpu_rate,minikube,shippingservice-55656785c7-lk4mx,boutique,/kubepods/burstable/pod1df51271-c9ea-47fa-8fb2-cf15bbc7c216,1780916586,0.001066857775398582
cpu_rate,minikube,chaos-controller-manager-659785674d-29q42,chaos-testing,/kubepods/burstable/pod21ab858c-cee8-438c-8682-c786dc3dc044,1780916586,0.0003772619720468613
cpu_rate,minikube,chaos-controller-manager-659785674d-fjb2r,chaos-testing,/kubepods/burstable/pod2569141a-4d05-422e-bcf2-2f01e2f5056d,1780916586,0.005941294055759929
cpu_rate,minikube,coredns-7d764666f9-hxxb8,kube-system,/kubepods/burstable/pod596c18fb-891c-4e87-9b11-83d99dd6d264,1780916586,0.0022714095975054217
cpu_rate,minikube,recommendationservice-6f8f67d69-fhrns,boutique,/kubepods/burstable/pod5ded7b1a-44d9-4178-8596-57a9e25f6171,1780916586,0.0067707906613818985
cpu_rate,minikube,etcd-minikube,kube-system,/kubepods/burstable/pod5ff8e3b06bbaa8cb7ebc2bf531e48a2f,1780916586,0.028004823422269752
cpu_rate,minikube,emailservice-7466dc585-sv4wh,boutique,/kubepods/burstable/pod6116940a-da83-4761-97dc-892a207b789e,1780916586,0.0017965789473684379
cpu_rate,minikube,cartservice-546c548494-cb4lb,boutique,/kubepods/burstable/pod6ec732c5-cf34-4e25-a3ce-ff4b44ce8d19,1780916586,0.004760227946204635
cpu_rate,minikube,kube-controller-manager-minikube,kube-system,/kubepods/burstable/pod740363cf4388c2d0df59fc97f96b889c,1780916586,0.013497796979937702
cpu_rate,minikube,chaos-dashboard-5b77585c6c-zm7f4,chaos-testing,/kubepods/burstable/pod7d3e8284-7c72-4577-a8fb-79d957f69104,1780916586,0.0024531325544801526
cpu_rate,minikube,chaos-dns-server-6bccb5bb76-gscmn,chaos-testing,/kubepods/burstable/pod8a82a436-ef3f-4750-8f39-dbfde680d0b8,1780916586,0.0021988445659920277
cpu_rate,minikube,coredns-7d764666f9-gmlgd,kube-system,/kubepods/burstable/pod9289fad3-6e91-4617-b97d-6da4631c2f35,1780916586,0.0022517507745851515
cpu_rate,minikube,adservice-8576649cff-5bvst,boutique,/kubepods/burstable/pod9d685cd3-17df-43af-a26e-7743c006902d,1780916586,0.0017781013395458257
cpu_rate,minikube,kube-apiserver-minikube,kube-system,/kubepods/burstable/poda6dc00f40d27725f15407f95751ce5f7,1780916586,0.06754912719649907
cpu_rate,minikube,alertmanager-monitoring-kube-prometheus-alertmanager-0,monitoring,/kubepods/burstable/podb5fde93f-2f9a-427f-aa16-8a257f179975,1780916586,0.0007386847222222245
cpu_rate,minikube,currencyservice-fd8f5dfb7-js8gr,boutique,/kubepods/burstable/podc827ec2d-8a9d-4e1c-8017-62c3901eccb4,1780916586,0.007738700105482208
cpu_rate,minikube,redis-cart-6899b65948-ms767,boutique,/kubepods/burstable/podd425db0f-53f9-4bec-9ee1-49e4ced03bb6,1780916586,0.0020859707179119594
cpu_rate,minikube,chaos-controller-manager-659785674d-wbwg8,chaos-testing,/kubepods/burstable/podd7abbfc2-2af5-4b28-b438-3ebef4bafcce,1780916586,0.00026110329659771573
cpu_rate,minikube,paymentservice-6b76dfb449-n8mm2,boutique,/kubepods/burstable/podd9986049-5066-4a99-a156-0bc7b2391961,1780916586,0.000704573125737935
cpu_rate,minikube,checkoutservice-75b9cd684f-vzdsz,boutique,/kubepods/burstable/pod5827d8c7-6a98-4352-9825-164648474ddc,1780916586,0.0012221598703080034
cpu_rate,minikube,frontend-694b9f76cd-z2pk6,boutique,/kubepods/burstable/podcf6049c2-3667-4622-87ba-b06efa553d48,1780916586,0.013779965718894819
cpu_rate,minikube,productcatalogservice-fb49fc9cc-wptz6,boutique,/kubepods/burstable/pode9d4586d-6739-497d-ae8d-4fd70972eea8,1780916586,0.006994905551192388
cpu_rate,minikube,loadgenerator-7694cd65db-bdz8c,boutique,/kubepods/burstable/pod38d6ef8e-d456-4bd4-95a0-ea6760631a9d,1780916586,0.0032682954580716766
memory_working_set,minikube,kube-proxy-fshvh,kube-system,/kubepods/besteffort/pod2f4efb93-ee48-4c37-b1e1-6f2e54a917c7,1780916586,39518208.0
memory_working_set,minikube,monitoring-kube-state-metrics-868694bc4b-689cm,monitoring,/kubepods/besteffort/pod59c52cc8-67e3-4946-aac6-7ff0ef74285f,1780916586,38674432.0
memory_working_set,minikube,prometheus-monitoring-kube-prometheus-prometheus-0,monitoring,/kubepods/besteffort/pod6bff50b8-f988-4ff2-a8c1-8f95f2c25189,1780916586,302530560.0
memory_working_set,minikube,storage-provisioner,kube-system,/kubepods/besteffort/pod9bffcac8-a0cd-49a4-ad59-cdbf60a579cb,1780916586,21184512.0
memory_working_set,minikube,monitoring-grafana-6f66955c48-hlrcn,monitoring,/kubepods/besteffort/pod9d3fe3f0-8989-47b4-8478-0ae7be66df8d,1780916586,407412736.0
memory_working_set,minikube,chaos-daemon-n6ghj,chaos-testing,/kubepods/besteffort/poda051be83-a7cd-43e4-83d3-76f3c90e8474,1780916586,19619840.0
memory_working_set,minikube,monitoring-kube-prometheus-operator-556b56cc6d-n6dg9,monitoring,/kubepods/besteffort/podc8122519-a592-495f-9353-00a2f23fdf80,1780916586,41246720.0
memory_working_set,minikube,monitoring-prometheus-node-exporter-pdw8p,monitoring,/kubepods/besteffort/podd35abb3b-34f0-40fa-af55-3ab246fc64c8,1780916586,19378176.0
memory_working_set,minikube,kube-scheduler-minikube,kube-system,/kubepods/burstable/pod1c7123a121598343200ffd5b015ca580,1780916586,41238528.0
memory_working_set,minikube,shippingservice-55656785c7-lk4mx,boutique,/kubepods/burstable/pod1df51271-c9ea-47fa-8fb2-cf15bbc7c216,1780916586,14905344.0
memory_working_set,minikube,chaos-controller-manager-659785674d-29q42,chaos-testing,/kubepods/burstable/pod21ab858c-cee8-438c-8682-c786dc3dc044,1780916586,29609984.0
memory_working_set,minikube,chaos-controller-manager-659785674d-fjb2r,chaos-testing,/kubepods/burstable/pod2569141a-4d05-422e-bcf2-2f01e2f5056d,1780916586,36442112.0
memory_working_set,minikube,coredns-7d764666f9-hxxb8,kube-system,/kubepods/burstable/pod596c18fb-891c-4e87-9b11-83d99dd6d264,1780916586,39362560.0
memory_working_set,minikube,recommendationservice-6f8f67d69-fhrns,boutique,/kubepods/burstable/pod5ded7b1a-44d9-4178-8596-57a9e25f6171,1780916586,58056704.0
memory_working_set,minikube,etcd-minikube,kube-system,/kubepods/burstable/pod5ff8e3b06bbaa8cb7ebc2bf531e48a2f,1780916586,98914304.0
memory_working_set,minikube,emailservice-7466dc585-sv4wh,boutique,/kubepods/burstable/pod6116940a-da83-4761-97dc-892a207b789e,1780916586,53129216.0
memory_working_set,minikube,cartservice-546c548494-cb4lb,boutique,/kubepods/burstable/pod6ec732c5-cf34-4e25-a3ce-ff4b44ce8d19,1780916586,71995392.0
memory_working_set,minikube,kube-controller-manager-minikube,kube-system,/kubepods/burstable/pod740363cf4388c2d0df59fc97f96b889c,1780916586,96333824.0
memory_working_set,minikube,chaos-dashboard-5b77585c6c-zm7f4,chaos-testing,/kubepods/burstable/pod7d3e8284-7c72-4577-a8fb-79d957f69104,1780916586,48750592.0
memory_working_set,minikube,chaos-dns-server-6bccb5bb76-gscmn,chaos-testing,/kubepods/burstable/pod8a82a436-ef3f-4750-8f39-dbfde680d0b8,1780916586,28319744.0
memory_working_set,minikube,coredns-7d764666f9-gmlgd,kube-system,/kubepods/burstable/pod9289fad3-6e91-4617-b97d-6da4631c2f35,1780916586,31858688.0
memory_working_set,minikube,adservice-8576649cff-5bvst,boutique,/kubepods/burstable/pod9d685cd3-17df-43af-a26e-7743c006902d,1780916586,112730112.0
memory_working_set,minikube,kube-apiserver-minikube,kube-system,/kubepods/burstable/poda6dc00f40d27725f15407f95751ce5f7,1780916586,622149632.0
memory_working_set,minikube,alertmanager-monitoring-kube-prometheus-alertmanager-0,monitoring,/kubepods/burstable/podb5fde93f-2f9a-427f-aa16-8a257f179975,1780916586,53002240.0
memory_working_set,minikube,currencyservice-fd8f5dfb7-js8gr,boutique,/kubepods/burstable/podc827ec2d-8a9d-4e1c-8017-62c3901eccb4,1780916586,77111296.0
memory_working_set,minikube,redis-cart-6899b65948-ms767,boutique,/kubepods/burstable/podd425db0f-53f9-4bec-9ee1-49e4ced03bb6,1780916586,14041088.0
memory_working_set,minikube,chaos-controller-manager-659785674d-wbwg8,chaos-testing,/kubepods/burstable/podd7abbfc2-2af5-4b28-b438-3ebef4bafcce,1780916586,27721728.0
memory_working_set,minikube,paymentservice-6b76dfb449-n8mm2,boutique,/kubepods/burstable/podd9986049-5066-4a99-a156-0bc7b2391961,1780916586,49258496.0
memory_working_set,minikube,checkoutservice-75b9cd684f-vzdsz,boutique,/kubepods/burstable/pod5827d8c7-6a98-4352-9825-164648474ddc,1780916586,17391616.0
memory_working_set,minikube,frontend-694b9f76cd-z2pk6,boutique,/kubepods/burstable/podcf6049c2-3667-4622-87ba-b06efa553d48,1780916586,23248896.0
memory_working_set,minikube,productcatalogservice-fb49fc9cc-wptz6,boutique,/kubepods/burstable/pode9d4586d-6739-497d-ae8d-4fd70972eea8,1780916586,19247104.0
memory_working_set,minikube,loadgenerator-7694cd65db-bdz8c,boutique,/kubepods/burstable/pod38d6ef8e-d456-4bd4-95a0-ea6760631a9d,1780916586,75190272.0
cpu_rate,minikube,kube-proxy-fshvh,kube-system,/kubepods/besteffort/pod2f4efb93-ee48-4c37-b1e1-6f2e54a917c7,1780916615,0.00038694336797159124
cpu_rate,minikube,monitoring-kube-state-metrics-868694bc4b-689cm,monitoring,/kubepods/besteffort/pod59c52cc8-67e3-4946-aac6-7ff0ef74285f,1780916615,0.0007750975396839528
cpu_rate,minikube,prometheus-monitoring-kube-prometheus-prometheus-0,monitoring,/kubepods/besteffort/pod6bff50b8-f988-4ff2-a8c1-8f95f2c25189,1780916615,0.014320448485954644
cpu_rate,minikube,storage-provisioner,kube-system,/kubepods/besteffort/pod9bffcac8-a0cd-49a4-ad59-cdbf60a579cb,1780916615,0.0016008500425021364
cpu_rate,minikube,monitoring-grafana-6f66955c48-hlrcn,monitoring,/kubepods/besteffort/pod9d3fe3f0-8989-47b4-8478-0ae7be66df8d,1780916615,0.010885138543749152
cpu_rate,minikube,chaos-daemon-n6ghj,chaos-testing,/kubepods/besteffort/poda051be83-a7cd-43e4-83d3-76f3c90e8474,1780916615,2.326041573911917e-05
cpu_rate,minikube,monitoring-kube-prometheus-operator-556b56cc6d-n6dg9,monitoring,/kubepods/besteffort/podc8122519-a592-495f-9353-00a2f23fdf80,1780916615,0.0030935922840283426
cpu_rate,minikube,monitoring-prometheus-node-exporter-pdw8p,monitoring,/kubepods/besteffort/podd35abb3b-34f0-40fa-af55-3ab246fc64c8,1780916615,0.0012847595167539913
cpu_rate,minikube,kube-scheduler-minikube,kube-system,/kubepods/burstable/pod1c7123a121598343200ffd5b015ca580,1780916615,0.005414081075239123
cpu_rate,minikube,shippingservice-55656785c7-lk4mx,boutique,/kubepods/burstable/pod1df51271-c9ea-47fa-8fb2-cf15bbc7c216,1780916615,0.0011299441612041728
cpu_rate,minikube,chaos-controller-manager-659785674d-29q42,chaos-testing,/kubepods/burstable/pod21ab858c-cee8-438c-8682-c786dc3dc044,1780916615,0.000369076678315638
cpu_rate,minikube,chaos-controller-manager-659785674d-fjb2r,chaos-testing,/kubepods/burstable/pod2569141a-4d05-422e-bcf2-2f01e2f5056d,1780916615,0.005978105398909725
cpu_rate,minikube,coredns-7d764666f9-hxxb8,kube-system,/kubepods/burstable/pod596c18fb-891c-4e87-9b11-83d99dd6d264,1780916615,0.0023074123731085935
cpu_rate,minikube,recommendationservice-6f8f67d69-fhrns,boutique,/kubepods/burstable/pod5ded7b1a-44d9-4178-8596-57a9e25f6171,1780916615,0.0067728956557188275
cpu_rate,minikube,etcd-minikube,kube-system,/kubepods/burstable/pod5ff8e3b06bbaa8cb7ebc2bf531e48a2f,1780916615,0.028747877489126415
cpu_rate,minikube,emailservice-7466dc585-sv4wh,boutique,/kubepods/burstable/pod6116940a-da83-4761-97dc-892a207b789e,1780916615,0.0017719817155149014
cpu_rate,minikube,cartservice-546c548494-cb4lb,boutique,/kubepods/burstable/pod6ec732c5-cf34-4e25-a3ce-ff4b44ce8d19,1780916615,0.004806904241973611
cpu_rate,minikube,kube-controller-manager-minikube,kube-system,/kubepods/burstable/pod740363cf4388c2d0df59fc97f96b889c,1780916615,0.01358174801499356
cpu_rate,minikube,chaos-dashboard-5b77585c6c-zm7f4,chaos-testing,/kubepods/burstable/pod7d3e8284-7c72-4577-a8fb-79d957f69104,1780916615,0.0022948407010501856
cpu_rate,minikube,chaos-dns-server-6bccb5bb76-gscmn,chaos-testing,/kubepods/burstable/pod8a82a436-ef3f-4750-8f39-dbfde680d0b8,1780916615,0.001967223611111102
cpu_rate,minikube,coredns-7d764666f9-gmlgd,kube-system,/kubepods/burstable/pod9289fad3-6e91-4617-b97d-6da4631c2f35,1780916615,0.0019542588754004773
cpu_rate,minikube,adservice-8576649cff-5bvst,boutique,/kubepods/burstable/pod9d685cd3-17df-43af-a26e-7743c006902d,1780916615,0.0017112265237825524
cpu_rate,minikube,kube-apiserver-minikube,kube-system,/kubepods/burstable/poda6dc00f40d27725f15407f95751ce5f7,1780916615,0.06792157485630342
cpu_rate,minikube,alertmanager-monitoring-kube-prometheus-alertmanager-0,monitoring,/kubepods/burstable/podb5fde93f-2f9a-427f-aa16-8a257f179975,1780916615,0.0006601408409549333
cpu_rate,minikube,currencyservice-fd8f5dfb7-js8gr,boutique,/kubepods/burstable/podc827ec2d-8a9d-4e1c-8017-62c3901eccb4,1780916615,0.007060344996559912
cpu_rate,minikube,redis-cart-6899b65948-ms767,boutique,/kubepods/burstable/podd425db0f-53f9-4bec-9ee1-49e4ced03bb6,1780916615,0.002072290503929175
cpu_rate,minikube,chaos-controller-manager-659785674d-wbwg8,chaos-testing,/kubepods/burstable/podd7abbfc2-2af5-4b28-b438-3ebef4bafcce,1780916615,0.00034778413823511234
cpu_rate,minikube,paymentservice-6b76dfb449-n8mm2,boutique,/kubepods/burstable/podd9986049-5066-4a99-a156-0bc7b2391961,1780916615,0.0006911501188517039
cpu_rate,minikube,checkoutservice-75b9cd684f-vzdsz,boutique,/kubepods/burstable/pod5827d8c7-6a98-4352-9825-164648474ddc,1780916615,0.0011015847810871122
cpu_rate,minikube,frontend-694b9f76cd-z2pk6,boutique,/kubepods/burstable/podcf6049c2-3667-4622-87ba-b06efa553d48,1780916615,0.013455043292367515
cpu_rate,minikube,productcatalogservice-fb49fc9cc-wptz6,boutique,/kubepods/burstable/pode9d4586d-6739-497d-ae8d-4fd70972eea8,1780916615,0.006577506171221243
cpu_rate,minikube,loadgenerator-7694cd65db-bdz8c,boutique,/kubepods/burstable/pod38d6ef8e-d456-4bd4-95a0-ea6760631a9d,1780916615,0.0032090650346007373
memory_working_set,minikube,kube-proxy-fshvh,kube-system,/kubepods/besteffort/pod2f4efb93-ee48-4c37-b1e1-6f2e54a917c7,1780916615,39514112.0
memory_working_set,minikube,monitoring-kube-state-metrics-868694bc4b-689cm,monitoring,/kubepods/besteffort/pod59c52cc8-67e3-4946-aac6-7ff0ef74285f,1780916615,38682624.0
memory_working_set,minikube,prometheus-monitoring-kube-prometheus-prometheus-0,monitoring,/kubepods/besteffort/pod6bff50b8-f988-4ff2-a8c1-8f95f2c25189,1780916615,310423552.0
memory_working_set,minikube,storage-provisioner,kube-system,/kubepods/besteffort/pod9bffcac8-a0cd-49a4-ad59-cdbf60a579cb,1780916615,21061632.0
memory_working_set,minikube,monitoring-grafana-6f66955c48-hlrcn,monitoring,/kubepods/besteffort/pod9d3fe3f0-8989-47b4-8478-0ae7be66df8d,1780916615,407744512.0
memory_working_set,minikube,chaos-daemon-n6ghj,chaos-testing,/kubepods/besteffort/poda051be83-a7cd-43e4-83d3-76f3c90e8474,1780916615,19619840.0
memory_working_set,minikube,monitoring-kube-prometheus-operator-556b56cc6d-n6dg9,monitoring,/kubepods/besteffort/podc8122519-a592-495f-9353-00a2f23fdf80,1780916615,41160704.0
memory_working_set,minikube,monitoring-prometheus-node-exporter-pdw8p,monitoring,/kubepods/besteffort/podd35abb3b-34f0-40fa-af55-3ab246fc64c8,1780916615,19947520.0
memory_working_set,minikube,kube-scheduler-minikube,kube-system,/kubepods/burstable/pod1c7123a121598343200ffd5b015ca580,1780916615,41238528.0
memory_working_set,minikube,shippingservice-55656785c7-lk4mx,boutique,/kubepods/burstable/pod1df51271-c9ea-47fa-8fb2-cf15bbc7c216,1780916615,15020032.0
memory_working_set,minikube,chaos-controller-manager-659785674d-29q42,chaos-testing,/kubepods/burstable/pod21ab858c-cee8-438c-8682-c786dc3dc044,1780916615,29597696.0
memory_working_set,minikube,chaos-controller-manager-659785674d-fjb2r,chaos-testing,/kubepods/burstable/pod2569141a-4d05-422e-bcf2-2f01e2f5056d,1780916615,36450304.0
memory_working_set,minikube,coredns-7d764666f9-hxxb8,kube-system,/kubepods/burstable/pod596c18fb-891c-4e87-9b11-83d99dd6d264,1780916615,37212160.0
memory_working_set,minikube,recommendationservice-6f8f67d69-fhrns,boutique,/kubepods/burstable/pod5ded7b1a-44d9-4178-8596-57a9e25f6171,1780916615,58044416.0
memory_working_set,minikube,etcd-minikube,kube-system,/kubepods/burstable/pod5ff8e3b06bbaa8cb7ebc2bf531e48a2f,1780916615,99762176.0
memory_working_set,minikube,emailservice-7466dc585-sv4wh,boutique,/kubepods/burstable/pod6116940a-da83-4761-97dc-892a207b789e,1780916615,53129216.0
memory_working_set,minikube,cartservice-546c548494-cb4lb,boutique,/kubepods/burstable/pod6ec732c5-cf34-4e25-a3ce-ff4b44ce8d19,1780916615,72036352.0
memory_working_set,minikube,kube-controller-manager-minikube,kube-system,/kubepods/burstable/pod740363cf4388c2d0df59fc97f96b889c,1780916615,96329728.0
memory_working_set,minikube,chaos-dashboard-5b77585c6c-zm7f4,chaos-testing,/kubepods/burstable/pod7d3e8284-7c72-4577-a8fb-79d957f69104,1780916615,48758784.0
memory_working_set,minikube,chaos-dns-server-6bccb5bb76-gscmn,chaos-testing,/kubepods/burstable/pod8a82a436-ef3f-4750-8f39-dbfde680d0b8,1780916615,28573696.0
memory_working_set,minikube,coredns-7d764666f9-gmlgd,kube-system,/kubepods/burstable/pod9289fad3-6e91-4617-b97d-6da4631c2f35,1780916615,31870976.0
memory_working_set,minikube,adservice-8576649cff-5bvst,boutique,/kubepods/burstable/pod9d685cd3-17df-43af-a26e-7743c006902d,1780916615,112603136.0
memory_working_set,minikube,kube-apiserver-minikube,kube-system,/kubepods/burstable/poda6dc00f40d27725f15407f95751ce5f7,1780916615,621862912.0
memory_working_set,minikube,alertmanager-monitoring-kube-prometheus-alertmanager-0,monitoring,/kubepods/burstable/podb5fde93f-2f9a-427f-aa16-8a257f179975,1780916615,53239808.0
memory_working_set,minikube,currencyservice-fd8f5dfb7-js8gr,boutique,/kubepods/burstable/podc827ec2d-8a9d-4e1c-8017-62c3901eccb4,1780916615,77426688.0
memory_working_set,minikube,redis-cart-6899b65948-ms767,boutique,/kubepods/burstable/podd425db0f-53f9-4bec-9ee1-49e4ced03bb6,1780916615,14041088.0
memory_working_set,minikube,chaos-controller-manager-659785674d-wbwg8,chaos-testing,/kubepods/burstable/podd7abbfc2-2af5-4b28-b438-3ebef4bafcce,1780916615,27721728.0
memory_working_set,minikube,paymentservice-6b76dfb449-n8mm2,boutique,/kubepods/burstable/podd9986049-5066-4a99-a156-0bc7b2391961,1780916615,49778688.0
memory_working_set,minikube,checkoutservice-75b9cd684f-vzdsz,boutique,/kubepods/burstable/pod5827d8c7-6a98-4352-9825-164648474ddc,1780916615,17391616.0
memory_working_set,minikube,frontend-694b9f76cd-z2pk6,boutique,/kubepods/burstable/podcf6049c2-3667-4622-87ba-b06efa553d48,1780916615,23392256.0
memory_working_set,minikube,productcatalogservice-fb49fc9cc-wptz6,boutique,/kubepods/burstable/pode9d4586d-6739-497d-ae8d-4fd70972eea8,1780916615,18980864.0
memory_working_set,minikube,loadgenerator-7694cd65db-bdz8c,boutique,/kubepods/burstable/pod38d6ef8e-d456-4bd4-95a0-ea6760631a9d,1780916615,75206656.0
cpu_rate,minikube,kube-proxy-fshvh,kube-system,/kubepods/besteffort/pod2f4efb93-ee48-4c37-b1e1-6f2e54a917c7,1780916644,0.0004157838889380217
cpu_rate,minikube,monitoring-kube-state-metrics-868694bc4b-689cm,monitoring,/kubepods/besteffort/pod59c52cc8-67e3-4946-aac6-7ff0ef74285f,1780916644,0.0007725741181034097
cpu_rate,minikube,prometheus-monitoring-kube-prometheus-prometheus-0,monitoring,/kubepods/besteffort/pod6bff50b8-f988-4ff2-a8c1-8f95f2c25189,1780916644,0.01266991873384928
cpu_rate,minikube,storage-provisioner,kube-system,/kubepods/besteffort/pod9bffcac8-a0cd-49a4-ad59-cdbf60a579cb,1780916644,0.0016124035960389253
cpu_rate,minikube,monitoring-grafana-6f66955c48-hlrcn,monitoring,/kubepods/besteffort/pod9d3fe3f0-8989-47b4-8478-0ae7be66df8d,1780916644,0.011108622170251064
cpu_rate,minikube,chaos-daemon-n6ghj,chaos-testing,/kubepods/besteffort/poda051be83-a7cd-43e4-83d3-76f3c90e8474,1780916644,2.2702361268509415e-05
cpu_rate,minikube,monitoring-kube-prometheus-operator-556b56cc6d-n6dg9,monitoring,/kubepods/besteffort/podc8122519-a592-495f-9353-00a2f23fdf80,1780916644,0.0028688871662093268
cpu_rate,minikube,monitoring-prometheus-node-exporter-pdw8p,monitoring,/kubepods/besteffort/podd35abb3b-34f0-40fa-af55-3ab246fc64c8,1780916644,0.001184581027284201
cpu_rate,minikube,kube-scheduler-minikube,kube-system,/kubepods/burstable/pod1c7123a121598343200ffd5b015ca580,1780916644,0.005771438364701309
cpu_rate,minikube,shippingservice-55656785c7-lk4mx,boutique,/kubepods/burstable/pod1df51271-c9ea-47fa-8fb2-cf15bbc7c216,1780916644,0.0011371596510769365
cpu_rate,minikube,chaos-controller-manager-659785674d-29q42,chaos-testing,/kubepods/burstable/pod21ab858c-cee8-438c-8682-c786dc3dc044,1780916644,0.0003713277634692357
cpu_rate,minikube,chaos-controller-manager-659785674d-fjb2r,chaos-testing,/kubepods/burstable/pod2569141a-4d05-422e-bcf2-2f01e2f5056d,1780916644,0.005465124578553263
cpu_rate,minikube,coredns-7d764666f9-hxxb8,kube-system,/kubepods/burstable/pod596c18fb-891c-4e87-9b11-83d99dd6d264,1780916644,0.002288272877164056
cpu_rate,minikube,recommendationservice-6f8f67d69-fhrns,boutique,/kubepods/burstable/pod5ded7b1a-44d9-4178-8596-57a9e25f6171,1780916644,0.006875514205192084
cpu_rate,minikube,etcd-minikube,kube-system,/kubepods/burstable/pod5ff8e3b06bbaa8cb7ebc2bf531e48a2f,1780916644,0.02597719291648851
cpu_rate,minikube,emailservice-7466dc585-sv4wh,boutique,/kubepods/burstable/pod6116940a-da83-4761-97dc-892a207b789e,1780916644,0.0016412355334727445
cpu_rate,minikube,cartservice-546c548494-cb4lb,boutique,/kubepods/burstable/pod6ec732c5-cf34-4e25-a3ce-ff4b44ce8d19,1780916644,0.004914507796488512
cpu_rate,minikube,kube-controller-manager-minikube,kube-system,/kubepods/burstable/pod740363cf4388c2d0df59fc97f96b889c,1780916644,0.014090108910891396
cpu_rate,minikube,chaos-dashboard-5b77585c6c-zm7f4,chaos-testing,/kubepods/burstable/pod7d3e8284-7c72-4577-a8fb-79d957f69104,1780916644,0.002627284275474077
cpu_rate,minikube,chaos-dns-server-6bccb5bb76-gscmn,chaos-testing,/kubepods/burstable/pod8a82a436-ef3f-4750-8f39-dbfde680d0b8,1780916644,0.0024253277844899766
cpu_rate,minikube,coredns-7d764666f9-gmlgd,kube-system,/kubepods/burstable/pod9289fad3-6e91-4617-b97d-6da4631c2f35,1780916644,0.0021733196636505472
cpu_rate,minikube,adservice-8576649cff-5bvst,boutique,/kubepods/burstable/pod9d685cd3-17df-43af-a26e-7743c006902d,1780916644,0.0015037439094296348
cpu_rate,minikube,kube-apiserver-minikube,kube-system,/kubepods/burstable/poda6dc00f40d27725f15407f95751ce5f7,1780916644,0.05367437330928678
cpu_rate,minikube,alertmanager-monitoring-kube-prometheus-alertmanager-0,monitoring,/kubepods/burstable/podb5fde93f-2f9a-427f-aa16-8a257f179975,1780916644,0.0004851374782717592
cpu_rate,minikube,currencyservice-fd8f5dfb7-js8gr,boutique,/kubepods/burstable/podc827ec2d-8a9d-4e1c-8017-62c3901eccb4,1780916644,0.007665921797500681
cpu_rate,minikube,redis-cart-6899b65948-ms767,boutique,/kubepods/burstable/podd425db0f-53f9-4bec-9ee1-49e4ced03bb6,1780916644,0.0021693908303020318
cpu_rate,minikube,chaos-controller-manager-659785674d-wbwg8,chaos-testing,/kubepods/burstable/podd7abbfc2-2af5-4b28-b438-3ebef4bafcce,1780916644,0.0003423716401411755
cpu_rate,minikube,paymentservice-6b76dfb449-n8mm2,boutique,/kubepods/burstable/podd9986049-5066-4a99-a156-0bc7b2391961,1780916644,0.0009361100788232978
cpu_rate,minikube,checkoutservice-75b9cd684f-vzdsz,boutique,/kubepods/burstable/pod5827d8c7-6a98-4352-9825-164648474ddc,1780916644,0.0013320024368527108
cpu_rate,minikube,frontend-694b9f76cd-z2pk6,boutique,/kubepods/burstable/podcf6049c2-3667-4622-87ba-b06efa553d48,1780916644,0.01395800535836686
cpu_rate,minikube,productcatalogservice-fb49fc9cc-wptz6,boutique,/kubepods/burstable/pode9d4586d-6739-497d-ae8d-4fd70972eea8,1780916644,0.007160924383366112
cpu_rate,minikube,loadgenerator-7694cd65db-bdz8c,boutique,/kubepods/burstable/pod38d6ef8e-d456-4bd4-95a0-ea6760631a9d,1780916644,0.0032528735632182774
memory_working_set,minikube,kube-proxy-fshvh,kube-system,/kubepods/besteffort/pod2f4efb93-ee48-4c37-b1e1-6f2e54a917c7,1780916644,40333312.0
memory_working_set,minikube,monitoring-kube-state-metrics-868694bc4b-689cm,monitoring,/kubepods/besteffort/pod59c52cc8-67e3-4946-aac6-7ff0ef74285f,1780916644,38768640.0
memory_working_set,minikube,prometheus-monitoring-kube-prometheus-prometheus-0,monitoring,/kubepods/besteffort/pod6bff50b8-f988-4ff2-a8c1-8f95f2c25189,1780916644,300204032.0
memory_working_set,minikube,storage-provisioner,kube-system,/kubepods/besteffort/pod9bffcac8-a0cd-49a4-ad59-cdbf60a579cb,1780916644,21118976.0
memory_working_set,minikube,monitoring-grafana-6f66955c48-hlrcn,monitoring,/kubepods/besteffort/pod9d3fe3f0-8989-47b4-8478-0ae7be66df8d,1780916644,407687168.0
memory_working_set,minikube,chaos-daemon-n6ghj,chaos-testing,/kubepods/besteffort/poda051be83-a7cd-43e4-83d3-76f3c90e8474,1780916644,19619840.0
memory_working_set,minikube,monitoring-kube-prometheus-operator-556b56cc6d-n6dg9,monitoring,/kubepods/besteffort/podc8122519-a592-495f-9353-00a2f23fdf80,1780916644,40923136.0
memory_working_set,minikube,monitoring-prometheus-node-exporter-pdw8p,monitoring,/kubepods/besteffort/podd35abb3b-34f0-40fa-af55-3ab246fc64c8,1780916644,20086784.0
memory_working_set,minikube,kube-scheduler-minikube,kube-system,/kubepods/burstable/pod1c7123a121598343200ffd5b015ca580,1780916644,41238528.0
memory_working_set,minikube,shippingservice-55656785c7-lk4mx,boutique,/kubepods/burstable/pod1df51271-c9ea-47fa-8fb2-cf15bbc7c216,1780916644,15093760.0
memory_working_set,minikube,chaos-controller-manager-659785674d-29q42,chaos-testing,/kubepods/burstable/pod21ab858c-cee8-438c-8682-c786dc3dc044,1780916644,29597696.0
memory_working_set,minikube,chaos-controller-manager-659785674d-fjb2r,chaos-testing,/kubepods/burstable/pod2569141a-4d05-422e-bcf2-2f01e2f5056d,1780916644,36438016.0
memory_working_set,minikube,coredns-7d764666f9-hxxb8,kube-system,/kubepods/burstable/pod596c18fb-891c-4e87-9b11-83d99dd6d264,1780916644,38125568.0
memory_working_set,minikube,recommendationservice-6f8f67d69-fhrns,boutique,/kubepods/burstable/pod5ded7b1a-44d9-4178-8596-57a9e25f6171,1780916644,58048512.0
memory_working_set,minikube,etcd-minikube,kube-system,/kubepods/burstable/pod5ff8e3b06bbaa8cb7ebc2bf531e48a2f,1780916644,99250176.0
memory_working_set,minikube,emailservice-7466dc585-sv4wh,boutique,/kubepods/burstable/pod6116940a-da83-4761-97dc-892a207b789e,1780916644,53129216.0
memory_working_set,minikube,cartservice-546c548494-cb4lb,boutique,/kubepods/burstable/pod6ec732c5-cf34-4e25-a3ce-ff4b44ce8d19,1780916644,72024064.0
memory_working_set,minikube,kube-controller-manager-minikube,kube-system,/kubepods/burstable/pod740363cf4388c2d0df59fc97f96b889c,1780916644,96333824.0
memory_working_set,minikube,chaos-dashboard-5b77585c6c-zm7f4,chaos-testing,/kubepods/burstable/pod7d3e8284-7c72-4577-a8fb-79d957f69104,1780916644,48750592.0
memory_working_set,minikube,chaos-dns-server-6bccb5bb76-gscmn,chaos-testing,/kubepods/burstable/pod8a82a436-ef3f-4750-8f39-dbfde680d0b8,1780916644,28352512.0
memory_working_set,minikube,coredns-7d764666f9-gmlgd,kube-system,/kubepods/burstable/pod9289fad3-6e91-4617-b97d-6da4631c2f35,1780916644,31858688.0
memory_working_set,minikube,adservice-8576649cff-5bvst,boutique,/kubepods/burstable/pod9d685cd3-17df-43af-a26e-7743c006902d,1780916644,112603136.0
memory_working_set,minikube,kube-apiserver-minikube,kube-system,/kubepods/burstable/poda6dc00f40d27725f15407f95751ce5f7,1780916644,579371008.0
memory_working_set,minikube,alertmanager-monitoring-kube-prometheus-alertmanager-0,monitoring,/kubepods/burstable/podb5fde93f-2f9a-427f-aa16-8a257f179975,1780916644,53624832.0
memory_working_set,minikube,currencyservice-fd8f5dfb7-js8gr,boutique,/kubepods/burstable/podc827ec2d-8a9d-4e1c-8017-62c3901eccb4,1780916644,78004224.0
memory_working_set,minikube,redis-cart-6899b65948-ms767,boutique,/kubepods/burstable/podd425db0f-53f9-4bec-9ee1-49e4ced03bb6,1780916644,14036992.0
memory_working_set,minikube,chaos-controller-manager-659785674d-wbwg8,chaos-testing,/kubepods/burstable/podd7abbfc2-2af5-4b28-b438-3ebef4bafcce,1780916644,27721728.0
memory_working_set,minikube,paymentservice-6b76dfb449-n8mm2,boutique,/kubepods/burstable/podd9986049-5066-4a99-a156-0bc7b2391961,1780916644,49917952.0
memory_working_set,minikube,checkoutservice-75b9cd684f-vzdsz,boutique,/kubepods/burstable/pod5827d8c7-6a98-4352-9825-164648474ddc,1780916644,17387520.0
memory_working_set,minikube,frontend-694b9f76cd-z2pk6,boutique,/kubepods/burstable/podcf6049c2-3667-4622-87ba-b06efa553d48,1780916644,24207360.0
memory_working_set,minikube,productcatalogservice-fb49fc9cc-wptz6,boutique,/kubepods/burstable/pode9d4586d-6739-497d-ae8d-4fd70972eea8,1780916644,18989056.0
memory_working_set,minikube,loadgenerator-7694cd65db-bdz8c,boutique,/kubepods/burstable/pod38d6ef8e-d456-4bd4-95a0-ea6760631a9d,1780916644,75214848.0
cpu_rate,minikube,kube-proxy-fshvh,kube-system,/kubepods/besteffort/pod2f4efb93-ee48-4c37-b1e1-6f2e54a917c7,1780916673,0.00041052339852719344
cpu_rate,minikube,monitoring-kube-state-metrics-868694bc4b-689cm,monitoring,/kubepods/besteffort/pod59c52cc8-67e3-4946-aac6-7ff0ef74285f,1780916673,0.0008046053964568361
cpu_rate,minikube,prometheus-monitoring-kube-prometheus-prometheus-0,monitoring,/kubepods/besteffort/pod6bff50b8-f988-4ff2-a8c1-8f95f2c25189,1780916673,0.014385380541174053
cpu_rate,minikube,storage-provisioner,kube-system,/kubepods/besteffort/pod9bffcac8-a0cd-49a4-ad59-cdbf60a579cb,1780916673,0.0018217356260075608
cpu_rate,minikube,monitoring-grafana-6f66955c48-hlrcn,monitoring,/kubepods/besteffort/pod9d3fe3f0-8989-47b4-8478-0ae7be66df8d,1780916673,0.01133647985525399
cpu_rate,minikube,chaos-daemon-n6ghj,chaos-testing,/kubepods/besteffort/poda051be83-a7cd-43e4-83d3-76f3c90e8474,1780916673,9.61578229042979e-07
cpu_rate,minikube,monitoring-kube-prometheus-operator-556b56cc6d-n6dg9,monitoring,/kubepods/besteffort/podc8122519-a592-495f-9353-00a2f23fdf80,1780916673,0.00317903250894391
cpu_rate,minikube,monitoring-prometheus-node-exporter-pdw8p,monitoring,/kubepods/besteffort/podd35abb3b-34f0-40fa-af55-3ab246fc64c8,1780916673,0.0014623314751117116
cpu_rate,minikube,kube-scheduler-minikube,kube-system,/kubepods/burstable/pod1c7123a121598343200ffd5b015ca580,1780916673,0.005800306594623407
cpu_rate,minikube,shippingservice-55656785c7-lk4mx,boutique,/kubepods/burstable/pod1df51271-c9ea-47fa-8fb2-cf15bbc7c216,1780916673,0.0012362936562044188
cpu_rate,minikube,chaos-controller-manager-659785674d-29q42,chaos-testing,/kubepods/burstable/pod21ab858c-cee8-438c-8682-c786dc3dc044,1780916673,0.0003744728703964038
cpu_rate,minikube,chaos-controller-manager-659785674d-fjb2r,chaos-testing,/kubepods/burstable/pod2569141a-4d05-422e-bcf2-2f01e2f5056d,1780916673,0.006335703670259817
cpu_rate,minikube,coredns-7d764666f9-hxxb8,kube-system,/kubepods/burstable/pod596c18fb-891c-4e87-9b11-83d99dd6d264,1780916673,0.002382255658020103
cpu_rate,minikube,recommendationservice-6f8f67d69-fhrns,boutique,/kubepods/burstable/pod5ded7b1a-44d9-4178-8596-57a9e25f6171,1780916673,0.007008994033141548
cpu_rate,minikube,etcd-minikube,kube-system,/kubepods/burstable/pod5ff8e3b06bbaa8cb7ebc2bf531e48a2f,1780916673,0.031191359683642277
cpu_rate,minikube,emailservice-7466dc585-sv4wh,boutique,/kubepods/burstable/pod6116940a-da83-4761-97dc-892a207b789e,1780916673,0.0018648434292539429
cpu_rate,minikube,cartservice-546c548494-cb4lb,boutique,/kubepods/burstable/pod6ec732c5-cf34-4e25-a3ce-ff4b44ce8d19,1780916673,0.00489448436839503
cpu_rate,minikube,kube-controller-manager-minikube,kube-system,/kubepods/burstable/pod740363cf4388c2d0df59fc97f96b889c,1780916673,0.014473312148618842
cpu_rate,minikube,chaos-dashboard-5b77585c6c-zm7f4,chaos-testing,/kubepods/burstable/pod7d3e8284-7c72-4577-a8fb-79d957f69104,1780916673,0.002362646788893871
cpu_rate,minikube,chaos-dns-server-6bccb5bb76-gscmn,chaos-testing,/kubepods/burstable/pod8a82a436-ef3f-4750-8f39-dbfde680d0b8,1780916673,0.002402477132478369
cpu_rate,minikube,coredns-7d764666f9-gmlgd,kube-system,/kubepods/burstable/pod9289fad3-6e91-4617-b97d-6da4631c2f35,1780916673,0.0022268908338021463
cpu_rate,minikube,adservice-8576649cff-5bvst,boutique,/kubepods/burstable/pod9d685cd3-17df-43af-a26e-7743c006902d,1780916673,0.001629993625159423
cpu_rate,minikube,kube-apiserver-minikube,kube-system,/kubepods/burstable/poda6dc00f40d27725f15407f95751ce5f7,1780916673,0.05034916219288825
cpu_rate,minikube,alertmanager-monitoring-kube-prometheus-alertmanager-0,monitoring,/kubepods/burstable/podb5fde93f-2f9a-427f-aa16-8a257f179975,1780916673,0.0006651357542940325
cpu_rate,minikube,currencyservice-fd8f5dfb7-js8gr,boutique,/kubepods/burstable/podc827ec2d-8a9d-4e1c-8017-62c3901eccb4,1780916673,0.007707709388790953
cpu_rate,minikube,redis-cart-6899b65948-ms767,boutique,/kubepods/burstable/podd425db0f-53f9-4bec-9ee1-49e4ced03bb6,1780916673,0.0022041029546741972
cpu_rate,minikube,chaos-controller-manager-659785674d-wbwg8,chaos-testing,/kubepods/burstable/podd7abbfc2-2af5-4b28-b438-3ebef4bafcce,1780916673,0.0003998121213400626
cpu_rate,minikube,paymentservice-6b76dfb449-n8mm2,boutique,/kubepods/burstable/podd9986049-5066-4a99-a156-0bc7b2391961,1780916673,0.000951610057802226
cpu_rate,minikube,checkoutservice-75b9cd684f-vzdsz,boutique,/kubepods/burstable/pod5827d8c7-6a98-4352-9825-164648474ddc,1780916673,0.0014127503385640394
cpu_rate,minikube,frontend-694b9f76cd-z2pk6,boutique,/kubepods/burstable/podcf6049c2-3667-4622-87ba-b06efa553d48,1780916673,0.013855419639823657
cpu_rate,minikube,productcatalogservice-fb49fc9cc-wptz6,boutique,/kubepods/burstable/pode9d4586d-6739-497d-ae8d-4fd70972eea8,1780916673,0.006957696323569899
cpu_rate,minikube,loadgenerator-7694cd65db-bdz8c,boutique,/kubepods/burstable/pod38d6ef8e-d456-4bd4-95a0-ea6760631a9d,1780916673,0.003439461308672991
memory_working_set,minikube,kube-proxy-fshvh,kube-system,/kubepods/besteffort/pod2f4efb93-ee48-4c37-b1e1-6f2e54a917c7,1780916673,39555072.0
memory_working_set,minikube,monitoring-kube-state-metrics-868694bc4b-689cm,monitoring,/kubepods/besteffort/pod59c52cc8-67e3-4946-aac6-7ff0ef74285f,1780916673,38768640.0
memory_working_set,minikube,prometheus-monitoring-kube-prometheus-prometheus-0,monitoring,/kubepods/besteffort/pod6bff50b8-f988-4ff2-a8c1-8f95f2c25189,1780916673,300146688.0
memory_working_set,minikube,storage-provisioner,kube-system,/kubepods/besteffort/pod9bffcac8-a0cd-49a4-ad59-cdbf60a579cb,1780916673,20881408.0
memory_working_set,minikube,monitoring-grafana-6f66955c48-hlrcn,monitoring,/kubepods/besteffort/pod9d3fe3f0-8989-47b4-8478-0ae7be66df8d,1780916673,407592960.0
memory_working_set,minikube,chaos-daemon-n6ghj,chaos-testing,/kubepods/besteffort/poda051be83-a7cd-43e4-83d3-76f3c90e8474,1780916673,19619840.0
memory_working_set,minikube,monitoring-kube-prometheus-operator-556b56cc6d-n6dg9,monitoring,/kubepods/besteffort/podc8122519-a592-495f-9353-00a2f23fdf80,1780916673,41480192.0
memory_working_set,minikube,monitoring-prometheus-node-exporter-pdw8p,monitoring,/kubepods/besteffort/podd35abb3b-34f0-40fa-af55-3ab246fc64c8,1780916673,20512768.0
memory_working_set,minikube,kube-scheduler-minikube,kube-system,/kubepods/burstable/pod1c7123a121598343200ffd5b015ca580,1780916673,41758720.0
memory_working_set,minikube,shippingservice-55656785c7-lk4mx,boutique,/kubepods/burstable/pod1df51271-c9ea-47fa-8fb2-cf15bbc7c216,1780916673,15020032.0
memory_working_set,minikube,chaos-controller-manager-659785674d-29q42,chaos-testing,/kubepods/burstable/pod21ab858c-cee8-438c-8682-c786dc3dc044,1780916673,29597696.0
memory_working_set,minikube,chaos-controller-manager-659785674d-fjb2r,chaos-testing,/kubepods/burstable/pod2569141a-4d05-422e-bcf2-2f01e2f5056d,1780916673,36438016.0
memory_working_set,minikube,coredns-7d764666f9-hxxb8,kube-system,/kubepods/burstable/pod596c18fb-891c-4e87-9b11-83d99dd6d264,1780916673,38789120.0
memory_working_set,minikube,recommendationservice-6f8f67d69-fhrns,boutique,/kubepods/burstable/pod5ded7b1a-44d9-4178-8596-57a9e25f6171,1780916673,58052608.0
memory_working_set,minikube,etcd-minikube,kube-system,/kubepods/burstable/pod5ff8e3b06bbaa8cb7ebc2bf531e48a2f,1780916673,88293376.0
memory_working_set,minikube,emailservice-7466dc585-sv4wh,boutique,/kubepods/burstable/pod6116940a-da83-4761-97dc-892a207b789e,1780916673,53129216.0
memory_working_set,minikube,cartservice-546c548494-cb4lb,boutique,/kubepods/burstable/pod6ec732c5-cf34-4e25-a3ce-ff4b44ce8d19,1780916673,72003584.0
memory_working_set,minikube,kube-controller-manager-minikube,kube-system,/kubepods/burstable/pod740363cf4388c2d0df59fc97f96b889c,1780916673,96337920.0
memory_working_set,minikube,chaos-dashboard-5b77585c6c-zm7f4,chaos-testing,/kubepods/burstable/pod7d3e8284-7c72-4577-a8fb-79d957f69104,1780916673,48750592.0
memory_working_set,minikube,chaos-dns-server-6bccb5bb76-gscmn,chaos-testing,/kubepods/burstable/pod8a82a436-ef3f-4750-8f39-dbfde680d0b8,1780916673,28360704.0
memory_working_set,minikube,coredns-7d764666f9-gmlgd,kube-system,/kubepods/burstable/pod9289fad3-6e91-4617-b97d-6da4631c2f35,1780916673,32223232.0
memory_working_set,minikube,adservice-8576649cff-5bvst,boutique,/kubepods/burstable/pod9d685cd3-17df-43af-a26e-7743c006902d,1780916673,112726016.0
memory_working_set,minikube,kube-apiserver-minikube,kube-system,/kubepods/burstable/poda6dc00f40d27725f15407f95751ce5f7,1780916673,579104768.0
memory_working_set,minikube,alertmanager-monitoring-kube-prometheus-alertmanager-0,monitoring,/kubepods/burstable/podb5fde93f-2f9a-427f-aa16-8a257f179975,1780916673,54337536.0
memory_working_set,minikube,currencyservice-fd8f5dfb7-js8gr,boutique,/kubepods/burstable/podc827ec2d-8a9d-4e1c-8017-62c3901eccb4,1780916673,78004224.0
memory_working_set,minikube,redis-cart-6899b65948-ms767,boutique,/kubepods/burstable/podd425db0f-53f9-4bec-9ee1-49e4ced03bb6,1780916673,14036992.0
memory_working_set,minikube,chaos-controller-manager-659785674d-wbwg8,chaos-testing,/kubepods/burstable/podd7abbfc2-2af5-4b28-b438-3ebef4bafcce,1780916673,27725824.0
memory_working_set,minikube,paymentservice-6b76dfb449-n8mm2,boutique,/kubepods/burstable/podd9986049-5066-4a99-a156-0bc7b2391961,1780916673,50196480.0
memory_working_set,minikube,checkoutservice-75b9cd684f-vzdsz,boutique,/kubepods/burstable/pod5827d8c7-6a98-4352-9825-164648474ddc,1780916673,17391616.0
memory_working_set,minikube,frontend-694b9f76cd-z2pk6,boutique,/kubepods/burstable/podcf6049c2-3667-4622-87ba-b06efa553d48,1780916673,23482368.0
memory_working_set,minikube,productcatalogservice-fb49fc9cc-wptz6,boutique,/kubepods/burstable/pode9d4586d-6739-497d-ae8d-4fd70972eea8,1780916673,18980864.0
memory_working_set,minikube,loadgenerator-7694cd65db-bdz8c,boutique,/kubepods/burstable/pod38d6ef8e-d456-4bd4-95a0-ea6760631a9d,1780916673,75481088.0
cpu_rate,minikube,kube-proxy-fshvh,kube-system,/kubepods/besteffort/pod2f4efb93-ee48-4c37-b1e1-6f2e54a917c7,1780916703,0.0005330392754915356
cpu_rate,minikube,monitoring-kube-state-metrics-868694bc4b-689cm,monitoring,/kubepods/besteffort/pod59c52cc8-67e3-4946-aac6-7ff0ef74285f,1780916703,0.0009319804659802165
cpu_rate,minikube,prometheus-monitoring-kube-prometheus-prometheus-0,monitoring,/kubepods/besteffort/pod6bff50b8-f988-4ff2-a8c1-8f95f2c25189,1780916703,0.013782435791217552
cpu_rate,minikube,storage-provisioner,kube-system,/kubepods/besteffort/pod9bffcac8-a0cd-49a4-ad59-cdbf60a579cb,1780916703,0.0016184185565231899
cpu_rate,minikube,monitoring-grafana-6f66955c48-hlrcn,monitoring,/kubepods/besteffort/pod9d3fe3f0-8989-47b4-8478-0ae7be66df8d,1780916703,0.01128079333877309
cpu_rate,minikube,chaos-daemon-n6ghj,chaos-testing,/kubepods/besteffort/poda051be83-a7cd-43e4-83d3-76f3c90e8474,1780916703,2.498407735510347e-05
cpu_rate,minikube,monitoring-kube-prometheus-operator-556b56cc6d-n6dg9,monitoring,/kubepods/besteffort/podc8122519-a592-495f-9353-00a2f23fdf80,1780916703,0.0034091285276434255
cpu_rate,minikube,monitoring-prometheus-node-exporter-pdw8p,monitoring,/kubepods/besteffort/podd35abb3b-34f0-40fa-af55-3ab246fc64c8,1780916703,0.001346786303553881
cpu_rate,minikube,kube-scheduler-minikube,kube-system,/kubepods/burstable/pod1c7123a121598343200ffd5b015ca580,1780916703,0.005340810457549279
cpu_rate,minikube,shippingservice-55656785c7-lk4mx,boutique,/kubepods/burstable/pod1df51271-c9ea-47fa-8fb2-cf15bbc7c216,1780916703,0.001176066451888344
cpu_rate,minikube,chaos-controller-manager-659785674d-29q42,chaos-testing,/kubepods/burstable/pod21ab858c-cee8-438c-8682-c786dc3dc044,1780916703,0.0003522893651004867
cpu_rate,minikube,chaos-controller-manager-659785674d-fjb2r,chaos-testing,/kubepods/burstable/pod2569141a-4d05-422e-bcf2-2f01e2f5056d,1780916703,0.006283233489863288
cpu_rate,minikube,coredns-7d764666f9-hxxb8,kube-system,/kubepods/burstable/pod596c18fb-891c-4e87-9b11-83d99dd6d264,1780916703,0.002378414275487889
cpu_rate,minikube,recommendationservice-6f8f67d69-fhrns,boutique,/kubepods/burstable/pod5ded7b1a-44d9-4178-8596-57a9e25f6171,1780916703,0.00647339753992488
cpu_rate,minikube,etcd-minikube,kube-system,/kubepods/burstable/pod5ff8e3b06bbaa8cb7ebc2bf531e48a2f,1780916703,0.031115278748500768
cpu_rate,minikube,emailservice-7466dc585-sv4wh,boutique,/kubepods/burstable/pod6116940a-da83-4761-97dc-892a207b789e,1780916703,0.0018161896957248163
cpu_rate,minikube,cartservice-546c548494-cb4lb,boutique,/kubepods/burstable/pod6ec732c5-cf34-4e25-a3ce-ff4b44ce8d19,1780916703,0.004691172807041771
cpu_rate,minikube,kube-controller-manager-minikube,kube-system,/kubepods/burstable/pod740363cf4388c2d0df59fc97f96b889c,1780916703,0.014629962893373039
cpu_rate,minikube,chaos-dashboard-5b77585c6c-zm7f4,chaos-testing,/kubepods/burstable/pod7d3e8284-7c72-4577-a8fb-79d957f69104,1780916703,0.0025697748950051606
cpu_rate,minikube,chaos-dns-server-6bccb5bb76-gscmn,chaos-testing,/kubepods/burstable/pod8a82a436-ef3f-4750-8f39-dbfde680d0b8,1780916703,0.0024487815510703236
cpu_rate,minikube,coredns-7d764666f9-gmlgd,kube-system,/kubepods/burstable/pod9289fad3-6e91-4617-b97d-6da4631c2f35,1780916703,0.0022822422653580644
cpu_rate,minikube,adservice-8576649cff-5bvst,boutique,/kubepods/burstable/pod9d685cd3-17df-43af-a26e-7743c006902d,1780916703,0.0016759862828720795
cpu_rate,minikube,kube-apiserver-minikube,kube-system,/kubepods/burstable/poda6dc00f40d27725f15407f95751ce5f7,1780916703,0.05564360750360808
cpu_rate,minikube,alertmanager-monitoring-kube-prometheus-alertmanager-0,monitoring,/kubepods/burstable/podb5fde93f-2f9a-427f-aa16-8a257f179975,1780916703,0.0006435113262762348
cpu_rate,minikube,currencyservice-fd8f5dfb7-js8gr,boutique,/kubepods/burstable/podc827ec2d-8a9d-4e1c-8017-62c3901eccb4,1780916703,0.007491965516917884
cpu_rate,minikube,redis-cart-6899b65948-ms767,boutique,/kubepods/burstable/podd425db0f-53f9-4bec-9ee1-49e4ced03bb6,1780916703,0.0022171236602754685
cpu_rate,minikube,chaos-controller-manager-659785674d-wbwg8,chaos-testing,/kubepods/burstable/podd7abbfc2-2af5-4b28-b438-3ebef4bafcce,1780916703,0.00032489969267541813
cpu_rate,minikube,paymentservice-6b76dfb449-n8mm2,boutique,/kubepods/burstable/podd9986049-5066-4a99-a156-0bc7b2391961,1780916703,0.0007345456496083928
cpu_rate,minikube,checkoutservice-75b9cd684f-vzdsz,boutique,/kubepods/burstable/pod5827d8c7-6a98-4352-9825-164648474ddc,1780916703,0.0012031681441650815
cpu_rate,minikube,frontend-694b9f76cd-z2pk6,boutique,/kubepods/burstable/podcf6049c2-3667-4622-87ba-b06efa553d48,1780916703,0.013595199221166721
cpu_rate,minikube,productcatalogservice-fb49fc9cc-wptz6,boutique,/kubepods/burstable/pode9d4586d-6739-497d-ae8d-4fd70972eea8,1780916703,0.006741074138715953
cpu_rate,minikube,loadgenerator-7694cd65db-bdz8c,boutique,/kubepods/burstable/pod38d6ef8e-d456-4bd4-95a0-ea6760631a9d,1780916703,0.0031075229206075075
memory_working_set,minikube,kube-proxy-fshvh,kube-system,/kubepods/besteffort/pod2f4efb93-ee48-4c37-b1e1-6f2e54a917c7,1780916703,39555072.0
memory_working_set,minikube,monitoring-kube-state-metrics-868694bc4b-689cm,monitoring,/kubepods/besteffort/pod59c52cc8-67e3-4946-aac6-7ff0ef74285f,1780916703,38768640.0
memory_working_set,minikube,prometheus-monitoring-kube-prometheus-prometheus-0,monitoring,/kubepods/besteffort/pod6bff50b8-f988-4ff2-a8c1-8f95f2c25189,1780916703,296321024.0
memory_working_set,minikube,storage-provisioner,kube-system,/kubepods/besteffort/pod9bffcac8-a0cd-49a4-ad59-cdbf60a579cb,1780916703,21078016.0
memory_working_set,minikube,monitoring-grafana-6f66955c48-hlrcn,monitoring,/kubepods/besteffort/pod9d3fe3f0-8989-47b4-8478-0ae7be66df8d,1780916703,407592960.0
memory_working_set,minikube,chaos-daemon-n6ghj,chaos-testing,/kubepods/besteffort/poda051be83-a7cd-43e4-83d3-76f3c90e8474,1780916703,19619840.0
memory_working_set,minikube,monitoring-kube-prometheus-operator-556b56cc6d-n6dg9,monitoring,/kubepods/besteffort/podc8122519-a592-495f-9353-00a2f23fdf80,1780916703,41480192.0
memory_working_set,minikube,monitoring-prometheus-node-exporter-pdw8p,monitoring,/kubepods/besteffort/podd35abb3b-34f0-40fa-af55-3ab246fc64c8,1780916703,18583552.0
memory_working_set,minikube,kube-scheduler-minikube,kube-system,/kubepods/burstable/pod1c7123a121598343200ffd5b015ca580,1780916703,41238528.0
memory_working_set,minikube,shippingservice-55656785c7-lk4mx,boutique,/kubepods/burstable/pod1df51271-c9ea-47fa-8fb2-cf15bbc7c216,1780916703,15032320.0
memory_working_set,minikube,chaos-controller-manager-659785674d-29q42,chaos-testing,/kubepods/burstable/pod21ab858c-cee8-438c-8682-c786dc3dc044,1780916703,29601792.0
memory_working_set,minikube,chaos-controller-manager-659785674d-fjb2r,chaos-testing,/kubepods/burstable/pod2569141a-4d05-422e-bcf2-2f01e2f5056d,1780916703,36438016.0
memory_working_set,minikube,coredns-7d764666f9-hxxb8,kube-system,/kubepods/burstable/pod596c18fb-891c-4e87-9b11-83d99dd6d264,1780916703,38555648.0
memory_working_set,minikube,recommendationservice-6f8f67d69-fhrns,boutique,/kubepods/burstable/pod5ded7b1a-44d9-4178-8596-57a9e25f6171,1780916703,58048512.0
memory_working_set,minikube,etcd-minikube,kube-system,/kubepods/burstable/pod5ff8e3b06bbaa8cb7ebc2bf531e48a2f,1780916703,88039424.0
memory_working_set,minikube,emailservice-7466dc585-sv4wh,boutique,/kubepods/burstable/pod6116940a-da83-4761-97dc-892a207b789e,1780916703,53129216.0
memory_working_set,minikube,cartservice-546c548494-cb4lb,boutique,/kubepods/burstable/pod6ec732c5-cf34-4e25-a3ce-ff4b44ce8d19,1780916703,72028160.0
memory_working_set,minikube,kube-controller-manager-minikube,kube-system,/kubepods/burstable/pod740363cf4388c2d0df59fc97f96b889c,1780916703,96333824.0
memory_working_set,minikube,chaos-dashboard-5b77585c6c-zm7f4,chaos-testing,/kubepods/burstable/pod7d3e8284-7c72-4577-a8fb-79d957f69104,1780916703,48750592.0
memory_working_set,minikube,chaos-dns-server-6bccb5bb76-gscmn,chaos-testing,/kubepods/burstable/pod8a82a436-ef3f-4750-8f39-dbfde680d0b8,1780916703,28356608.0
memory_working_set,minikube,coredns-7d764666f9-gmlgd,kube-system,/kubepods/burstable/pod9289fad3-6e91-4617-b97d-6da4631c2f35,1780916703,32485376.0
memory_working_set,minikube,adservice-8576649cff-5bvst,boutique,/kubepods/burstable/pod9d685cd3-17df-43af-a26e-7743c006902d,1780916703,112726016.0
memory_working_set,minikube,kube-apiserver-minikube,kube-system,/kubepods/burstable/poda6dc00f40d27725f15407f95751ce5f7,1780916703,580153344.0
memory_working_set,minikube,alertmanager-monitoring-kube-prometheus-alertmanager-0,monitoring,/kubepods/burstable/podb5fde93f-2f9a-427f-aa16-8a257f179975,1780916703,54775808.0
memory_working_set,minikube,currencyservice-fd8f5dfb7-js8gr,boutique,/kubepods/burstable/podc827ec2d-8a9d-4e1c-8017-62c3901eccb4,1780916703,78290944.0
memory_working_set,minikube,redis-cart-6899b65948-ms767,boutique,/kubepods/burstable/podd425db0f-53f9-4bec-9ee1-49e4ced03bb6,1780916703,13778944.0
memory_working_set,minikube,chaos-controller-manager-659785674d-wbwg8,chaos-testing,/kubepods/burstable/podd7abbfc2-2af5-4b28-b438-3ebef4bafcce,1780916703,27725824.0
memory_working_set,minikube,paymentservice-6b76dfb449-n8mm2,boutique,/kubepods/burstable/podd9986049-5066-4a99-a156-0bc7b2391961,1780916703,50565120.0
memory_working_set,minikube,checkoutservice-75b9cd684f-vzdsz,boutique,/kubepods/burstable/pod5827d8c7-6a98-4352-9825-164648474ddc,1780916703,17391616.0
memory_working_set,minikube,frontend-694b9f76cd-z2pk6,boutique,/kubepods/burstable/podcf6049c2-3667-4622-87ba-b06efa553d48,1780916703,23293952.0
memory_working_set,minikube,productcatalogservice-fb49fc9cc-wptz6,boutique,/kubepods/burstable/pode9d4586d-6739-497d-ae8d-4fd70972eea8,1780916703,18423808.0
memory_working_set,minikube,loadgenerator-7694cd65db-bdz8c,boutique,/kubepods/burstable/pod38d6ef8e-d456-4bd4-95a0-ea6760631a9d,1780916703,75227136.0
cpu_rate,minikube,kube-proxy-fshvh,kube-system,/kubepods/besteffort/pod2f4efb93-ee48-4c37-b1e1-6f2e54a917c7,1780916732,0.0004909290195782047
cpu_rate,minikube,monitoring-kube-state-metrics-868694bc4b-689cm,monitoring,/kubepods/besteffort/pod59c52cc8-67e3-4946-aac6-7ff0ef74285f,1780916732,0.0008542530468651842
cpu_rate,minikube,prometheus-monitoring-kube-prometheus-prometheus-0,monitoring,/kubepods/besteffort/pod6bff50b8-f988-4ff2-a8c1-8f95f2c25189,1780916732,0.013312760840011673
cpu_rate,minikube,storage-provisioner,kube-system,/kubepods/besteffort/pod9bffcac8-a0cd-49a4-ad59-cdbf60a579cb,1780916732,0.0018673142389361952
cpu_rate,minikube,monitoring-grafana-6f66955c48-hlrcn,monitoring,/kubepods/besteffort/pod9d3fe3f0-8989-47b4-8478-0ae7be66df8d,1780916732,0.011729179331306988
cpu_rate,minikube,chaos-daemon-n6ghj,chaos-testing,/kubepods/besteffort/poda051be83-a7cd-43e4-83d3-76f3c90e8474,1780916732,2.42184316236812e-05
cpu_rate,minikube,monitoring-kube-prometheus-operator-556b56cc6d-n6dg9,monitoring,/kubepods/besteffort/podc8122519-a592-495f-9353-00a2f23fdf80,1780916732,0.003133931596923056
cpu_rate,minikube,monitoring-prometheus-node-exporter-pdw8p,monitoring,/kubepods/besteffort/podd35abb3b-34f0-40fa-af55-3ab246fc64c8,1780916732,0.0010482461170932221
cpu_rate,minikube,kube-scheduler-minikube,kube-system,/kubepods/burstable/pod1c7123a121598343200ffd5b015ca580,1780916732,0.005396107375226527
cpu_rate,minikube,shippingservice-55656785c7-lk4mx,boutique,/kubepods/burstable/pod1df51271-c9ea-47fa-8fb2-cf15bbc7c216,1780916732,0.0010062398799415427
cpu_rate,minikube,chaos-controller-manager-659785674d-29q42,chaos-testing,/kubepods/burstable/pod21ab858c-cee8-438c-8682-c786dc3dc044,1780916732,0.00043414457081620493
cpu_rate,minikube,chaos-controller-manager-659785674d-fjb2r,chaos-testing,/kubepods/burstable/pod2569141a-4d05-422e-bcf2-2f01e2f5056d,1780916732,0.006548909204019191
cpu_rate,minikube,coredns-7d764666f9-hxxb8,kube-system,/kubepods/burstable/pod596c18fb-891c-4e87-9b11-83d99dd6d264,1780916732,0.0023925078900425755
cpu_rate,minikube,recommendationservice-6f8f67d69-fhrns,boutique,/kubepods/burstable/pod5ded7b1a-44d9-4178-8596-57a9e25f6171,1780916732,0.007010049433447998
cpu_rate,minikube,etcd-minikube,kube-system,/kubepods/burstable/pod5ff8e3b06bbaa8cb7ebc2bf531e48a2f,1780916732,0.031584391913255176
cpu_rate,minikube,emailservice-7466dc585-sv4wh,boutique,/kubepods/burstable/pod6116940a-da83-4761-97dc-892a207b789e,1780916732,0.0017649697032472247
cpu_rate,minikube,cartservice-546c548494-cb4lb,boutique,/kubepods/burstable/pod6ec732c5-cf34-4e25-a3ce-ff4b44ce8d19,1780916732,0.003968913583479872
cpu_rate,minikube,kube-controller-manager-minikube,kube-system,/kubepods/burstable/pod740363cf4388c2d0df59fc97f96b889c,1780916732,0.015528021198069562
cpu_rate,minikube,chaos-dashboard-5b77585c6c-zm7f4,chaos-testing,/kubepods/burstable/pod7d3e8284-7c72-4577-a8fb-79d957f69104,1780916732,0.0026509098365771816
cpu_rate,minikube,chaos-dns-server-6bccb5bb76-gscmn,chaos-testing,/kubepods/burstable/pod8a82a436-ef3f-4750-8f39-dbfde680d0b8,1780916732,0.0025108176721860185
cpu_rate,minikube,coredns-7d764666f9-gmlgd,kube-system,/kubepods/burstable/pod9289fad3-6e91-4617-b97d-6da4631c2f35,1780916732,0.0023178087970241817
cpu_rate,minikube,adservice-8576649cff-5bvst,boutique,/kubepods/burstable/pod9d685cd3-17df-43af-a26e-7743c006902d,1780916732,0.00173456439740716
cpu_rate,minikube,kube-apiserver-minikube,kube-system,/kubepods/burstable/poda6dc00f40d27725f15407f95751ce5f7,1780916732,0.05629360308757882
cpu_rate,minikube,alertmanager-monitoring-kube-prometheus-alertmanager-0,monitoring,/kubepods/burstable/podb5fde93f-2f9a-427f-aa16-8a257f179975,1780916732,0.0006416771554436904
cpu_rate,minikube,currencyservice-fd8f5dfb7-js8gr,boutique,/kubepods/burstable/podc827ec2d-8a9d-4e1c-8017-62c3901eccb4,1780916732,0.007365522195652469
cpu_rate,minikube,redis-cart-6899b65948-ms767,boutique,/kubepods/burstable/podd425db0f-53f9-4bec-9ee1-49e4ced03bb6,1780916732,0.0021541645967875266
cpu_rate,minikube,chaos-controller-manager-659785674d-wbwg8,chaos-testing,/kubepods/burstable/podd7abbfc2-2af5-4b28-b438-3ebef4bafcce,1780916732,0.0003981602480334082
cpu_rate,minikube,paymentservice-6b76dfb449-n8mm2,boutique,/kubepods/burstable/podd9986049-5066-4a99-a156-0bc7b2391961,1780916732,0.0006731899856376525
cpu_rate,minikube,checkoutservice-75b9cd684f-vzdsz,boutique,/kubepods/burstable/pod5827d8c7-6a98-4352-9825-164648474ddc,1780916732,0.0008976823427303866
cpu_rate,minikube,frontend-694b9f76cd-z2pk6,boutique,/kubepods/burstable/podcf6049c2-3667-4622-87ba-b06efa553d48,1780916732,0.013301387039979318
cpu_rate,minikube,productcatalogservice-fb49fc9cc-wptz6,boutique,/kubepods/burstable/pode9d4586d-6739-497d-ae8d-4fd70972eea8,1780916732,0.006906879727205144
cpu_rate,minikube,loadgenerator-7694cd65db-bdz8c,boutique,/kubepods/burstable/pod38d6ef8e-d456-4bd4-95a0-ea6760631a9d,1780916732,0.003257175059015621
memory_working_set,minikube,kube-proxy-fshvh,kube-system,/kubepods/besteffort/pod2f4efb93-ee48-4c37-b1e1-6f2e54a917c7,1780916732,39563264.0
memory_working_set,minikube,monitoring-kube-state-metrics-868694bc4b-689cm,monitoring,/kubepods/besteffort/pod59c52cc8-67e3-4946-aac6-7ff0ef74285f,1780916732,38768640.0
memory_working_set,minikube,prometheus-monitoring-kube-prometheus-prometheus-0,monitoring,/kubepods/besteffort/pod6bff50b8-f988-4ff2-a8c1-8f95f2c25189,1780916732,299515904.0
memory_working_set,minikube,storage-provisioner,kube-system,/kubepods/besteffort/pod9bffcac8-a0cd-49a4-ad59-cdbf60a579cb,1780916732,21020672.0
memory_working_set,minikube,monitoring-grafana-6f66955c48-hlrcn,monitoring,/kubepods/besteffort/pod9d3fe3f0-8989-47b4-8478-0ae7be66df8d,1780916732,407494656.0
memory_working_set,minikube,chaos-daemon-n6ghj,chaos-testing,/kubepods/besteffort/poda051be83-a7cd-43e4-83d3-76f3c90e8474,1780916732,19619840.0
memory_working_set,minikube,monitoring-kube-prometheus-operator-556b56cc6d-n6dg9,monitoring,/kubepods/besteffort/podc8122519-a592-495f-9353-00a2f23fdf80,1780916732,41742336.0
memory_working_set,minikube,monitoring-prometheus-node-exporter-pdw8p,monitoring,/kubepods/besteffort/podd35abb3b-34f0-40fa-af55-3ab246fc64c8,1780916732,18616320.0
memory_working_set,minikube,kube-scheduler-minikube,kube-system,/kubepods/burstable/pod1c7123a121598343200ffd5b015ca580,1780916732,41242624.0
memory_working_set,minikube,shippingservice-55656785c7-lk4mx,boutique,/kubepods/burstable/pod1df51271-c9ea-47fa-8fb2-cf15bbc7c216,1780916732,15552512.0
memory_working_set,minikube,chaos-controller-manager-659785674d-29q42,chaos-testing,/kubepods/burstable/pod21ab858c-cee8-438c-8682-c786dc3dc044,1780916732,29601792.0
memory_working_set,minikube,chaos-controller-manager-659785674d-fjb2r,chaos-testing,/kubepods/burstable/pod2569141a-4d05-422e-bcf2-2f01e2f5056d,1780916732,36438016.0
memory_working_set,minikube,coredns-7d764666f9-hxxb8,kube-system,/kubepods/burstable/pod596c18fb-891c-4e87-9b11-83d99dd6d264,1780916732,37441536.0
memory_working_set,minikube,recommendationservice-6f8f67d69-fhrns,boutique,/kubepods/burstable/pod5ded7b1a-44d9-4178-8596-57a9e25f6171,1780916732,58048512.0
memory_working_set,minikube,etcd-minikube,kube-system,/kubepods/burstable/pod5ff8e3b06bbaa8cb7ebc2bf531e48a2f,1780916732,88027136.0
memory_working_set,minikube,emailservice-7466dc585-sv4wh,boutique,/kubepods/burstable/pod6116940a-da83-4761-97dc-892a207b789e,1780916732,53129216.0
memory_working_set,minikube,cartservice-546c548494-cb4lb,boutique,/kubepods/burstable/pod6ec732c5-cf34-4e25-a3ce-ff4b44ce8d19,1780916732,72036352.0
memory_working_set,minikube,kube-controller-manager-minikube,kube-system,/kubepods/burstable/pod740363cf4388c2d0df59fc97f96b889c,1780916732,96337920.0
memory_working_set,minikube,chaos-dashboard-5b77585c6c-zm7f4,chaos-testing,/kubepods/burstable/pod7d3e8284-7c72-4577-a8fb-79d957f69104,1780916732,48750592.0
memory_working_set,minikube,chaos-dns-server-6bccb5bb76-gscmn,chaos-testing,/kubepods/burstable/pod8a82a436-ef3f-4750-8f39-dbfde680d0b8,1780916732,28356608.0
memory_working_set,minikube,coredns-7d764666f9-gmlgd,kube-system,/kubepods/burstable/pod9289fad3-6e91-4617-b97d-6da4631c2f35,1780916732,31965184.0
memory_working_set,minikube,adservice-8576649cff-5bvst,boutique,/kubepods/burstable/pod9d685cd3-17df-43af-a26e-7743c006902d,1780916732,112603136.0
memory_working_set,minikube,kube-apiserver-minikube,kube-system,/kubepods/burstable/poda6dc00f40d27725f15407f95751ce5f7,1780916732,581214208.0
memory_working_set,minikube,alertmanager-monitoring-kube-prometheus-alertmanager-0,monitoring,/kubepods/burstable/podb5fde93f-2f9a-427f-aa16-8a257f179975,1780916732,54779904.0
memory_working_set,minikube,currencyservice-fd8f5dfb7-js8gr,boutique,/kubepods/burstable/podc827ec2d-8a9d-4e1c-8017-62c3901eccb4,1780916732,78311424.0
memory_working_set,minikube,redis-cart-6899b65948-ms767,boutique,/kubepods/burstable/podd425db0f-53f9-4bec-9ee1-49e4ced03bb6,1780916732,14041088.0
memory_working_set,minikube,chaos-controller-manager-659785674d-wbwg8,chaos-testing,/kubepods/burstable/podd7abbfc2-2af5-4b28-b438-3ebef4bafcce,1780916732,27725824.0
memory_working_set,minikube,paymentservice-6b76dfb449-n8mm2,boutique,/kubepods/burstable/podd9986049-5066-4a99-a156-0bc7b2391961,1780916732,51032064.0
memory_working_set,minikube,checkoutservice-75b9cd684f-vzdsz,boutique,/kubepods/burstable/pod5827d8c7-6a98-4352-9825-164648474ddc,1780916732,17391616.0
memory_working_set,minikube,frontend-694b9f76cd-z2pk6,boutique,/kubepods/burstable/podcf6049c2-3667-4622-87ba-b06efa553d48,1780916732,23470080.0
memory_working_set,minikube,productcatalogservice-fb49fc9cc-wptz6,boutique,/kubepods/burstable/pode9d4586d-6739-497d-ae8d-4fd70972eea8,1780916732,18296832.0
memory_working_set,minikube,loadgenerator-7694cd65db-bdz8c,boutique,/kubepods/burstable/pod38d6ef8e-d456-4bd4-95a0-ea6760631a9d,1780916732,75227136.0
cpu_rate,minikube,kube-proxy-fshvh,kube-system,/kubepods/besteffort/pod2f4efb93-ee48-4c37-b1e1-6f2e54a917c7,1780916761,0.00040594166666667596
cpu_rate,minikube,monitoring-kube-state-metrics-868694bc4b-689cm,monitoring,/kubepods/besteffort/pod59c52cc8-67e3-4946-aac6-7ff0ef74285f,1780916761,0.0008368354470322854
cpu_rate,minikube,prometheus-monitoring-kube-prometheus-prometheus-0,monitoring,/kubepods/besteffort/pod6bff50b8-f988-4ff2-a8c1-8f95f2c25189,1780916761,0.011506228632272096
cpu_rate,minikube,storage-provisioner,kube-system,/kubepods/besteffort/pod9bffcac8-a0cd-49a4-ad59-cdbf60a579cb,1780916761,0.0016732883238225974
cpu_rate,minikube,monitoring-grafana-6f66955c48-hlrcn,monitoring,/kubepods/besteffort/pod9d3fe3f0-8989-47b4-8478-0ae7be66df8d,1780916761,0.011786880954873846
cpu_rate,minikube,chaos-daemon-n6ghj,chaos-testing,/kubepods/besteffort/poda051be83-a7cd-43e4-83d3-76f3c90e8474,1780916761,2.2893775149008484e-05
cpu_rate,minikube,monitoring-kube-prometheus-operator-556b56cc6d-n6dg9,monitoring,/kubepods/besteffort/podc8122519-a592-495f-9353-00a2f23fdf80,1780916761,0.003384709101633229
cpu_rate,minikube,monitoring-prometheus-node-exporter-pdw8p,monitoring,/kubepods/besteffort/podd35abb3b-34f0-40fa-af55-3ab246fc64c8,1780916761,0.0010863741965185228
cpu_rate,minikube,kube-scheduler-minikube,kube-system,/kubepods/burstable/pod1c7123a121598343200ffd5b015ca580,1780916761,0.005628476554638792
cpu_rate,minikube,shippingservice-55656785c7-lk4mx,boutique,/kubepods/burstable/pod1df51271-c9ea-47fa-8fb2-cf15bbc7c216,1780916761,0.000914600295959309
cpu_rate,minikube,chaos-controller-manager-659785674d-29q42,chaos-testing,/kubepods/burstable/pod21ab858c-cee8-438c-8682-c786dc3dc044,1780916761,0.00042213601154664904
cpu_rate,minikube,chaos-controller-manager-659785674d-fjb2r,chaos-testing,/kubepods/burstable/pod2569141a-4d05-422e-bcf2-2f01e2f5056d,1780916761,0.0063568597546623945
cpu_rate,minikube,coredns-7d764666f9-hxxb8,kube-system,/kubepods/burstable/pod596c18fb-891c-4e87-9b11-83d99dd6d264,1780916761,0.0024175089960780105
cpu_rate,minikube,recommendationservice-6f8f67d69-fhrns,boutique,/kubepods/burstable/pod5ded7b1a-44d9-4178-8596-57a9e25f6171,1780916761,0.005821942065799624
cpu_rate,minikube,etcd-minikube,kube-system,/kubepods/burstable/pod5ff8e3b06bbaa8cb7ebc2bf531e48a2f,1780916761,0.027820655048203233
cpu_rate,minikube,emailservice-7466dc585-sv4wh,boutique,/kubepods/burstable/pod6116940a-da83-4761-97dc-892a207b789e,1780916761,0.0015153823710611196
cpu_rate,minikube,cartservice-546c548494-cb4lb,boutique,/kubepods/burstable/pod6ec732c5-cf34-4e25-a3ce-ff4b44ce8d19,1780916761,0.004234346043137185
cpu_rate,minikube,kube-controller-manager-minikube,kube-system,/kubepods/burstable/pod740363cf4388c2d0df59fc97f96b889c,1780916761,0.01430432527363446
cpu_rate,minikube,chaos-dashboard-5b77585c6c-zm7f4,chaos-testing,/kubepods/burstable/pod7d3e8284-7c72-4577-a8fb-79d957f69104,1780916761,0.0026462797878561593
cpu_rate,minikube,chaos-dns-server-6bccb5bb76-gscmn,chaos-testing,/kubepods/burstable/pod8a82a436-ef3f-4750-8f39-dbfde680d0b8,1780916761,0.0024740285339840424
cpu_rate,minikube,coredns-7d764666f9-gmlgd,kube-system,/kubepods/burstable/pod9289fad3-6e91-4617-b97d-6da4631c2f35,1780916761,0.002308437248592052
cpu_rate,minikube,adservice-8576649cff-5bvst,boutique,/kubepods/burstable/pod9d685cd3-17df-43af-a26e-7743c006902d,1780916761,0.001590065096540318
cpu_rate,minikube,kube-apiserver-minikube,kube-system,/kubepods/burstable/poda6dc00f40d27725f15407f95751ce5f7,1780916761,0.052618234661163416
cpu_rate,minikube,alertmanager-monitoring-kube-prometheus-alertmanager-0,monitoring,/kubepods/burstable/podb5fde93f-2f9a-427f-aa16-8a257f179975,1780916761,0.0006392780754797255
cpu_rate,minikube,currencyservice-fd8f5dfb7-js8gr,boutique,/kubepods/burstable/podc827ec2d-8a9d-4e1c-8017-62c3901eccb4,1780916761,0.00617333146230333
cpu_rate,minikube,redis-cart-6899b65948-ms767,boutique,/kubepods/burstable/podd425db0f-53f9-4bec-9ee1-49e4ced03bb6,1780916761,0.001968307349682047
cpu_rate,minikube,chaos-controller-manager-659785674d-wbwg8,chaos-testing,/kubepods/burstable/podd7abbfc2-2af5-4b28-b438-3ebef4bafcce,1780916761,0.0004386565408064895
cpu_rate,minikube,paymentservice-6b76dfb449-n8mm2,boutique,/kubepods/burstable/podd9986049-5066-4a99-a156-0bc7b2391961,1780916761,0.0004477223889825447
cpu_rate,minikube,checkoutservice-75b9cd684f-vzdsz,boutique,/kubepods/burstable/pod5827d8c7-6a98-4352-9825-164648474ddc,1780916761,0.0006247950326854721
cpu_rate,minikube,frontend-694b9f76cd-z2pk6,boutique,/kubepods/burstable/podcf6049c2-3667-4622-87ba-b06efa553d48,1780916761,0.01182951375722592
cpu_rate,minikube,productcatalogservice-fb49fc9cc-wptz6,boutique,/kubepods/burstable/pode9d4586d-6739-497d-ae8d-4fd70972eea8,1780916761,0.00619598758014728
cpu_rate,minikube,loadgenerator-7694cd65db-bdz8c,boutique,/kubepods/burstable/pod38d6ef8e-d456-4bd4-95a0-ea6760631a9d,1780916761,0.0032377632450806956
memory_working_set,minikube,kube-proxy-fshvh,kube-system,/kubepods/besteffort/pod2f4efb93-ee48-4c37-b1e1-6f2e54a917c7,1780916761,39559168.0
memory_working_set,minikube,monitoring-kube-state-metrics-868694bc4b-689cm,monitoring,/kubepods/besteffort/pod59c52cc8-67e3-4946-aac6-7ff0ef74285f,1780916761,38469632.0
memory_working_set,minikube,prometheus-monitoring-kube-prometheus-prometheus-0,monitoring,/kubepods/besteffort/pod6bff50b8-f988-4ff2-a8c1-8f95f2c25189,1780916761,298889216.0
memory_working_set,minikube,storage-provisioner,kube-system,/kubepods/besteffort/pod9bffcac8-a0cd-49a4-ad59-cdbf60a579cb,1780916761,20922368.0
memory_working_set,minikube,monitoring-grafana-6f66955c48-hlrcn,monitoring,/kubepods/besteffort/pod9d3fe3f0-8989-47b4-8478-0ae7be66df8d,1780916761,407494656.0
memory_working_set,minikube,chaos-daemon-n6ghj,chaos-testing,/kubepods/besteffort/poda051be83-a7cd-43e4-83d3-76f3c90e8474,1780916761,19619840.0
memory_working_set,minikube,monitoring-kube-prometheus-operator-556b56cc6d-n6dg9,monitoring,/kubepods/besteffort/podc8122519-a592-495f-9353-00a2f23fdf80,1780916761,40693760.0
memory_working_set,minikube,monitoring-prometheus-node-exporter-pdw8p,monitoring,/kubepods/besteffort/podd35abb3b-34f0-40fa-af55-3ab246fc64c8,1780916761,18616320.0
memory_working_set,minikube,kube-scheduler-minikube,kube-system,/kubepods/burstable/pod1c7123a121598343200ffd5b015ca580,1780916761,41238528.0
memory_working_set,minikube,shippingservice-55656785c7-lk4mx,boutique,/kubepods/burstable/pod1df51271-c9ea-47fa-8fb2-cf15bbc7c216,1780916761,15036416.0
memory_working_set,minikube,chaos-controller-manager-659785674d-29q42,chaos-testing,/kubepods/burstable/pod21ab858c-cee8-438c-8682-c786dc3dc044,1780916761,29601792.0
memory_working_set,minikube,chaos-controller-manager-659785674d-fjb2r,chaos-testing,/kubepods/burstable/pod2569141a-4d05-422e-bcf2-2f01e2f5056d,1780916761,36438016.0
memory_working_set,minikube,coredns-7d764666f9-hxxb8,kube-system,/kubepods/burstable/pod596c18fb-891c-4e87-9b11-83d99dd6d264,1780916761,37834752.0
memory_working_set,minikube,recommendationservice-6f8f67d69-fhrns,boutique,/kubepods/burstable/pod5ded7b1a-44d9-4178-8596-57a9e25f6171,1780916761,58048512.0
memory_working_set,minikube,etcd-minikube,kube-system,/kubepods/burstable/pod5ff8e3b06bbaa8cb7ebc2bf531e48a2f,1780916761,88039424.0
memory_working_set,minikube,emailservice-7466dc585-sv4wh,boutique,/kubepods/burstable/pod6116940a-da83-4761-97dc-892a207b789e,1780916761,53129216.0
memory_working_set,minikube,cartservice-546c548494-cb4lb,boutique,/kubepods/burstable/pod6ec732c5-cf34-4e25-a3ce-ff4b44ce8d19,1780916761,71999488.0
memory_working_set,minikube,kube-controller-manager-minikube,kube-system,/kubepods/burstable/pod740363cf4388c2d0df59fc97f96b889c,1780916761,96600064.0
memory_working_set,minikube,chaos-dashboard-5b77585c6c-zm7f4,chaos-testing,/kubepods/burstable/pod7d3e8284-7c72-4577-a8fb-79d957f69104,1780916761,48750592.0
memory_working_set,minikube,chaos-dns-server-6bccb5bb76-gscmn,chaos-testing,/kubepods/burstable/pod8a82a436-ef3f-4750-8f39-dbfde680d0b8,1780916761,28352512.0
memory_working_set,minikube,coredns-7d764666f9-gmlgd,kube-system,/kubepods/burstable/pod9289fad3-6e91-4617-b97d-6da4631c2f35,1780916761,31973376.0
memory_working_set,minikube,adservice-8576649cff-5bvst,boutique,/kubepods/burstable/pod9d685cd3-17df-43af-a26e-7743c006902d,1780916761,112603136.0
memory_working_set,minikube,kube-apiserver-minikube,kube-system,/kubepods/burstable/poda6dc00f40d27725f15407f95751ce5f7,1780916761,581222400.0
memory_working_set,minikube,alertmanager-monitoring-kube-prometheus-alertmanager-0,monitoring,/kubepods/burstable/podb5fde93f-2f9a-427f-aa16-8a257f179975,1780916761,55459840.0
memory_working_set,minikube,currencyservice-fd8f5dfb7-js8gr,boutique,/kubepods/burstable/podc827ec2d-8a9d-4e1c-8017-62c3901eccb4,1780916761,78245888.0
memory_working_set,minikube,redis-cart-6899b65948-ms767,boutique,/kubepods/burstable/podd425db0f-53f9-4bec-9ee1-49e4ced03bb6,1780916761,14041088.0
memory_working_set,minikube,chaos-controller-manager-659785674d-wbwg8,chaos-testing,/kubepods/burstable/podd7abbfc2-2af5-4b28-b438-3ebef4bafcce,1780916761,27725824.0
memory_working_set,minikube,paymentservice-6b76dfb449-n8mm2,boutique,/kubepods/burstable/podd9986049-5066-4a99-a156-0bc7b2391961,1780916761,50671616.0
memory_working_set,minikube,checkoutservice-75b9cd684f-vzdsz,boutique,/kubepods/burstable/pod5827d8c7-6a98-4352-9825-164648474ddc,1780916761,17690624.0
memory_working_set,minikube,frontend-694b9f76cd-z2pk6,boutique,/kubepods/burstable/podcf6049c2-3667-4622-87ba-b06efa553d48,1780916761,23609344.0
memory_working_set,minikube,productcatalogservice-fb49fc9cc-wptz6,boutique,/kubepods/burstable/pode9d4586d-6739-497d-ae8d-4fd70972eea8,1780916761,18558976.0
memory_working_set,minikube,loadgenerator-7694cd65db-bdz8c,boutique,/kubepods/burstable/pod38d6ef8e-d456-4bd4-95a0-ea6760631a9d,1780916761,75235328.0
cpu_rate,minikube,kube-proxy-fshvh,kube-system,/kubepods/besteffort/pod2f4efb93-ee48-4c37-b1e1-6f2e54a917c7,1780916790,0.0004024834633818117
cpu_rate,minikube,monitoring-kube-state-metrics-868694bc4b-689cm,monitoring,/kubepods/besteffort/pod59c52cc8-67e3-4946-aac6-7ff0ef74285f,1780916790,0.0008943967988273085
cpu_rate,minikube,prometheus-monitoring-kube-prometheus-prometheus-0,monitoring,/kubepods/besteffort/pod6bff50b8-f988-4ff2-a8c1-8f95f2c25189,1780916790,0.012524833909911657
cpu_rate,minikube,storage-provisioner,kube-system,/kubepods/besteffort/pod9bffcac8-a0cd-49a4-ad59-cdbf60a579cb,1780916790,0.0016393633435292084
cpu_rate,minikube,monitoring-grafana-6f66955c48-hlrcn,monitoring,/kubepods/besteffort/pod9d3fe3f0-8989-47b4-8478-0ae7be66df8d,1780916790,0.01165081418353353
cpu_rate,minikube,chaos-daemon-n6ghj,chaos-testing,/kubepods/besteffort/poda051be83-a7cd-43e4-83d3-76f3c90e8474,1780916790,1.1981707731725383e-06
cpu_rate,minikube,monitoring-kube-prometheus-operator-556b56cc6d-n6dg9,monitoring,/kubepods/besteffort/podc8122519-a592-495f-9353-00a2f23fdf80,1780916790,0.0023775986450746034
cpu_rate,minikube,monitoring-prometheus-node-exporter-pdw8p,monitoring,/kubepods/besteffort/podd35abb3b-34f0-40fa-af55-3ab246fc64c8,1780916790,0.0011688225707883722
cpu_rate,minikube,kube-scheduler-minikube,kube-system,/kubepods/burstable/pod1c7123a121598343200ffd5b015ca580,1780916790,0.0058922950354056485
cpu_rate,minikube,shippingservice-55656785c7-lk4mx,boutique,/kubepods/burstable/pod1df51271-c9ea-47fa-8fb2-cf15bbc7c216,1780916790,0.0010626424414117315
cpu_rate,minikube,chaos-controller-manager-659785674d-29q42,chaos-testing,/kubepods/burstable/pod21ab858c-cee8-438c-8682-c786dc3dc044,1780916790,0.00046665368323677714
cpu_rate,minikube,chaos-controller-manager-659785674d-fjb2r,chaos-testing,/kubepods/burstable/pod2569141a-4d05-422e-bcf2-2f01e2f5056d,1780916790,0.00632000692104916
cpu_rate,minikube,coredns-7d764666f9-hxxb8,kube-system,/kubepods/burstable/pod596c18fb-891c-4e87-9b11-83d99dd6d264,1780916790,0.002089831170935654
cpu_rate,minikube,recommendationservice-6f8f67d69-fhrns,boutique,/kubepods/burstable/pod5ded7b1a-44d9-4178-8596-57a9e25f6171,1780916790,0.006866733498992024
cpu_rate,minikube,etcd-minikube,kube-system,/kubepods/burstable/pod5ff8e3b06bbaa8cb7ebc2bf531e48a2f,1780916790,0.027263165458901163
cpu_rate,minikube,emailservice-7466dc585-sv4wh,boutique,/kubepods/burstable/pod6116940a-da83-4761-97dc-892a207b789e,1780916790,0.0015247823733896104
cpu_rate,minikube,cartservice-546c548494-cb4lb,boutique,/kubepods/burstable/pod6ec732c5-cf34-4e25-a3ce-ff4b44ce8d19,1780916790,0.004629626227366246
cpu_rate,minikube,kube-controller-manager-minikube,kube-system,/kubepods/burstable/pod740363cf4388c2d0df59fc97f96b889c,1780916790,0.014009535935584455
cpu_rate,minikube,chaos-dashboard-5b77585c6c-zm7f4,chaos-testing,/kubepods/burstable/pod7d3e8284-7c72-4577-a8fb-79d957f69104,1780916790,0.00261955805955951
cpu_rate,minikube,chaos-dns-server-6bccb5bb76-gscmn,chaos-testing,/kubepods/burstable/pod8a82a436-ef3f-4750-8f39-dbfde680d0b8,1780916790,0.002214226753069769
cpu_rate,minikube,coredns-7d764666f9-gmlgd,kube-system,/kubepods/burstable/pod9289fad3-6e91-4617-b97d-6da4631c2f35,1780916790,0.002349511563741735
cpu_rate,minikube,adservice-8576649cff-5bvst,boutique,/kubepods/burstable/pod9d685cd3-17df-43af-a26e-7743c006902d,1780916790,0.0016818704852009719
cpu_rate,minikube,kube-apiserver-minikube,kube-system,/kubepods/burstable/poda6dc00f40d27725f15407f95751ce5f7,1780916790,0.05449330852223517
cpu_rate,minikube,alertmanager-monitoring-kube-prometheus-alertmanager-0,monitoring,/kubepods/burstable/podb5fde93f-2f9a-427f-aa16-8a257f179975,1780916790,0.0005562719591336945
cpu_rate,minikube,currencyservice-fd8f5dfb7-js8gr,boutique,/kubepods/burstable/podc827ec2d-8a9d-4e1c-8017-62c3901eccb4,1780916790,0.0070038842059237895
cpu_rate,minikube,redis-cart-6899b65948-ms767,boutique,/kubepods/burstable/podd425db0f-53f9-4bec-9ee1-49e4ced03bb6,1780916790,0.0019396289133471972
cpu_rate,minikube,chaos-controller-manager-659785674d-wbwg8,chaos-testing,/kubepods/burstable/podd7abbfc2-2af5-4b28-b438-3ebef4bafcce,1780916790,0.0004694422389837329
cpu_rate,minikube,paymentservice-6b76dfb449-n8mm2,boutique,/kubepods/burstable/podd9986049-5066-4a99-a156-0bc7b2391961,1780916790,0.0006421092764758909
cpu_rate,minikube,checkoutservice-75b9cd684f-vzdsz,boutique,/kubepods/burstable/pod5827d8c7-6a98-4352-9825-164648474ddc,1780916790,0.0007699904178970162
cpu_rate,minikube,frontend-694b9f76cd-z2pk6,boutique,/kubepods/burstable/podcf6049c2-3667-4622-87ba-b06efa553d48,1780916790,0.013554397408023514
cpu_rate,minikube,productcatalogservice-fb49fc9cc-wptz6,boutique,/kubepods/burstable/pode9d4586d-6739-497d-ae8d-4fd70972eea8,1780916790,0.006526994982647854
cpu_rate,minikube,loadgenerator-7694cd65db-bdz8c,boutique,/kubepods/burstable/pod38d6ef8e-d456-4bd4-95a0-ea6760631a9d,1780916790,0.0030014384051727304
memory_working_set,minikube,kube-proxy-fshvh,kube-system,/kubepods/besteffort/pod2f4efb93-ee48-4c37-b1e1-6f2e54a917c7,1780916790,39735296.0
memory_working_set,minikube,monitoring-kube-state-metrics-868694bc4b-689cm,monitoring,/kubepods/besteffort/pod59c52cc8-67e3-4946-aac6-7ff0ef74285f,1780916790,38465536.0
memory_working_set,minikube,prometheus-monitoring-kube-prometheus-prometheus-0,monitoring,/kubepods/besteffort/pod6bff50b8-f988-4ff2-a8c1-8f95f2c25189,1780916790,300404736.0
memory_working_set,minikube,storage-provisioner,kube-system,/kubepods/besteffort/pod9bffcac8-a0cd-49a4-ad59-cdbf60a579cb,1780916790,21078016.0
memory_working_set,minikube,monitoring-grafana-6f66955c48-hlrcn,monitoring,/kubepods/besteffort/pod9d3fe3f0-8989-47b4-8478-0ae7be66df8d,1780916790,407486464.0
memory_working_set,minikube,chaos-daemon-n6ghj,chaos-testing,/kubepods/besteffort/poda051be83-a7cd-43e4-83d3-76f3c90e8474,1780916790,19619840.0
memory_working_set,minikube,monitoring-kube-prometheus-operator-556b56cc6d-n6dg9,monitoring,/kubepods/besteffort/podc8122519-a592-495f-9353-00a2f23fdf80,1780916790,40693760.0
memory_working_set,minikube,monitoring-prometheus-node-exporter-pdw8p,monitoring,/kubepods/besteffort/podd35abb3b-34f0-40fa-af55-3ab246fc64c8,1780916790,20373504.0
memory_working_set,minikube,kube-scheduler-minikube,kube-system,/kubepods/burstable/pod1c7123a121598343200ffd5b015ca580,1780916790,41238528.0
memory_working_set,minikube,shippingservice-55656785c7-lk4mx,boutique,/kubepods/burstable/pod1df51271-c9ea-47fa-8fb2-cf15bbc7c216,1780916790,15073280.0
memory_working_set,minikube,chaos-controller-manager-659785674d-29q42,chaos-testing,/kubepods/burstable/pod21ab858c-cee8-438c-8682-c786dc3dc044,1780916790,29601792.0
memory_working_set,minikube,chaos-controller-manager-659785674d-fjb2r,chaos-testing,/kubepods/burstable/pod2569141a-4d05-422e-bcf2-2f01e2f5056d,1780916790,36438016.0
memory_working_set,minikube,coredns-7d764666f9-hxxb8,kube-system,/kubepods/burstable/pod596c18fb-891c-4e87-9b11-83d99dd6d264,1780916790,37883904.0
memory_working_set,minikube,recommendationservice-6f8f67d69-fhrns,boutique,/kubepods/burstable/pod5ded7b1a-44d9-4178-8596-57a9e25f6171,1780916790,58048512.0
memory_working_set,minikube,etcd-minikube,kube-system,/kubepods/burstable/pod5ff8e3b06bbaa8cb7ebc2bf531e48a2f,1780916790,88068096.0
memory_working_set,minikube,emailservice-7466dc585-sv4wh,boutique,/kubepods/burstable/pod6116940a-da83-4761-97dc-892a207b789e,1780916790,53129216.0
memory_working_set,minikube,cartservice-546c548494-cb4lb,boutique,/kubepods/burstable/pod6ec732c5-cf34-4e25-a3ce-ff4b44ce8d19,1780916790,72032256.0
memory_working_set,minikube,kube-controller-manager-minikube,kube-system,/kubepods/burstable/pod740363cf4388c2d0df59fc97f96b889c,1780916790,96604160.0
memory_working_set,minikube,chaos-dashboard-5b77585c6c-zm7f4,chaos-testing,/kubepods/burstable/pod7d3e8284-7c72-4577-a8fb-79d957f69104,1780916790,48750592.0
memory_working_set,minikube,chaos-dns-server-6bccb5bb76-gscmn,chaos-testing,/kubepods/burstable/pod8a82a436-ef3f-4750-8f39-dbfde680d0b8,1780916790,28356608.0
memory_working_set,minikube,coredns-7d764666f9-gmlgd,kube-system,/kubepods/burstable/pod9289fad3-6e91-4617-b97d-6da4631c2f35,1780916790,31608832.0
memory_working_set,minikube,adservice-8576649cff-5bvst,boutique,/kubepods/burstable/pod9d685cd3-17df-43af-a26e-7743c006902d,1780916790,112603136.0
memory_working_set,minikube,kube-apiserver-minikube,kube-system,/kubepods/burstable/poda6dc00f40d27725f15407f95751ce5f7,1780916790,542433280.0
memory_working_set,minikube,alertmanager-monitoring-kube-prometheus-alertmanager-0,monitoring,/kubepods/burstable/podb5fde93f-2f9a-427f-aa16-8a257f179975,1780916790,54231040.0
memory_working_set,minikube,currencyservice-fd8f5dfb7-js8gr,boutique,/kubepods/burstable/podc827ec2d-8a9d-4e1c-8017-62c3901eccb4,1780916790,78622720.0
memory_working_set,minikube,redis-cart-6899b65948-ms767,boutique,/kubepods/burstable/podd425db0f-53f9-4bec-9ee1-49e4ced03bb6,1780916790,14041088.0
memory_working_set,minikube,chaos-controller-manager-659785674d-wbwg8,chaos-testing,/kubepods/burstable/podd7abbfc2-2af5-4b28-b438-3ebef4bafcce,1780916790,27725824.0
memory_working_set,minikube,paymentservice-6b76dfb449-n8mm2,boutique,/kubepods/burstable/podd9986049-5066-4a99-a156-0bc7b2391961,1780916790,51478528.0
memory_working_set,minikube,checkoutservice-75b9cd684f-vzdsz,boutique,/kubepods/burstable/pod5827d8c7-6a98-4352-9825-164648474ddc,1780916790,17690624.0
memory_working_set,minikube,frontend-694b9f76cd-z2pk6,boutique,/kubepods/burstable/podcf6049c2-3667-4622-87ba-b06efa553d48,1780916790,23367680.0
memory_working_set,minikube,productcatalogservice-fb49fc9cc-wptz6,boutique,/kubepods/burstable/pode9d4586d-6739-497d-ae8d-4fd70972eea8,1780916790,18624512.0
memory_working_set,minikube,loadgenerator-7694cd65db-bdz8c,boutique,/kubepods/burstable/pod38d6ef8e-d456-4bd4-95a0-ea6760631a9d,1780916790,75251712.0
cpu_rate,minikube,kube-proxy-fshvh,kube-system,/kubepods/besteffort/pod2f4efb93-ee48-4c37-b1e1-6f2e54a917c7,1780916820,0.00041691621747518367
cpu_rate,minikube,monitoring-kube-state-metrics-868694bc4b-689cm,monitoring,/kubepods/besteffort/pod59c52cc8-67e3-4946-aac6-7ff0ef74285f,1780916820,0.0008389066346908561
cpu_rate,minikube,prometheus-monitoring-kube-prometheus-prometheus-0,monitoring,/kubepods/besteffort/pod6bff50b8-f988-4ff2-a8c1-8f95f2c25189,1780916820,0.012531440037042856
cpu_rate,minikube,storage-provisioner,kube-system,/kubepods/besteffort/pod9bffcac8-a0cd-49a4-ad59-cdbf60a579cb,1780916820,0.001640436422698116
cpu_rate,minikube,monitoring-grafana-6f66955c48-hlrcn,monitoring,/kubepods/besteffort/pod9d3fe3f0-8989-47b4-8478-0ae7be66df8d,1780916820,0.011351347143616164
cpu_rate,minikube,chaos-daemon-n6ghj,chaos-testing,/kubepods/besteffort/poda051be83-a7cd-43e4-83d3-76f3c90e8474,1780916820,2.9891188393430697e-05
cpu_rate,minikube,monitoring-kube-prometheus-operator-556b56cc6d-n6dg9,monitoring,/kubepods/besteffort/podc8122519-a592-495f-9353-00a2f23fdf80,1780916820,0.0025815593495280838
cpu_rate,minikube,monitoring-prometheus-node-exporter-pdw8p,monitoring,/kubepods/besteffort/podd35abb3b-34f0-40fa-af55-3ab246fc64c8,1780916820,0.0010947482375523268
cpu_rate,minikube,kube-scheduler-minikube,kube-system,/kubepods/burstable/pod1c7123a121598343200ffd5b015ca580,1780916820,0.004928565005403973
cpu_rate,minikube,shippingservice-55656785c7-lk4mx,boutique,/kubepods/burstable/pod1df51271-c9ea-47fa-8fb2-cf15bbc7c216,1780916820,0.0009838821908646613
cpu_rate,minikube,chaos-controller-manager-659785674d-29q42,chaos-testing,/kubepods/burstable/pod21ab858c-cee8-438c-8682-c786dc3dc044,1780916820,0.0003618016982306459
cpu_rate,minikube,chaos-controller-manager-659785674d-fjb2r,chaos-testing,/kubepods/burstable/pod2569141a-4d05-422e-bcf2-2f01e2f5056d,1780916820,0.006075211080542657
cpu_rate,minikube,coredns-7d764666f9-hxxb8,kube-system,/kubepods/burstable/pod596c18fb-891c-4e87-9b11-83d99dd6d264,1780916820,0.002291925942261046
cpu_rate,minikube,recommendationservice-6f8f67d69-fhrns,boutique,/kubepods/burstable/pod5ded7b1a-44d9-4178-8596-57a9e25f6171,1780916820,0.0068111585917499775
cpu_rate,minikube,etcd-minikube,kube-system,/kubepods/burstable/pod5ff8e3b06bbaa8cb7ebc2bf531e48a2f,1780916820,0.026796744990854496
cpu_rate,minikube,emailservice-7466dc585-sv4wh,boutique,/kubepods/burstable/pod6116940a-da83-4761-97dc-892a207b789e,1780916820,0.0017267781415073128
cpu_rate,minikube,cartservice-546c548494-cb4lb,boutique,/kubepods/burstable/pod6ec732c5-cf34-4e25-a3ce-ff4b44ce8d19,1780916820,0.0040459028265956735
cpu_rate,minikube,kube-controller-manager-minikube,kube-system,/kubepods/burstable/pod740363cf4388c2d0df59fc97f96b889c,1780916820,0.014956114725799576
cpu_rate,minikube,chaos-dashboard-5b77585c6c-zm7f4,chaos-testing,/kubepods/burstable/pod7d3e8284-7c72-4577-a8fb-79d957f69104,1780916820,0.0026219762802142175
cpu_rate,minikube,chaos-dns-server-6bccb5bb76-gscmn,chaos-testing,/kubepods/burstable/pod8a82a436-ef3f-4750-8f39-dbfde680d0b8,1780916820,0.0024874742147460984
cpu_rate,minikube,coredns-7d764666f9-gmlgd,kube-system,/kubepods/burstable/pod9289fad3-6e91-4617-b97d-6da4631c2f35,1780916820,0.00206070952451611
cpu_rate,minikube,adservice-8576649cff-5bvst,boutique,/kubepods/burstable/pod9d685cd3-17df-43af-a26e-7743c006902d,1780916820,0.0014764804605933944
cpu_rate,minikube,kube-apiserver-minikube,kube-system,/kubepods/burstable/poda6dc00f40d27725f15407f95751ce5f7,1780916820,0.04759347502116546
cpu_rate,minikube,alertmanager-monitoring-kube-prometheus-alertmanager-0,monitoring,/kubepods/burstable/podb5fde93f-2f9a-427f-aa16-8a257f179975,1780916820,0.0006533033385936282
cpu_rate,minikube,currencyservice-fd8f5dfb7-js8gr,boutique,/kubepods/burstable/podc827ec2d-8a9d-4e1c-8017-62c3901eccb4,1780916820,0.007341497573178896
cpu_rate,minikube,redis-cart-6899b65948-ms767,boutique,/kubepods/burstable/podd425db0f-53f9-4bec-9ee1-49e4ced03bb6,1780916820,0.0020000647944894085
cpu_rate,minikube,chaos-controller-manager-659785674d-wbwg8,chaos-testing,/kubepods/burstable/podd7abbfc2-2af5-4b28-b438-3ebef4bafcce,1780916820,0.0004198604288575083
cpu_rate,minikube,paymentservice-6b76dfb449-n8mm2,boutique,/kubepods/burstable/podd9986049-5066-4a99-a156-0bc7b2391961,1780916820,0.0006335032259965338
cpu_rate,minikube,checkoutservice-75b9cd684f-vzdsz,boutique,/kubepods/burstable/pod5827d8c7-6a98-4352-9825-164648474ddc,1780916820,0.0008738539314073641
cpu_rate,minikube,frontend-694b9f76cd-z2pk6,boutique,/kubepods/burstable/podcf6049c2-3667-4622-87ba-b06efa553d48,1780916820,0.01407748490199919
cpu_rate,minikube,productcatalogservice-fb49fc9cc-wptz6,boutique,/kubepods/burstable/pode9d4586d-6739-497d-ae8d-4fd70972eea8,1780916820,0.00658639586709876
cpu_rate,minikube,loadgenerator-7694cd65db-bdz8c,boutique,/kubepods/burstable/pod38d6ef8e-d456-4bd4-95a0-ea6760631a9d,1780916820,0.0029405731790630436
memory_working_set,minikube,kube-proxy-fshvh,kube-system,/kubepods/besteffort/pod2f4efb93-ee48-4c37-b1e1-6f2e54a917c7,1780916820,39665664.0
memory_working_set,minikube,monitoring-kube-state-metrics-868694bc4b-689cm,monitoring,/kubepods/besteffort/pod59c52cc8-67e3-4946-aac6-7ff0ef74285f,1780916820,38465536.0
memory_working_set,minikube,prometheus-monitoring-kube-prometheus-prometheus-0,monitoring,/kubepods/besteffort/pod6bff50b8-f988-4ff2-a8c1-8f95f2c25189,1780916820,300552192.0
memory_working_set,minikube,storage-provisioner,kube-system,/kubepods/besteffort/pod9bffcac8-a0cd-49a4-ad59-cdbf60a579cb,1780916820,20856832.0
memory_working_set,minikube,monitoring-grafana-6f66955c48-hlrcn,monitoring,/kubepods/besteffort/pod9d3fe3f0-8989-47b4-8478-0ae7be66df8d,1780916820,407494656.0
memory_working_set,minikube,chaos-daemon-n6ghj,chaos-testing,/kubepods/besteffort/poda051be83-a7cd-43e4-83d3-76f3c90e8474,1780916820,19619840.0
memory_working_set,minikube,monitoring-kube-prometheus-operator-556b56cc6d-n6dg9,monitoring,/kubepods/besteffort/podc8122519-a592-495f-9353-00a2f23fdf80,1780916820,40820736.0
memory_working_set,minikube,monitoring-prometheus-node-exporter-pdw8p,monitoring,/kubepods/besteffort/podd35abb3b-34f0-40fa-af55-3ab246fc64c8,1780916820,19906560.0
memory_working_set,minikube,kube-scheduler-minikube,kube-system,/kubepods/burstable/pod1c7123a121598343200ffd5b015ca580,1780916820,41496576.0
memory_working_set,minikube,shippingservice-55656785c7-lk4mx,boutique,/kubepods/burstable/pod1df51271-c9ea-47fa-8fb2-cf15bbc7c216,1780916820,15122432.0
memory_working_set,minikube,chaos-controller-manager-659785674d-29q42,chaos-testing,/kubepods/burstable/pod21ab858c-cee8-438c-8682-c786dc3dc044,1780916820,29605888.0
memory_working_set,minikube,chaos-controller-manager-659785674d-fjb2r,chaos-testing,/kubepods/burstable/pod2569141a-4d05-422e-bcf2-2f01e2f5056d,1780916820,36438016.0
memory_working_set,minikube,coredns-7d764666f9-hxxb8,kube-system,/kubepods/burstable/pod596c18fb-891c-4e87-9b11-83d99dd6d264,1780916820,38588416.0
memory_working_set,minikube,recommendationservice-6f8f67d69-fhrns,boutique,/kubepods/burstable/pod5ded7b1a-44d9-4178-8596-57a9e25f6171,1780916820,58048512.0
memory_working_set,minikube,etcd-minikube,kube-system,/kubepods/burstable/pod5ff8e3b06bbaa8cb7ebc2bf531e48a2f,1780916820,88088576.0
memory_working_set,minikube,emailservice-7466dc585-sv4wh,boutique,/kubepods/burstable/pod6116940a-da83-4761-97dc-892a207b789e,1780916820,53137408.0
memory_working_set,minikube,cartservice-546c548494-cb4lb,boutique,/kubepods/burstable/pod6ec732c5-cf34-4e25-a3ce-ff4b44ce8d19,1780916820,72294400.0
memory_working_set,minikube,kube-controller-manager-minikube,kube-system,/kubepods/burstable/pod740363cf4388c2d0df59fc97f96b889c,1780916820,96337920.0
memory_working_set,minikube,chaos-dashboard-5b77585c6c-zm7f4,chaos-testing,/kubepods/burstable/pod7d3e8284-7c72-4577-a8fb-79d957f69104,1780916820,48754688.0
memory_working_set,minikube,chaos-dns-server-6bccb5bb76-gscmn,chaos-testing,/kubepods/burstable/pod8a82a436-ef3f-4750-8f39-dbfde680d0b8,1780916820,28356608.0
memory_working_set,minikube,coredns-7d764666f9-gmlgd,kube-system,/kubepods/burstable/pod9289fad3-6e91-4617-b97d-6da4631c2f35,1780916820,31875072.0
memory_working_set,minikube,adservice-8576649cff-5bvst,boutique,/kubepods/burstable/pod9d685cd3-17df-43af-a26e-7743c006902d,1780916820,112992256.0
memory_working_set,minikube,kube-apiserver-minikube,kube-system,/kubepods/burstable/poda6dc00f40d27725f15407f95751ce5f7,1780916820,542420992.0
memory_working_set,minikube,alertmanager-monitoring-kube-prometheus-alertmanager-0,monitoring,/kubepods/burstable/podb5fde93f-2f9a-427f-aa16-8a257f179975,1780916820,53428224.0
memory_working_set,minikube,currencyservice-fd8f5dfb7-js8gr,boutique,/kubepods/burstable/podc827ec2d-8a9d-4e1c-8017-62c3901eccb4,1780916820,78712832.0
memory_working_set,minikube,redis-cart-6899b65948-ms767,boutique,/kubepods/burstable/podd425db0f-53f9-4bec-9ee1-49e4ced03bb6,1780916820,14041088.0
memory_working_set,minikube,chaos-controller-manager-659785674d-wbwg8,chaos-testing,/kubepods/burstable/podd7abbfc2-2af5-4b28-b438-3ebef4bafcce,1780916820,27725824.0
memory_working_set,minikube,paymentservice-6b76dfb449-n8mm2,boutique,/kubepods/burstable/podd9986049-5066-4a99-a156-0bc7b2391961,1780916820,51748864.0
memory_working_set,minikube,checkoutservice-75b9cd684f-vzdsz,boutique,/kubepods/burstable/pod5827d8c7-6a98-4352-9825-164648474ddc,1780916820,17743872.0
memory_working_set,minikube,frontend-694b9f76cd-z2pk6,boutique,/kubepods/burstable/podcf6049c2-3667-4622-87ba-b06efa553d48,1780916820,23281664.0
memory_working_set,minikube,productcatalogservice-fb49fc9cc-wptz6,boutique,/kubepods/burstable/pode9d4586d-6739-497d-ae8d-4fd70972eea8,1780916820,18800640.0
memory_working_set,minikube,loadgenerator-7694cd65db-bdz8c,boutique,/kubepods/burstable/pod38d6ef8e-d456-4bd4-95a0-ea6760631a9d,1780916820,75255808.0
cpu_rate,minikube,kube-proxy-fshvh,kube-system,/kubepods/besteffort/pod2f4efb93-ee48-4c37-b1e1-6f2e54a917c7,1780916849,0.0004253972143936272
cpu_rate,minikube,monitoring-kube-state-metrics-868694bc4b-689cm,monitoring,/kubepods/besteffort/pod59c52cc8-67e3-4946-aac6-7ff0ef74285f,1780916849,0.0008264202367771073
cpu_rate,minikube,prometheus-monitoring-kube-prometheus-prometheus-0,monitoring,/kubepods/besteffort/pod6bff50b8-f988-4ff2-a8c1-8f95f2c25189,1780916849,0.012209814517306813
cpu_rate,minikube,storage-provisioner,kube-system,/kubepods/besteffort/pod9bffcac8-a0cd-49a4-ad59-cdbf60a579cb,1780916849,0.0016579671876119156
cpu_rate,minikube,monitoring-grafana-6f66955c48-hlrcn,monitoring,/kubepods/besteffort/pod9d3fe3f0-8989-47b4-8478-0ae7be66df8d,1780916849,0.009812245415475061
cpu_rate,minikube,chaos-daemon-n6ghj,chaos-testing,/kubepods/besteffort/poda051be83-a7cd-43e4-83d3-76f3c90e8474,1780916849,2.794724451805369e-05
cpu_rate,minikube,monitoring-kube-prometheus-operator-556b56cc6d-n6dg9,monitoring,/kubepods/besteffort/podc8122519-a592-495f-9353-00a2f23fdf80,1780916849,0.0028966372712481508
cpu_rate,minikube,monitoring-prometheus-node-exporter-pdw8p,monitoring,/kubepods/besteffort/podd35abb3b-34f0-40fa-af55-3ab246fc64c8,1780916849,0.0013806547393902466
cpu_rate,minikube,kube-scheduler-minikube,kube-system,/kubepods/burstable/pod1c7123a121598343200ffd5b015ca580,1780916849,0.005278182370457746
cpu_rate,minikube,shippingservice-55656785c7-lk4mx,boutique,/kubepods/burstable/pod1df51271-c9ea-47fa-8fb2-cf15bbc7c216,1780916849,0.0011165059294903801
cpu_rate,minikube,chaos-controller-manager-659785674d-29q42,chaos-testing,/kubepods/burstable/pod21ab858c-cee8-438c-8682-c786dc3dc044,1780916849,0.000437837602790599
cpu_rate,minikube,chaos-controller-manager-659785674d-fjb2r,chaos-testing,/kubepods/burstable/pod2569141a-4d05-422e-bcf2-2f01e2f5056d,1780916849,0.005624711784235523
cpu_rate,minikube,coredns-7d764666f9-hxxb8,kube-system,/kubepods/burstable/pod596c18fb-891c-4e87-9b11-83d99dd6d264,1780916849,0.0021725205567550377
cpu_rate,minikube,recommendationservice-6f8f67d69-fhrns,boutique,/kubepods/burstable/pod5ded7b1a-44d9-4178-8596-57a9e25f6171,1780916849,0.006062179965153954
cpu_rate,minikube,etcd-minikube,kube-system,/kubepods/burstable/pod5ff8e3b06bbaa8cb7ebc2bf531e48a2f,1780916849,0.029503462857680393
cpu_rate,minikube,emailservice-7466dc585-sv4wh,boutique,/kubepods/burstable/pod6116940a-da83-4761-97dc-892a207b789e,1780916849,0.0015901885386899995
cpu_rate,minikube,cartservice-546c548494-cb4lb,boutique,/kubepods/burstable/pod6ec732c5-cf34-4e25-a3ce-ff4b44ce8d19,1780916849,0.004775582398619537
cpu_rate,minikube,kube-controller-manager-minikube,kube-system,/kubepods/burstable/pod740363cf4388c2d0df59fc97f96b889c,1780916849,0.01483984693974445
cpu_rate,minikube,chaos-dashboard-5b77585c6c-zm7f4,chaos-testing,/kubepods/burstable/pod7d3e8284-7c72-4577-a8fb-79d957f69104,1780916849,0.0021022032462704983
cpu_rate,minikube,chaos-dns-server-6bccb5bb76-gscmn,chaos-testing,/kubepods/burstable/pod8a82a436-ef3f-4750-8f39-dbfde680d0b8,1780916849,0.002512885695864419
cpu_rate,minikube,coredns-7d764666f9-gmlgd,kube-system,/kubepods/burstable/pod9289fad3-6e91-4617-b97d-6da4631c2f35,1780916849,0.0021085063013322972
cpu_rate,minikube,adservice-8576649cff-5bvst,boutique,/kubepods/burstable/pod9d685cd3-17df-43af-a26e-7743c006902d,1780916849,0.0013803322095002869
cpu_rate,minikube,kube-apiserver-minikube,kube-system,/kubepods/burstable/poda6dc00f40d27725f15407f95751ce5f7,1780916849,0.06591262717543427
cpu_rate,minikube,alertmanager-monitoring-kube-prometheus-alertmanager-0,monitoring,/kubepods/burstable/podb5fde93f-2f9a-427f-aa16-8a257f179975,1780916849,0.0006126743120229582
cpu_rate,minikube,currencyservice-fd8f5dfb7-js8gr,boutique,/kubepods/burstable/podc827ec2d-8a9d-4e1c-8017-62c3901eccb4,1780916849,0.007904286270412026
cpu_rate,minikube,redis-cart-6899b65948-ms767,boutique,/kubepods/burstable/podd425db0f-53f9-4bec-9ee1-49e4ced03bb6,1780916849,0.0020041072522686046
cpu_rate,minikube,chaos-controller-manager-659785674d-wbwg8,chaos-testing,/kubepods/burstable/podd7abbfc2-2af5-4b28-b438-3ebef4bafcce,1780916849,0.000581304930875136
cpu_rate,minikube,paymentservice-6b76dfb449-n8mm2,boutique,/kubepods/burstable/podd9986049-5066-4a99-a156-0bc7b2391961,1780916849,0.0006280458173480444
cpu_rate,minikube,checkoutservice-75b9cd684f-vzdsz,boutique,/kubepods/burstable/pod5827d8c7-6a98-4352-9825-164648474ddc,1780916849,0.0009686472110088406
cpu_rate,minikube,frontend-694b9f76cd-z2pk6,boutique,/kubepods/burstable/podcf6049c2-3667-4622-87ba-b06efa553d48,1780916849,0.013875037148737996
cpu_rate,minikube,productcatalogservice-fb49fc9cc-wptz6,boutique,/kubepods/burstable/pode9d4586d-6739-497d-ae8d-4fd70972eea8,1780916849,0.006274933431023091
cpu_rate,minikube,loadgenerator-7694cd65db-bdz8c,boutique,/kubepods/burstable/pod38d6ef8e-d456-4bd4-95a0-ea6760631a9d,1780916849,0.00337070210070417
memory_working_set,minikube,kube-proxy-fshvh,kube-system,/kubepods/besteffort/pod2f4efb93-ee48-4c37-b1e1-6f2e54a917c7,1780916849,39665664.0
memory_working_set,minikube,monitoring-kube-state-metrics-868694bc4b-689cm,monitoring,/kubepods/besteffort/pod59c52cc8-67e3-4946-aac6-7ff0ef74285f,1780916849,38465536.0
memory_working_set,minikube,prometheus-monitoring-kube-prometheus-prometheus-0,monitoring,/kubepods/besteffort/pod6bff50b8-f988-4ff2-a8c1-8f95f2c25189,1780916849,300818432.0
memory_working_set,minikube,storage-provisioner,kube-system,/kubepods/besteffort/pod9bffcac8-a0cd-49a4-ad59-cdbf60a579cb,1780916849,20836352.0
memory_working_set,minikube,monitoring-grafana-6f66955c48-hlrcn,monitoring,/kubepods/besteffort/pod9d3fe3f0-8989-47b4-8478-0ae7be66df8d,1780916849,407494656.0
memory_working_set,minikube,chaos-daemon-n6ghj,chaos-testing,/kubepods/besteffort/poda051be83-a7cd-43e4-83d3-76f3c90e8474,1780916849,19619840.0
memory_working_set,minikube,monitoring-kube-prometheus-operator-556b56cc6d-n6dg9,monitoring,/kubepods/besteffort/podc8122519-a592-495f-9353-00a2f23fdf80,1780916849,40984576.0
memory_working_set,minikube,monitoring-prometheus-node-exporter-pdw8p,monitoring,/kubepods/besteffort/podd35abb3b-34f0-40fa-af55-3ab246fc64c8,1780916849,20619264.0
memory_working_set,minikube,kube-scheduler-minikube,kube-system,/kubepods/burstable/pod1c7123a121598343200ffd5b015ca580,1780916849,41238528.0
memory_working_set,minikube,shippingservice-55656785c7-lk4mx,boutique,/kubepods/burstable/pod1df51271-c9ea-47fa-8fb2-cf15bbc7c216,1780916849,15130624.0
memory_working_set,minikube,chaos-controller-manager-659785674d-29q42,chaos-testing,/kubepods/burstable/pod21ab858c-cee8-438c-8682-c786dc3dc044,1780916849,29601792.0
memory_working_set,minikube,chaos-controller-manager-659785674d-fjb2r,chaos-testing,/kubepods/burstable/pod2569141a-4d05-422e-bcf2-2f01e2f5056d,1780916849,36438016.0
memory_working_set,minikube,coredns-7d764666f9-hxxb8,kube-system,/kubepods/burstable/pod596c18fb-891c-4e87-9b11-83d99dd6d264,1780916849,38670336.0
memory_working_set,minikube,recommendationservice-6f8f67d69-fhrns,boutique,/kubepods/burstable/pod5ded7b1a-44d9-4178-8596-57a9e25f6171,1780916849,58314752.0
memory_working_set,minikube,etcd-minikube,kube-system,/kubepods/burstable/pod5ff8e3b06bbaa8cb7ebc2bf531e48a2f,1780916849,95752192.0
memory_working_set,minikube,emailservice-7466dc585-sv4wh,boutique,/kubepods/burstable/pod6116940a-da83-4761-97dc-892a207b789e,1780916849,53137408.0
memory_working_set,minikube,cartservice-546c548494-cb4lb,boutique,/kubepods/burstable/pod6ec732c5-cf34-4e25-a3ce-ff4b44ce8d19,1780916849,71995392.0
memory_working_set,minikube,kube-controller-manager-minikube,kube-system,/kubepods/burstable/pod740363cf4388c2d0df59fc97f96b889c,1780916849,96337920.0
memory_working_set,minikube,chaos-dashboard-5b77585c6c-zm7f4,chaos-testing,/kubepods/burstable/pod7d3e8284-7c72-4577-a8fb-79d957f69104,1780916849,48750592.0
memory_working_set,minikube,chaos-dns-server-6bccb5bb76-gscmn,chaos-testing,/kubepods/burstable/pod8a82a436-ef3f-4750-8f39-dbfde680d0b8,1780916849,28352512.0
memory_working_set,minikube,coredns-7d764666f9-gmlgd,kube-system,/kubepods/burstable/pod9289fad3-6e91-4617-b97d-6da4631c2f35,1780916849,31621120.0
memory_working_set,minikube,adservice-8576649cff-5bvst,boutique,/kubepods/burstable/pod9d685cd3-17df-43af-a26e-7743c006902d,1780916849,112726016.0
memory_working_set,minikube,kube-apiserver-minikube,kube-system,/kubepods/burstable/poda6dc00f40d27725f15407f95751ce5f7,1780916849,571822080.0
memory_working_set,minikube,alertmanager-monitoring-kube-prometheus-alertmanager-0,monitoring,/kubepods/burstable/podb5fde93f-2f9a-427f-aa16-8a257f179975,1780916849,53551104.0
memory_working_set,minikube,currencyservice-fd8f5dfb7-js8gr,boutique,/kubepods/burstable/podc827ec2d-8a9d-4e1c-8017-62c3901eccb4,1780916849,79151104.0
memory_working_set,minikube,redis-cart-6899b65948-ms767,boutique,/kubepods/burstable/podd425db0f-53f9-4bec-9ee1-49e4ced03bb6,1780916849,13778944.0
memory_working_set,minikube,chaos-controller-manager-659785674d-wbwg8,chaos-testing,/kubepods/burstable/podd7abbfc2-2af5-4b28-b438-3ebef4bafcce,1780916849,27762688.0
memory_working_set,minikube,paymentservice-6b76dfb449-n8mm2,boutique,/kubepods/burstable/podd9986049-5066-4a99-a156-0bc7b2391961,1780916849,51212288.0
memory_working_set,minikube,checkoutservice-75b9cd684f-vzdsz,boutique,/kubepods/burstable/pod5827d8c7-6a98-4352-9825-164648474ddc,1780916849,17739776.0
memory_working_set,minikube,frontend-694b9f76cd-z2pk6,boutique,/kubepods/burstable/podcf6049c2-3667-4622-87ba-b06efa553d48,1780916849,23429120.0
memory_working_set,minikube,productcatalogservice-fb49fc9cc-wptz6,boutique,/kubepods/burstable/pode9d4586d-6739-497d-ae8d-4fd70972eea8,1780916849,18964480.0
memory_working_set,minikube,loadgenerator-7694cd65db-bdz8c,boutique,/kubepods/burstable/pod38d6ef8e-d456-4bd4-95a0-ea6760631a9d,1780916849,75268096.0
